-- phpMyAdmin SQL Dump
-- version 4.0.10.14
-- http://www.phpmyadmin.net
--
-- Host: localhost
-- Generation Time: May 21, 2017 at 12:22 PM
-- Server version: 5.6.32-78.1
-- PHP Version: 5.6.20

SET SQL_MODE = "NO_AUTO_VALUE_ON_ZERO";
SET time_zone = "+00:00";


/*!40101 SET @OLD_CHARACTER_SET_CLIENT=@@CHARACTER_SET_CLIENT */;
/*!40101 SET @OLD_CHARACTER_SET_RESULTS=@@CHARACTER_SET_RESULTS */;
/*!40101 SET @OLD_COLLATION_CONNECTION=@@COLLATION_CONNECTION */;
/*!40101 SET NAMES utf8 */;

--
-- Database: `tarley_envelheser`
--

DELIMITER $$
--
-- Procedures
--
CREATE DEFINER=`tarley`@`localhost` PROCEDURE `SPInsereCategoriaMedicamento`(
   	IN P_Descricao_Categoria 	  	VARCHAR(100)

    )
BEGIN
        
          DECLARE V_Descricao_Categoria 	VARCHAR(100);
          
          
          SET V_Descricao_Categoria 	    	:= P_Descricao_Categoria;
          
          
          
	  	 INSERT INTO tb_categoria_combo

		(	Des_Categoria
   			
		)

         	 VALUES 
		(	
			V_Descricao_Categoria
			
		);
          
        END$$

CREATE DEFINER=`tarley`@`localhost` PROCEDURE `SPInsereGrupo`(
        IN P_Nome_Grupo 	 VARCHAR(100),
        IN P_Nome_Grupo_Superior VARCHAR(100),
        IN P_Nome_Questionario   VARCHAR(100),
        IN P_Numero_Ordem_Grupo  INT,
	IN P_Ind_Status          boolean		
    )
BEGIN
        
          DECLARE V_Nome_Grupo		VARCHAR(100);
          DECLARE V_Cod_Grupo_Superior 	INT;
          DECLARE V_Cod_Questionario 	INT;
          DECLARE V_Numero_Ordem_Grupo 	INT;
	  DECLARE V_Ind_Status          boolean;
          
          SET V_Nome_Grupo 		:= P_Nome_Grupo;
          SET V_Cod_Grupo_Superior 	:= (SELECT Cod_Grupo FROM tb_grupo WHERE Nom_Grupo = P_Nome_Grupo_Superior);
          SET V_Cod_Questionario 	:= (SELECT Cod_Questionario FROM tb_questionario WHERE Des_Questionario = P_Nome_Questionario);
          SET V_Numero_Ordem_Grupo 	:= P_Numero_Ordem_Grupo;
          SET V_Ind_Status          	:= P_Ind_Status;
          
          
	  	 INSERT INTO tb_grupo

		(	Nom_Grupo,
			Cod_Grupo_Superior,
			Cod_Questionario,
			Num_Ordem_Grupo,
			Ind_Status
		)

         	 VALUES 
		(	
			V_Nome_Grupo,
			V_Cod_Grupo_Superior,
			V_Cod_Questionario,
			V_Numero_Ordem_Grupo,
			V_Ind_Status
		);
          
        END$$

CREATE DEFINER=`tarley`@`localhost` PROCEDURE `SPInsereListaCheckBox`(
   	IN P_Descricao_Item 	  	VARCHAR(50),
	IN P_Descricao_Pergunta	  	VARCHAR(150)

    )
BEGIN
        
          DECLARE V_Descricao_Item 	VARCHAR(50);
          DECLARE V_Cod_Pergunta 	SMALLINT;
          
          SET V_Descricao_Item 	    	:= P_Descricao_Item;
          SET V_Cod_Pergunta   		:= (SELECT Cod_Pergunta FROM tb_pergunta WHERE Des_Pergunta = P_Descricao_Pergunta);
          
          
	  	 INSERT INTO tb_lista_check_box

		(	Des_Item_Check,
			Cod_Pergunta
   			
		)

         	 VALUES 
		(	
			V_Descricao_Item,
			V_Cod_Pergunta
			
		);
          
        END$$

CREATE DEFINER=`tarley`@`localhost` PROCEDURE `SPInsereListaCombo`(
   	IN P_Descricao_Item 	  	VARCHAR(50),
	IN P_Descricao_Pergunta	  	VARCHAR(150)

    )
BEGIN
        
          DECLARE V_Descricao_Item 	VARCHAR(50);
          DECLARE V_Cod_Pergunta 	SMALLINT;
          
          SET V_Descricao_Item 	    	:= P_Descricao_Item;
          SET V_Cod_Pergunta   		:= (SELECT Cod_Pergunta FROM tb_pergunta WHERE Des_Pergunta = P_Descricao_Pergunta);
          
          
	  	 INSERT INTO tb_lista_combo_box

		(	Des_Item_Combo,
			Cod_Pergunta
   			
		)

         	 VALUES 
		(	
			V_Descricao_Item,
			V_Cod_Pergunta
			
		);
          
        END$$

CREATE DEFINER=`tarley`@`localhost` PROCEDURE `SPInsereListaRadio`(
   	IN P_Descricao_Item 	  	VARCHAR(50),
	IN P_Descricao_Pergunta	  	VARCHAR(150)

    )
BEGIN
        
          DECLARE V_Descricao_Item 	VARCHAR(50);
          DECLARE V_Cod_Pergunta 	SMALLINT;
          
          SET V_Descricao_Item 	    	:= P_Descricao_Item;
          SET V_Cod_Pergunta   		:= (SELECT Cod_Pergunta FROM tb_pergunta WHERE Des_Pergunta = P_Descricao_Pergunta);
          
          
	  	 INSERT INTO tb_lista_radio

		(	Des_Item_Radio,
			Cod_Pergunta
   			
		)

         	 VALUES 
		(	
			V_Descricao_Item,
			V_Cod_Pergunta
			
		);
          
        END$$

CREATE DEFINER=`tarley`@`localhost` PROCEDURE `SPInsereMedicamento`(
   	IN P_Nome_Medicamento 	  	VARCHAR(100),
   	IN P_Des_Pergunta    	  	VARCHAR(150),
	IN P_Nome_Categoria_Medicamento VARCHAR(100)

    )
BEGIN
        
          DECLARE V_Nome_Medicamento 	 	VARCHAR(100);
          DECLARE V_Cod_Pergunta    	 	SMALLINT;
	  DECLARE V_Cod_Categoria_Medicamento   INT;
          
          
          SET V_Nome_Medicamento 	    := P_Nome_Medicamento;
          SET V_Cod_Pergunta    	    := (SELECT Cod_Pergunta FROM tb_pergunta WHERE Des_Pergunta = P_Des_Pergunta );
	  SET V_Cod_Categoria_Medicamento   := (SELECT Cod_Categoria_Combo FROM tb_categoria_combo WHERE Des_Categoria = P_Nome_Categoria_Medicamento );
          
          
          
	  	 INSERT INTO tb_lista_multi_combo

		(	Des_Item_Multi_Combo,
   			Cod_Pergunta,
			Cod_Categoria_Combo
   			
		)

         	 VALUES 
		(	
			V_Nome_Medicamento,
			V_Cod_Pergunta,
			V_Cod_Categoria_Medicamento
			
		);
          
        END$$

CREATE DEFINER=`tarley`@`localhost` PROCEDURE `SPInserePergunta`(
   	IN P_Nome_Grupo 	  VARCHAR(100),
   	IN P_Cod_Tipo_Pergunta    TINYINT,
	IN P_Num_Ordem_Pergunta   INT,
   	IN P_Des_Pergunta         VARCHAR(150)
   	

    )
BEGIN
        
          DECLARE V_Cod_Grupo            INT;
          DECLARE V_Cod_Tipo_Pergunta    TINYINT;
	  DECLARE V_Num_Ordem_Pergunta   INT;
          DECLARE V_Des_Pergunta         VARCHAR(150);
          
          
          SET V_Cod_Grupo 	     := (SELECT Cod_Grupo FROM tb_grupo WHERE Nom_Grupo = P_Nome_Grupo );
          SET V_Cod_Tipo_Pergunta    := P_Cod_Tipo_Pergunta;
	  SET V_Num_Ordem_Pergunta   := P_Num_Ordem_Pergunta;
          SET V_Des_Pergunta         := P_Des_Pergunta;
          
          
          
	  	 INSERT INTO tb_pergunta

		(	Cod_Grupo,
   			Cod_Tipo_Pergunta,
			Num_Ordem_Pergunta,
   			Des_Pergunta
   			
		)

         	 VALUES 
		(	
			V_Cod_Grupo,
			V_Cod_Tipo_Pergunta,
			V_Num_Ordem_Pergunta,
			V_Des_Pergunta
			
		);
          
        END$$

CREATE DEFINER=`tarley`@`localhost` PROCEDURE `SPInsereTipoPergunta`(
        IN  P_Pergunta_Aberta  		bool,
        IN  P_Pergunta_SimNao  		bool,
        IN  P_Pergunta_Qual    		bool,
        IN  P_Pergunta_Quando  		bool,
        IN  P_Pergunta_Outros  		bool,
        IN  P_Pergunta_Cite    		bool,
        IN  P_Pergunta_Observacao 	bool,
        IN  P_Pergunta_ComboBox 	bool,
        IN  P_Pergunta_Radio   		bool,
        IN  P_Pergunta_CheckBox 	bool,
	IN  P_Pergunta_MultiCombo 	bool,
	IN  P_Des_Tipo_Pergunta 	VARCHAR(100)
    )
BEGIN
        
            DECLARE  V_Pergunta_Aberta  	bool;
            DECLARE  V_Pergunta_SimNao  	bool;
            DECLARE  V_Pergunta_Qual    	bool;
            DECLARE  V_Pergunta_Quando  	bool;
            DECLARE  V_Pergunta_Outros  	bool;
            DECLARE  V_Pergunta_Cite    	bool;
            DECLARE  V_Pergunta_Observacao 	bool;
            DECLARE  V_Pergunta_ComboBox 	bool;
            DECLARE  V_Pergunta_Radio   	bool;
            DECLARE  V_Pergunta_CheckBox 	bool;
	    DECLARE  V_Pergunta_MultiCombo 	bool;
	    DECLARE  V_Des_Tipo_Pergunta 	VARCHAR(100);
          
            SET  V_Pergunta_Aberta     := P_Pergunta_Aberta;
            SET  V_Pergunta_SimNao     := P_Pergunta_SimNao;
            SET  V_Pergunta_Qual       := P_Pergunta_Qual;
            SET  V_Pergunta_Quando     := P_Pergunta_Quando;
            SET  V_Pergunta_Outros     := P_Pergunta_Outros;
            SET  V_Pergunta_Cite       := P_Pergunta_Cite;
            SET  V_Pergunta_Observacao := P_Pergunta_Observacao;
            SET  V_Pergunta_ComboBox   := P_Pergunta_ComboBox;
            SET  V_Pergunta_Radio      := P_Pergunta_Radio;
            SET  V_Pergunta_CheckBox   := P_Pergunta_CheckBox;
	    SET  V_Pergunta_MultiCombo := P_Pergunta_MultiCombo;
	    SET  V_Des_Tipo_Pergunta   := P_Des_Tipo_Pergunta;
          
          
	  	 INSERT INTO tb_tipo_pergunta

		(	Ind_Pergunta_Aberta,
   			Ind_Pergunta_SimNao,
   			Ind_Pergunta_Qual,
   			Ind_Pergunta_Quando,
   			Ind_Pergunta_Outros,
   			Ind_Pergunta_Cite,
   			Ind_Pergunta_Observacao,
   			ind_Pergunta_ComboBox,
  			Ind_Pergunta_Radio,
   			Ind_Pergunta_CheckBox,
			Ind_Pergunta_Multi_Combo,
			Des_Tipo_Perguntas
		)

         	 VALUES 
		(	
			V_Pergunta_Aberta,   
			V_Pergunta_SimNao,
			V_Pergunta_Qual,
			V_Pergunta_Quando,
			V_Pergunta_Outros,
			V_Pergunta_Cite, 
			V_Pergunta_Observacao,
			V_Pergunta_ComboBox,
			V_Pergunta_Radio,
			V_Pergunta_CheckBox,
			V_Pergunta_MultiCombo,
	    		V_Des_Tipo_Pergunta
		);
          
        END$$

DELIMITER ;

-- --------------------------------------------------------

--
-- Table structure for table `tb_avaliador`
--

CREATE TABLE IF NOT EXISTS `tb_avaliador` (
  `Cod_Avaliador` int(11) NOT NULL AUTO_INCREMENT,
  `Nom_Avaliador` varchar(100) COLLATE utf8_unicode_ci NOT NULL,
  `Cod_Especialidade` int(11) DEFAULT NULL,
  `Cod_Acesso` int(11) DEFAULT NULL,
  `Des_Email` varchar(100) COLLATE utf8_unicode_ci DEFAULT NULL,
  `Des_Login` varchar(100) COLLATE utf8_unicode_ci DEFAULT NULL,
  `Des_Senha` varchar(200) COLLATE utf8_unicode_ci DEFAULT NULL,
  PRIMARY KEY (`Cod_Avaliador`),
  KEY `FK_FK_Acesso_Avaliador` (`Cod_Acesso`),
  KEY `FK_FK_Especialidade_Avaliador` (`Cod_Especialidade`)
) ENGINE=MyISAM  DEFAULT CHARSET=utf8 COLLATE=utf8_unicode_ci AUTO_INCREMENT=23 ;

--
-- Dumping data for table `tb_avaliador`
--

INSERT INTO `tb_avaliador` (`Cod_Avaliador`, `Nom_Avaliador`, `Cod_Especialidade`, `Cod_Acesso`, `Des_Email`, `Des_Login`, `Des_Senha`) VALUES
(1, 'Tarley - teste', 4, 1, 'tarley.lana@gmail.com', 'admin', '202cb962ac59075b964b07152d234b70'),
(15, 'Kely Barbosa', 4, NULL, 'kelyda@hotmail.com', 'kely', 'f477e7bddbee88b03094f1225c53253b'),
(10, 'Valquiria Fernandes', 4, 1, 'fernande@gmail.com', 'valquiria', '202cb962ac59075b964b07152d234b70'),
(14, 'Lorrany Timóteo', 2, NULL, 'lorrany@hotmail.com', 'lorranytimoteo', 'e1c343e064fbe756f41e469e4b857e25'),
(13, 'Luzianma', 2, NULL, 'lunagem@hotmail.com', 'luzianma ', 'f699e5ad79f96749c03acda901d6cf53'),
(12, 'Luzianma Ledro', 2, NULL, 'luna@hotmail.com', 'luzianma ', 'f699e5ad79f96749c03acda901d6cf53'),
(11, 'Izabelle', 2, NULL, 'izabelle@hotmail.com', 'Izabelle', 'b3dd2a02d9676f15eae3f1e82aceebfc'),
(16, 'Geisiane - base teste', 1, NULL, 'geis@yhaoo.com.br', 'geisiane', 'a431fa99430904132be783f2b2c8a732'),
(17, 'Gisiane P', 0, NULL, 'gi@hotmail.com', 'Gi', '50a497a5246211d8f10e595bb533b658'),
(18, 'Darkiane', 0, NULL, 'darkiane@yahoo.com.br', 'darkiane', '248024541dbda1d3fd75fe49d1a4df4d'),
(19, 'YARA M', 0, NULL, 'yaramo@hotmail.com', 'YARA MENDES', 'a9524cdbd6f5c34ed5493864fca9b89c'),
(20, 'YARA MENDES', 0, NULL, 'yara@hotmail.com', 'YARA MENDES', 'a9524cdbd6f5c34ed5493864fca9b89c'),
(21, 'Francelino Alves', 0, NULL, 'francelinoalves@gmail.com', 'Francelino Alves', '8625af362985c33b7525678f3536b1b1'),
(22, 'Lívia', 1, NULL, 'livia@yahoo.com.br', 'Lívia', '46c0e0d3e2b148fa1396404606cffb9d');

-- --------------------------------------------------------

--
-- Table structure for table `tb_categoria_combo`
--

CREATE TABLE IF NOT EXISTS `tb_categoria_combo` (
  `Cod_Categoria_Combo` int(11) NOT NULL AUTO_INCREMENT,
  `Des_Categoria` varchar(100) COLLATE utf8_unicode_ci NOT NULL,
  PRIMARY KEY (`Cod_Categoria_Combo`)
) ENGINE=MyISAM  DEFAULT CHARSET=utf8 COLLATE=utf8_unicode_ci AUTO_INCREMENT=11 ;

--
-- Dumping data for table `tb_categoria_combo`
--

INSERT INTO `tb_categoria_combo` (`Cod_Categoria_Combo`, `Des_Categoria`) VALUES
(1, 'Anti-Hipertensivos'),
(2, 'Hipoglicimiantes'),
(3, 'Cardiotônicos'),
(4, 'Ansiolíticos'),
(5, 'Antidepressivos'),
(6, 'Diuréticos'),
(7, 'Antiagregante Plaquetário'),
(8, 'Hormônio Tireoidiano'),
(9, 'Anticonvulsivantes'),
(10, 'Outros');

-- --------------------------------------------------------

--
-- Table structure for table `tb_cliente`
--

CREATE TABLE IF NOT EXISTS `tb_cliente` (
  `Cod_Cliente` int(11) NOT NULL AUTO_INCREMENT,
  `Nom_Cliente` varchar(200) COLLATE utf8_unicode_ci NOT NULL,
  `Dta_Nascimento` datetime NOT NULL,
  `Num_Rg` varchar(20) COLLATE utf8_unicode_ci DEFAULT NULL,
  `Des_Endereco` varchar(200) COLLATE utf8_unicode_ci NOT NULL,
  `Ind_Sexo` char(1) COLLATE utf8_unicode_ci NOT NULL,
  `Num_Filhos` tinyint(4) NOT NULL,
  `Cod_Cor` tinyint(4) DEFAULT NULL,
  `Cod_Escolaridade` tinyint(4) DEFAULT NULL,
  `Cod_Ocupacao` smallint(6) DEFAULT NULL,
  `Cod_Estado_Civil` tinyint(4) DEFAULT NULL,
  `Cod_Naturalidade` smallint(6) DEFAULT NULL,
  PRIMARY KEY (`Cod_Cliente`),
  KEY `FK_Cor_Cliente` (`Cod_Cor`),
  KEY `FK_Escolaridade_Cliente` (`Cod_Escolaridade`),
  KEY `FK_Estado_Civil_Cliente` (`Cod_Estado_Civil`),
  KEY `FK_Naturalidade_Cliente` (`Cod_Naturalidade`),
  KEY `FK_Ocupacao_Cliente` (`Cod_Ocupacao`)
) ENGINE=MyISAM  DEFAULT CHARSET=utf8 COLLATE=utf8_unicode_ci AUTO_INCREMENT=12 ;

--
-- Dumping data for table `tb_cliente`
--

INSERT INTO `tb_cliente` (`Cod_Cliente`, `Nom_Cliente`, `Dta_Nascimento`, `Num_Rg`, `Des_Endereco`, `Ind_Sexo`, `Num_Filhos`, `Cod_Cor`, `Cod_Escolaridade`, `Cod_Ocupacao`, `Cod_Estado_Civil`, `Cod_Naturalidade`) VALUES
(1, 'Mônica - teste', '1996-09-11 00:00:00', '1155223659', 'Av. Silva Lobo, 1730', 'F', 1, 3, 7, 4, 1, 10),
(2, 'Antônio José', '1950-01-01 00:00:00', '010001322', 'Rua A', 'M', 3, 4, 3, 3, 1, 5),
(3, 'Rafael Werneck', '1985-05-09 00:00:00', '15345716', 'Rua Maria', 'M', 0, 3, 8, 5, 2, 5),
(4, 'Rafael Werneck', '1995-05-02 00:00:00', '1141356841', 'qweqw', 'M', 0, 3, 5, 12, 2, 4),
(5, 'José Aparecido Matos', '1950-05-31 00:00:00', 'M.5.689.903', 'Rua Santa Alexandrina, 373', 'M', 1, 3, 1, 3, 3, 9),
(6, 'jose teste', '2015-12-20 00:00:00', 'mm44444', 'rua joao teste', 'M', 1, 2, 3, 6, 1, 3),
(7, 'José Benedito Ferreira ', '1943-04-05 00:00:00', 'MA-478-190', 'R. Santa Rosa 80 São jorge - BH', 'M', 5, 2, 2, 3, 1, 3),
(8, 'José Benedito Ferreira', '0000-00-00 00:00:00', NULL, 'R. Santa Rosa Nº80 São Jorge ', 'M', 5, 2, 2, 3, 1, 3),
(9, 'Maria Lucia da Silva Marques ', '1932-06-30 00:00:00', 'Mg-4.392.989', 'Alves Pinto Nº411 Grajaú ', 'F', 5, 1, 6, 1, 3, 5),
(10, 'Ermita Cradoso Pereira', '1948-11-29 00:00:00', '', 'Rua Olinda, 146 Bairro: Nova Granada BH/ MG', 'F', 1, 1, 4, 3, 4, 3),
(11, 'Invador', '0000-00-00 00:00:00', 'Invasor', 'Invasor', 'M', 0, 1, 1, NULL, 3, 4);

-- --------------------------------------------------------

--
-- Table structure for table `tb_cor`
--

CREATE TABLE IF NOT EXISTS `tb_cor` (
  `Cod_Cor` tinyint(4) NOT NULL AUTO_INCREMENT,
  `Nom_Cor` varchar(15) COLLATE utf8_unicode_ci DEFAULT NULL,
  PRIMARY KEY (`Cod_Cor`)
) ENGINE=MyISAM  DEFAULT CHARSET=utf8 COLLATE=utf8_unicode_ci AUTO_INCREMENT=6 ;

--
-- Dumping data for table `tb_cor`
--

INSERT INTO `tb_cor` (`Cod_Cor`, `Nom_Cor`) VALUES
(1, 'Negro'),
(2, 'Moreno'),
(3, 'Branco'),
(4, 'Pardo'),
(5, 'Indefinido');

-- --------------------------------------------------------

--
-- Table structure for table `tb_escolaridade`
--

CREATE TABLE IF NOT EXISTS `tb_escolaridade` (
  `Cod_Escolaridade` tinyint(4) NOT NULL AUTO_INCREMENT,
  `Nom_Escolaridade` varchar(100) COLLATE utf8_unicode_ci DEFAULT NULL,
  PRIMARY KEY (`Cod_Escolaridade`)
) ENGINE=MyISAM  DEFAULT CHARSET=utf8 COLLATE=utf8_unicode_ci AUTO_INCREMENT=9 ;

--
-- Dumping data for table `tb_escolaridade`
--

INSERT INTO `tb_escolaridade` (`Cod_Escolaridade`, `Nom_Escolaridade`) VALUES
(1, '2º Ano Primário'),
(2, '6ª Série'),
(3, '3ª Gráu'),
(4, '3ª Primario'),
(5, 'Fundamental Completo'),
(6, 'Fundamental Incompleto'),
(7, 'Superior Completo'),
(8, 'Superior Incompleto');

-- --------------------------------------------------------

--
-- Table structure for table `tb_especialidade`
--

CREATE TABLE IF NOT EXISTS `tb_especialidade` (
  `Cod_Especialidade` int(11) NOT NULL AUTO_INCREMENT,
  `Nom_Especialidade` char(100) COLLATE utf8_unicode_ci NOT NULL,
  PRIMARY KEY (`Cod_Especialidade`)
) ENGINE=MyISAM  DEFAULT CHARSET=utf8 COLLATE=utf8_unicode_ci AUTO_INCREMENT=5 ;

--
-- Dumping data for table `tb_especialidade`
--

INSERT INTO `tb_especialidade` (`Cod_Especialidade`, `Nom_Especialidade`) VALUES
(1, 'Psicologia'),
(2, 'Odontologia'),
(3, 'Fisioterapia'),
(4, 'Enfermagem');

-- --------------------------------------------------------

--
-- Table structure for table `tb_estado_civil`
--

CREATE TABLE IF NOT EXISTS `tb_estado_civil` (
  `Cod_Estado_Civil` tinyint(4) NOT NULL AUTO_INCREMENT,
  `Nom_Estado_Civil` varchar(15) COLLATE utf8_unicode_ci DEFAULT NULL,
  PRIMARY KEY (`Cod_Estado_Civil`)
) ENGINE=MyISAM  DEFAULT CHARSET=utf8 COLLATE=utf8_unicode_ci AUTO_INCREMENT=5 ;

--
-- Dumping data for table `tb_estado_civil`
--

INSERT INTO `tb_estado_civil` (`Cod_Estado_Civil`, `Nom_Estado_Civil`) VALUES
(1, 'Casado'),
(2, 'Solteiro'),
(3, 'Viúvo'),
(4, 'Divorciado');

-- --------------------------------------------------------

--
-- Table structure for table `tb_grupo`
--

CREATE TABLE IF NOT EXISTS `tb_grupo` (
  `Cod_Grupo` tinyint(4) NOT NULL AUTO_INCREMENT,
  `Nom_Grupo` varchar(100) COLLATE utf8_unicode_ci NOT NULL,
  `Cod_Grupo_Superior` tinyint(4) DEFAULT NULL,
  `Cod_Questionario` int(11) DEFAULT NULL,
  `Num_Ordem_Grupo` int(11) DEFAULT NULL,
  `Ind_Status` tinyint(1) DEFAULT NULL,
  PRIMARY KEY (`Cod_Grupo`),
  KEY `FK_Questionario_Grupo` (`Cod_Questionario`),
  KEY `FK_Sub_Grupo_De_Algum_Grupo` (`Cod_Grupo_Superior`)
) ENGINE=MyISAM  DEFAULT CHARSET=utf8 COLLATE=utf8_unicode_ci AUTO_INCREMENT=41 ;

--
-- Dumping data for table `tb_grupo`
--

INSERT INTO `tb_grupo` (`Cod_Grupo`, `Nom_Grupo`, `Cod_Grupo_Superior`, `Cod_Questionario`, `Num_Ordem_Grupo`, `Ind_Status`) VALUES
(1, 'Identificação', NULL, 1, 1, 0),
(2, 'Anamnese', NULL, 1, 1, 1),
(3, 'História Médica Pregressa', 2, 1, 1, 1),
(4, 'Sistema Cardiovascular', 3, 1, 1, 1),
(5, 'Sistema Respiratório', 3, 1, 2, 1),
(6, 'Sistema Digestório', 3, 1, 3, 1),
(7, 'Sistema Geniturinário', 3, 1, 4, 1),
(8, 'Sistema Endócrino', 3, 1, 5, 1),
(9, 'Sistema Nervoso Central', 3, 1, 6, 1),
(10, 'Sistema Sensitivo', 3, 1, 7, 1),
(11, 'Sistema Hematopoético', 3, 1, 8, 1),
(12, 'Sistema Osteomuscular', 3, 1, 9, 1),
(13, 'Histórico de Queda', 2, 1, 2, 1),
(14, 'Histórico Familiar', 2, 1, 3, 1),
(15, 'Histórico Social', 2, 1, 4, 1),
(16, 'Hábitos e Vícios', 2, 1, 5, 1),
(17, 'Tabagismo', 16, 1, 1, 1),
(18, 'Etilismo', 16, 1, 2, 1),
(19, 'Drogas Ilícitas', 16, 1, 3, 1),
(20, 'Outros', 16, 1, 4, 1),
(21, 'Necessidades Psicoespirituais', NULL, 1, 2, 1),
(22, 'Necessidades Psicossociais', NULL, 1, 3, 1),
(23, 'Interação Social', 22, 1, 1, 1),
(24, 'Recreação/Lazer/Criatividade', 22, 1, 2, 1),
(25, 'Necessidades Psicobiológicas', NULL, 1, 4, 1),
(26, 'Cuidado Corporal', 25, 1, 1, 1),
(27, 'Hábito de Sono e Repouso', 25, 1, 2, 1),
(28, 'Exercício', 25, 1, 3, 1),
(29, 'Eliminação Intestinal', 25, 1, 4, 1),
(30, 'Terapêutica', 25, 1, 5, 1),
(31, 'Sexualidade', 25, 1, 6, 1),
(32, 'Exame Físico', NULL, 1, 5, 1),
(33, 'Coong', NULL, 1, 6, 1),
(34, 'Exame Físico Objetivo de coong', NULL, 1, 7, 1),
(35, 'Sistema Respiratório coong', 34, 1, 1, 1),
(36, 'Sistema Cardiovascular coong', 34, 1, 2, 1),
(37, 'Sistema Gastrointestinal', 34, 1, 3, 1),
(38, 'Membros Superiores MMSS', 34, 1, 4, 1),
(39, 'Membros Inferiores MMII', 34, 1, 5, 1),
(40, 'Sistema Geniturinário coong', 34, 1, 6, 1);

-- --------------------------------------------------------

--
-- Table structure for table `tb_imagem`
--

CREATE TABLE IF NOT EXISTS `tb_imagem` (
  `Cod_Imagem` int(11) NOT NULL AUTO_INCREMENT,
  `Num_Prontuario` int(11) DEFAULT NULL,
  `Nom_Imagem` varchar(100) COLLATE utf8_unicode_ci DEFAULT NULL,
  `Des_Imagem` varchar(150) COLLATE utf8_unicode_ci DEFAULT NULL,
  `Dta_Upload` datetime DEFAULT NULL,
  `Des_Diretorio` varchar(255) COLLATE utf8_unicode_ci DEFAULT NULL,
  PRIMARY KEY (`Cod_Imagem`),
  KEY `FK_FK_Prontuario_Imagem` (`Num_Prontuario`)
) ENGINE=MyISAM DEFAULT CHARSET=utf8 COLLATE=utf8_unicode_ci AUTO_INCREMENT=1 ;

-- --------------------------------------------------------

--
-- Table structure for table `tb_lista_check_box`
--

CREATE TABLE IF NOT EXISTS `tb_lista_check_box` (
  `Cod_Item_Check` smallint(6) NOT NULL AUTO_INCREMENT,
  `Des_Item_Check` varchar(50) COLLATE utf8_unicode_ci NOT NULL,
  `Cod_Pergunta` smallint(6) DEFAULT NULL,
  PRIMARY KEY (`Cod_Item_Check`),
  KEY `FK_Pergunta_Check_Box` (`Cod_Pergunta`)
) ENGINE=MyISAM  DEFAULT CHARSET=utf8 COLLATE=utf8_unicode_ci AUTO_INCREMENT=128 ;

--
-- Dumping data for table `tb_lista_check_box`
--

INSERT INTO `tb_lista_check_box` (`Cod_Item_Check`, `Des_Item_Check`, `Cod_Pergunta`) VALUES
(1, 'Ácaros e poeira', 110),
(2, 'Alimentares', 110),
(3, 'Medicamentos', 110),
(4, 'Picada de inseto', 110),
(5, 'Plantas', 110),
(6, 'Varicela', 111),
(7, 'Sarampo', 111),
(8, 'Rubéola', 111),
(9, 'Herpes', 111),
(10, 'Gripe', 111),
(11, 'Conjutivite', 111),
(12, 'Tuberculose', 111),
(13, 'Caxumba', 111),
(14, 'Hepatite', 111),
(15, 'Grupo de idosos', 132),
(16, 'Hidroginástica', 132),
(17, 'Dança', 132),
(18, 'Grupo religioso', 132),
(19, 'Outros', 132),
(20, 'Televisão', 135),
(21, 'Música', 135),
(22, 'Computador', 135),
(23, 'Revistas', 135),
(24, 'Livros', 135),
(25, 'Trabalhos manuais', 135),
(26, 'Jogos', 135),
(27, 'Outros', 135),
(28, 'Insônia', 138),
(29, 'Sonambulismo', 138),
(30, 'Inverte dia com a noite', 138),
(31, 'Medo noturno', 138),
(32, 'Outros', 138),
(33, 'Cor', 155),
(34, 'Aspecto', 155),
(35, 'Textura', 155),
(36, 'Nenhuma Alteração', 155),
(37, 'Cor', 156),
(38, 'Aspecto', 156),
(39, 'Textura', 156),
(40, 'Nenhuma Alteração', 156),
(41, 'Cor', 157),
(42, 'Aspecto', 157),
(43, 'Textura', 157),
(44, 'Nenhuma Alteração', 157),
(45, 'Cor', 158),
(46, 'Aspecto', 158),
(47, 'Textura', 158),
(48, 'Nenhuma Alteração', 158),
(49, 'Cor', 159),
(50, 'Aspecto', 159),
(51, 'Textura', 159),
(52, 'Nenhuma Alteração', 159),
(53, 'Cor', 160),
(54, 'Aspecto', 160),
(55, 'Textura', 160),
(56, 'Nenhuma Alteração', 160),
(57, 'Cor', 161),
(58, 'Aspecto', 161),
(59, 'Textura', 161),
(60, 'Nenhuma Alteração', 161),
(61, 'Cor', 162),
(62, 'Aspecto', 162),
(63, 'Textura', 162),
(64, 'Nenhuma Alteração', 162),
(65, 'Cor', 163),
(66, 'Aspecto', 163),
(67, 'Textura', 163),
(68, 'Nenhuma Alteração', 163),
(69, 'Cor', 164),
(70, 'Aspecto', 164),
(71, 'Textura', 164),
(72, 'Nenhuma Alteração', 164),
(73, 'Cor', 165),
(74, 'Aspecto', 165),
(75, 'Textura', 165),
(76, 'Nenhuma Alteração', 165),
(77, 'Fluida', 166),
(78, 'Viscosa', 166),
(79, 'Quantidade', 166),
(80, 'Hipersalivação', 166),
(81, 'Simétrico', 176),
(82, 'Assimétrico', 176),
(83, 'Expansibilidade Normal', 176),
(84, 'Expansibilidade Diminuída', 176),
(85, 'Presença de Frêmitos', 176),
(86, 'MVF', 177),
(87, 'MVA', 177),
(88, 'Roncos', 177),
(89, 'Síbilos', 177),
(90, 'Crepitação', 177),
(91, 'Estertores', 177),
(92, 'Regular', 178),
(93, 'Irregular', 178),
(94, 'Cheio', 178),
(95, 'Normotenso', 178),
(96, 'Hipotenso', 178),
(97, 'Hipertenso', 178),
(98, 'Regular', 178),
(99, 'BNRNF2T', 179),
(100, 'Plano', 180),
(101, 'Globoso', 180),
(102, 'Normotenso', 180),
(103, 'Flácido à Palpação', 180),
(104, 'Resistente à Palpação', 180),
(105, 'Presença de RHA', 181),
(106, 'Ausência de RHA', 181),
(107, 'Tipânico', 182),
(108, 'Maciço', 182),
(109, 'Submaciço', 182),
(110, 'Endolar', 182),
(111, 'Outros', 182),
(112, 'Sensibilidade e Força Motora Preservada', 183),
(113, 'Presença de Lesões', 183),
(114, 'Paresia', 183),
(115, 'Plegia', 183),
(116, 'Edema', 183),
(117, 'Sensibilidade e Força Motora Preservada', 184),
(118, 'Paresia', 184),
(119, 'Plegia', 184),
(120, 'Edema', 184),
(121, 'Sem Alterações Anatômicas', 185),
(122, 'Micção Espontânea', 185),
(123, 'SVD', 185),
(124, 'Irrigação Vesical', 185),
(125, 'Incontinência', 185),
(126, 'Presença de Anomalia', 185),
(127, 'Lesões nos Órgãos Vesicais', 185);

-- --------------------------------------------------------

--
-- Table structure for table `tb_lista_combo_box`
--

CREATE TABLE IF NOT EXISTS `tb_lista_combo_box` (
  `Cod_Item_Combo` smallint(6) NOT NULL AUTO_INCREMENT,
  `Des_Item_Combo` varchar(50) COLLATE utf8_unicode_ci NOT NULL,
  `Cod_Pergunta` smallint(6) DEFAULT NULL,
  PRIMARY KEY (`Cod_Item_Combo`),
  KEY `FK_Pergunta_ComboBox` (`Cod_Pergunta`)
) ENGINE=MyISAM  DEFAULT CHARSET=utf8 COLLATE=utf8_unicode_ci AUTO_INCREMENT=11 ;

--
-- Dumping data for table `tb_lista_combo_box`
--

INSERT INTO `tb_lista_combo_box` (`Cod_Item_Combo`, `Des_Item_Combo`, `Cod_Pergunta`) VALUES
(1, 'Ativa', 146),
(2, 'Inativa', 146),
(3, 'Perda de libido', 146),
(4, 'Doloroso', 146),
(5, 'Católico', 131),
(6, 'Evangélico', 131),
(7, 'Umbanda', 131),
(8, 'Ateu', 131),
(9, 'Candomblé', 131),
(10, 'Espírita', 131);

-- --------------------------------------------------------

--
-- Table structure for table `tb_lista_multi_combo`
--

CREATE TABLE IF NOT EXISTS `tb_lista_multi_combo` (
  `Cod_Item_Multi_Combo` int(11) NOT NULL AUTO_INCREMENT,
  `Des_Item_Multi_Combo` varchar(100) COLLATE utf8_unicode_ci NOT NULL,
  `Cod_Pergunta` smallint(6) DEFAULT NULL,
  `Cod_Categoria_Combo` int(11) DEFAULT NULL,
  PRIMARY KEY (`Cod_Item_Multi_Combo`),
  KEY `FK_FK_Categoria_Multi_Combo` (`Cod_Categoria_Combo`),
  KEY `FK_FK_Lista_Multi_Combo` (`Cod_Pergunta`)
) ENGINE=MyISAM  DEFAULT CHARSET=utf8 COLLATE=utf8_unicode_ci AUTO_INCREMENT=38 ;

--
-- Dumping data for table `tb_lista_multi_combo`
--

INSERT INTO `tb_lista_multi_combo` (`Cod_Item_Multi_Combo`, `Des_Item_Multi_Combo`, `Cod_Pergunta`, `Cod_Categoria_Combo`) VALUES
(1, 'Captopril 25 mg', 108, 1),
(2, 'Atenolol 25 mg', 108, 1),
(3, 'Losartana 50 mg', 108, 1),
(4, 'Enalapril 10 mg', 108, 1),
(5, 'Propranolol 40 mg', 108, 1),
(6, 'Anlodipino 5 mg', 108, 1),
(7, 'Anlodipino 10 mg', 108, 1),
(8, 'Metformina 500 mg', 108, 2),
(9, 'Metformina 850 mg', 108, 2),
(10, 'Glibenclamida 5 mg', 108, 2),
(11, 'Insulina Humana NPH 100UI/Ml', 108, 2),
(12, 'Insulina Regular', 108, 2),
(13, 'Digoxina 0,25mg', 108, 3),
(14, 'Carvedilol 3,125 mg', 108, 3),
(15, 'Carvedilol 6,25 mg', 108, 3),
(16, 'Carvedilol 12,5 mg', 108, 3),
(17, 'Carvedilol 25 mg', 108, 3),
(18, 'Diazepam 5 mg', 108, 4),
(19, 'Clomipramina 10 mg', 108, 4),
(20, 'Clomipramina 25 mg', 108, 4),
(21, 'Clonazepam 0,5 mg', 108, 4),
(22, 'Clonazepam 2 mg', 108, 4),
(23, 'Bromazepam 3 mg', 108, 4),
(24, 'Bromazepam 6 mg', 108, 4),
(25, 'Amitriptilina 25 mg', 108, 5),
(26, 'Fluoxetina 20 mg', 108, 5),
(27, 'Furosemida 40 mg', 108, 6),
(28, 'Espironolactona 25 mg', 108, 6),
(29, 'Espironolactona 100 mg', 108, 6),
(30, 'Hidroclorotiazida 12,5 mg', 108, 6),
(31, 'Hidroclorotiazida 25 mg', 108, 6),
(32, 'Carbamazepina 200 mg', 108, 7),
(33, 'Clonazepam 2 mg', 108, 7),
(34, 'Ácido Valpróico 250 mg', 108, 7),
(35, 'Levotiroxina (Puran T4)', 108, 8),
(36, 'AAS 100 mg', 108, 9),
(37, 'Outros', 108, 10);

-- --------------------------------------------------------

--
-- Table structure for table `tb_lista_radio`
--

CREATE TABLE IF NOT EXISTS `tb_lista_radio` (
  `Cod_Item_Radio` smallint(6) NOT NULL AUTO_INCREMENT,
  `Des_Item_Radio` varchar(50) COLLATE utf8_unicode_ci NOT NULL,
  `Cod_Pergunta` smallint(6) DEFAULT NULL,
  PRIMARY KEY (`Cod_Item_Radio`),
  KEY `FK_Pergunta_Radio` (`Cod_Pergunta`)
) ENGINE=MyISAM  DEFAULT CHARSET=utf8 COLLATE=utf8_unicode_ci AUTO_INCREMENT=22 ;

--
-- Dumping data for table `tb_lista_radio`
--

INSERT INTO `tb_lista_radio` (`Cod_Item_Radio`, `Des_Item_Radio`, `Cod_Pergunta`) VALUES
(1, 'Atípica', 151),
(2, 'Típica', 151),
(3, 'Ausente', 167),
(4, 'Presente', 167),
(5, 'Classe I', 168),
(6, 'Classe II', 168),
(7, 'Classe III', 168),
(8, 'Normal', 168),
(9, 'Guia Canina', 169),
(10, 'Função em Grupo', 169),
(11, 'Ausente', 169),
(12, 'Presente', 170),
(13, 'Ausente', 170),
(14, 'Presente', 171),
(15, 'Ausente', 171),
(16, 'Sim', 172),
(17, 'Não', 172),
(18, 'Prótese Parcial Removível', 173),
(19, 'Prótese Total Removível', 173),
(20, 'Prótese Parcial Fixa', 173),
(21, 'Prótese Sobre Implantes', 173);

-- --------------------------------------------------------

--
-- Table structure for table `tb_naturalidade`
--

CREATE TABLE IF NOT EXISTS `tb_naturalidade` (
  `Cod_Naturalidade` smallint(6) NOT NULL AUTO_INCREMENT,
  `Nom_Naturalidade` varchar(50) COLLATE utf8_unicode_ci DEFAULT NULL,
  PRIMARY KEY (`Cod_Naturalidade`)
) ENGINE=MyISAM  DEFAULT CHARSET=utf8 COLLATE=utf8_unicode_ci AUTO_INCREMENT=23 ;

--
-- Dumping data for table `tb_naturalidade`
--

INSERT INTO `tb_naturalidade` (`Cod_Naturalidade`, `Nom_Naturalidade`) VALUES
(1, 'Itamanandiba'),
(2, 'São José Jacuri'),
(3, 'Itamuri'),
(4, 'Bom Despacho'),
(5, 'Belo Horizonte'),
(6, 'Divinópolis'),
(7, 'Conselheiro Lafaiete'),
(8, 'Cláudio'),
(9, 'Sabará'),
(10, 'Santa Lúzia'),
(11, 'Carmopolis de Minas'),
(12, 'Alto Rio Doce'),
(13, 'Abaeté'),
(14, 'Brumadinho'),
(15, 'Caeté'),
(16, 'Viçosa'),
(17, 'Virginópolis'),
(18, 'Uberaba'),
(19, 'Uberlândia'),
(20, 'Tiradentes'),
(21, 'Timóteo'),
(22, 'Tiradentes');

-- --------------------------------------------------------

--
-- Table structure for table `tb_nivel_acesso`
--

CREATE TABLE IF NOT EXISTS `tb_nivel_acesso` (
  `Cod_Acesso` int(11) NOT NULL AUTO_INCREMENT,
  `Des_Acesso` varchar(50) COLLATE utf8_unicode_ci DEFAULT NULL,
  PRIMARY KEY (`Cod_Acesso`)
) ENGINE=MyISAM  DEFAULT CHARSET=utf8 COLLATE=utf8_unicode_ci AUTO_INCREMENT=3 ;

--
-- Dumping data for table `tb_nivel_acesso`
--

INSERT INTO `tb_nivel_acesso` (`Cod_Acesso`, `Des_Acesso`) VALUES
(1, 'Administrador'),
(2, 'Comum');

-- --------------------------------------------------------

--
-- Table structure for table `tb_ocupacao`
--

CREATE TABLE IF NOT EXISTS `tb_ocupacao` (
  `Cod_Ocupacao` smallint(6) NOT NULL AUTO_INCREMENT,
  `Nom_Ocupacao` varchar(100) COLLATE utf8_unicode_ci DEFAULT NULL,
  PRIMARY KEY (`Cod_Ocupacao`)
) ENGINE=MyISAM  DEFAULT CHARSET=utf8 COLLATE=utf8_unicode_ci AUTO_INCREMENT=13 ;

--
-- Dumping data for table `tb_ocupacao`
--

INSERT INTO `tb_ocupacao` (`Cod_Ocupacao`, `Nom_Ocupacao`) VALUES
(1, 'Doméstica'),
(2, 'Salgadeiro'),
(3, 'Aposentado'),
(4, 'Análista de Sistemas'),
(5, 'Autônomo'),
(6, 'Desempregado'),
(7, 'Diarista'),
(8, 'Advogado'),
(9, 'Táxista'),
(10, 'Médico'),
(11, 'Estudante'),
(12, 'Programador');

-- --------------------------------------------------------

--
-- Table structure for table `tb_pergunta`
--

CREATE TABLE IF NOT EXISTS `tb_pergunta` (
  `Cod_Pergunta` smallint(6) NOT NULL AUTO_INCREMENT,
  `Cod_Grupo` tinyint(4) DEFAULT NULL,
  `Cod_Tipo_Pergunta` tinyint(4) DEFAULT NULL,
  `Des_Pergunta` varchar(150) COLLATE utf8_unicode_ci NOT NULL,
  `Num_Ordem_Pergunta` int(11) DEFAULT NULL,
  PRIMARY KEY (`Cod_Pergunta`),
  KEY `FK_Grupo_Pergunta` (`Cod_Grupo`),
  KEY `FK_Pergunta_Tipo_Pergunta` (`Cod_Tipo_Pergunta`)
) ENGINE=MyISAM  DEFAULT CHARSET=utf8 COLLATE=utf8_unicode_ci AUTO_INCREMENT=186 ;

--
-- Dumping data for table `tb_pergunta`
--

INSERT INTO `tb_pergunta` (`Cod_Pergunta`, `Cod_Grupo`, `Cod_Tipo_Pergunta`, `Des_Pergunta`, `Num_Ordem_Pergunta`) VALUES
(1, 14, 7, 'Há alguma doença predominante em sua família?', 1),
(2, 14, 1, 'Pais vivos? ', 2),
(3, 14, 3, 'Causa da Morte: ', 3),
(4, 14, 3, 'Número de irmãos? ', 4),
(5, 14, 3, 'Mortos? ', 5),
(6, 14, 3, 'Causa da Morte: ', 6),
(7, 14, 3, 'Número de filhos?', 7),
(8, 14, 3, 'Mortos? ', 8),
(9, 14, 3, 'Causa da Morte: ', 9),
(10, 4, 9, 'Infarto', 1),
(11, 4, 9, 'Insuficiência Cardíaca', 2),
(12, 4, 9, 'Pressão Arterial', 3),
(13, 4, 9, 'Angina', 4),
(14, 4, 9, 'Prótese Valvar', 5),
(15, 4, 9, 'Sopro', 6),
(16, 4, 9, 'Arritmias', 7),
(17, 4, 9, 'Cirurgias Cardíacas', 8),
(18, 4, 9, 'Marca-Passo', 9),
(19, 4, 9, 'Doença de Chagas', 10),
(20, 4, 26, 'Observações Finais', 11),
(21, 5, 9, 'Pneumonia', 1),
(22, 5, 9, 'Asma', 2),
(23, 5, 9, 'Bronquite', 3),
(24, 5, 9, 'Fibrose Cística', 4),
(25, 5, 9, 'Tuberculose', 5),
(26, 5, 9, 'Enfisema', 6),
(27, 5, 9, 'Sinusite', 7),
(28, 5, 9, 'Tosse Crônica', 8),
(29, 5, 9, 'Doença Pulmonar Obstrutiva Crônica', 9),
(30, 5, 26, 'Observações Finais', 10),
(31, 6, 9, 'Azia', 1),
(32, 6, 9, 'Gastrite', 2),
(33, 6, 9, 'Úlcera', 3),
(34, 6, 9, 'Hepatite', 4),
(35, 6, 9, 'Cirrose', 5),
(36, 6, 9, 'Icterícia', 6),
(37, 6, 9, 'Diarréia Persistente', 7),
(38, 6, 9, 'Constipação Intestinal', 8),
(39, 6, 9, 'Refluxo', 9),
(40, 6, 26, 'Observações Finais', 10),
(41, 7, 9, 'Insuficiência Renal', 1),
(42, 7, 9, 'Cálculos Renais', 2),
(43, 7, 9, 'Doenças Sexualmente Transmissíveis', 3),
(44, 7, 9, 'Incontinência Urinária', 4),
(45, 7, 9, 'Infecção De Urina', 5),
(46, 7, 9, 'Realização de Exame Citopatológico', 6),
(47, 7, 9, 'Realização de Mamografia', 7),
(48, 7, 9, 'Realização de Toque Retal', 8),
(49, 7, 26, 'Observações Finais', 9),
(50, 8, 9, 'Diabetes', 1),
(51, 8, 9, 'Distúrbios De Tireoide', 2),
(52, 8, 9, 'Distúrbio Hipofisário', 3),
(53, 8, 9, 'Hipotiroidismo', 4),
(54, 8, 9, 'Hipertiroidismo', 5),
(55, 8, 9, 'Hipoglicemia', 6),
(56, 8, 26, 'Observações Finais', 7),
(57, 9, 9, 'Aneurisma', 1),
(58, 9, 9, 'Demência', 2),
(59, 9, 9, 'Alzheimer', 3),
(60, 9, 9, 'Parkinson', 4),
(61, 9, 9, 'Fobia', 5),
(62, 9, 9, 'Insônia', 6),
(63, 9, 9, 'Convulsôes', 7),
(64, 9, 9, 'Desmaios', 8),
(65, 9, 9, 'Perda de Conciência', 9),
(66, 9, 9, 'Paralisia Cerebral', 10),
(67, 9, 9, 'Trauma Crânio Encefálico', 11),
(68, 9, 9, 'Distúrbios Sensoriais', 12),
(69, 9, 9, 'Epilepsia', 13),
(70, 9, 9, 'Sindrome do Pânico', 14),
(71, 9, 9, 'Acidente Vascular Encefálico', 15),
(72, 9, 9, 'Cefaléia Intensa', 16),
(73, 9, 26, 'Observações Finais', 17),
(74, 10, 9, 'Glaucoma', 1),
(75, 10, 9, 'Conjutivite', 2),
(76, 10, 9, 'Úlcera', 3),
(77, 10, 9, 'Auditivo', 4),
(78, 10, 9, 'Hanseníase', 5),
(79, 10, 9, 'Agnosia', 6),
(80, 10, 9, 'Gustativo', 7),
(81, 10, 26, 'Observações Finais', 8),
(82, 11, 9, 'Anemia', 1),
(83, 11, 9, 'Tranfusões', 2),
(84, 11, 9, 'Sangramento Nasal', 3),
(85, 11, 9, 'Equimoses', 4),
(86, 11, 9, 'Alterações De Coagulação', 5),
(87, 11, 9, 'Suscetibilidade à Infecções', 6),
(88, 11, 9, 'Linfadenopatia', 7),
(89, 11, 9, 'Hemofilia', 8),
(90, 11, 9, 'Leucemia', 9),
(91, 11, 9, 'Anemia Falciforme', 10),
(92, 11, 26, 'Observações Finais', 11),
(93, 12, 9, 'Cirurgias Ortopédicas', 1),
(94, 12, 9, 'Uso de Prótese ', 2),
(95, 12, 9, 'Uso De Órtese', 3),
(96, 12, 9, 'Fibromialgia', 4),
(97, 12, 9, 'Osteoporose', 5),
(98, 12, 9, 'Osteopenia', 6),
(99, 12, 9, 'Osteoartrose', 7),
(100, 12, 9, 'Lombalgia', 8),
(101, 12, 9, 'Hérnia de disco', 9),
(102, 12, 8, 'Quedas', 10),
(103, 12, 8, 'Fraturas', 11),
(104, 12, 26, 'Observações Finais', 12),
(105, 13, 9, 'Quedas Nos Últimos 12 Meses', 1),
(106, 13, 26, 'Observações Finais', 2),
(107, 2, 3, 'Qual a Queixa Principal?', 1),
(108, 2, 11, 'História Medicamentosa', 2),
(109, 2, 3, 'História da Moléstia Atual', 3),
(110, 2, 27, 'Alergias?', 4),
(111, 2, 10, 'Tem ou teve doença infecto-contagiosa?', 5),
(112, 2, 6, 'Já esteve internado ou se submeteu a alguma cirurgia, tratamento com radioterapia e quimioterapia?', 6),
(113, 2, 3, 'Última consulta - Época e motivo', 7),
(114, 2, 7, 'Medicamentos em uso prescrito atual ou nos últimos 6 meses?', 8),
(115, 15, 3, 'Moradia, estrutura da casa, trabalho, alimentação e saneamento:', 1),
(116, 17, 1, 'Tabagismo', 1),
(117, 17, 3, 'Por quanto tempo usou?', 2),
(118, 17, 3, 'Quantidade/Frequência:', 3),
(119, 17, 3, 'Há quanto tempo parou?', 4),
(120, 18, 1, 'Etilismo', 1),
(121, 18, 3, 'Tipo:', 2),
(122, 18, 3, 'Quantidade:', 3),
(123, 18, 3, 'Frequência:', 4),
(124, 18, 3, 'Tempo:', 5),
(125, 19, 1, 'Drogas Ilícitas', 1),
(126, 19, 3, 'Tipo:', 2),
(127, 19, 3, 'Quantidade:', 3),
(128, 19, 3, 'Frequência:', 4),
(129, 19, 3, 'Tempo:', 5),
(130, 20, 3, 'Outros Hábitos e Vícios:', 1),
(131, 21, 15, 'Realiza alguma atividade religiosa-espiritual?', 1),
(132, 23, 22, 'Participação em atividades:', 1),
(133, 23, 17, 'Integração com a família:', 2),
(134, 23, 3, 'Pessoas de maior afinidade:', 3),
(135, 24, 23, 'Recreação/Lazer/Criatividade', 1),
(136, 26, 17, 'Déficit prévio no auto cuidado: Higiene corporal', 1),
(137, 26, 17, 'Déficit prévio no auto cuidado: Higiene oral', 2),
(138, 27, 22, 'Tem dificuldade para dormir?', 1),
(139, 28, 7, 'Exercício', 1),
(140, 29, 3, 'Frequência vezes/dia:', 1),
(141, 29, 3, 'Coloração', 2),
(142, 29, 1, 'Odor', 3),
(143, 29, 1, 'Dor', 4),
(144, 29, 3, 'Quantidade:', 5),
(145, 30, 9, 'Segue orientações prévias relacionadas á saúde?', 1),
(146, 31, 16, 'Dados de interesse clínico', 1),
(147, 32, 3, 'P.A: (mmHg)', 1),
(148, 32, 3, 'Temperatura: (ºc)', 2),
(149, 32, 3, 'Pulso: (bpm)', 3),
(150, 32, 3, 'Respiração: ( IRPM)', 4),
(151, 32, 18, 'Fácies:', 5),
(152, 32, 3, 'IMC:', 6),
(153, 32, 3, 'Peso: (kg)', 7),
(154, 32, 3, 'Altura: (cm)', 8),
(155, 33, 10, 'Alteração de Pele:', 1),
(156, 33, 10, 'Alteração de Linfonodos:', 2),
(157, 33, 10, 'Alteração de ATM:', 3),
(158, 33, 10, 'Alteração de Lábios:', 4),
(159, 33, 10, 'Alteração de Mucosa jugal:', 5),
(160, 33, 10, 'Alteração de Gengiva e mucosa alveolar:', 6),
(161, 33, 10, 'Alteração de Soalho Bucal:', 7),
(162, 33, 10, 'Alteração de Língua:', 8),
(163, 33, 10, 'Alteração de Palato:', 9),
(164, 33, 10, 'Alteração de Orofaringe:', 10),
(165, 33, 10, 'Alteração de Glândulas e ductos salivares:', 11),
(166, 33, 10, 'Alteração de Saliva:', 12),
(167, 33, 25, 'Halitose/Tipo de odor', 13),
(168, 33, 18, 'Classificação de Angle:', 14),
(169, 33, 18, 'Lateralidade:', 15),
(170, 33, 18, 'Mordida Cruzada:', 16),
(171, 33, 18, 'Guia Anterior:', 17),
(172, 33, 1, 'Portador de Aparelho protético ou ortodôntico:', 18),
(173, 33, 18, 'Se Portador de Aparelho protético:', 19),
(174, 33, 3, 'Outros:', 20),
(175, 33, 3, 'Descrição detalhada de alterações:', 21),
(176, 35, 10, 'Tórax:', 1),
(177, 35, 10, 'Auscultura Pulmonar:', 2),
(178, 36, 10, 'Pulsos:', 1),
(179, 36, 10, 'Auscultura Pulmonar.:', 2),
(180, 37, 10, 'Abdome:', 1),
(181, 37, 10, 'Auscultura:', 2),
(182, 37, 10, 'Percussão:', 3),
(183, 38, 10, 'Membros Superiores (MMSS):', 1),
(184, 39, 10, 'Membros Inferiores (MMII):', 1),
(185, 40, 10, 'Sistema Geniturinário:', 1);

-- --------------------------------------------------------

--
-- Table structure for table `tb_prontuario`
--

CREATE TABLE IF NOT EXISTS `tb_prontuario` (
  `Num_Prontuario` int(11) NOT NULL AUTO_INCREMENT,
  `Dta_Data_Prontuario` datetime DEFAULT NULL,
  `Cod_Cliente` int(11) DEFAULT NULL,
  `Cod_Avaliador` int(11) DEFAULT NULL,
  `Val_Pontuacao` decimal(10,2) DEFAULT NULL,
  `Val_Tempo_Gasto` decimal(10,2) DEFAULT NULL,
  PRIMARY KEY (`Num_Prontuario`),
  KEY `FK_Avaliador_Prontuario` (`Cod_Avaliador`),
  KEY `FK_Cliente_Prontuario` (`Cod_Cliente`)
) ENGINE=MyISAM  DEFAULT CHARSET=utf8 COLLATE=utf8_unicode_ci AUTO_INCREMENT=22 ;

--
-- Dumping data for table `tb_prontuario`
--

INSERT INTO `tb_prontuario` (`Num_Prontuario`, `Dta_Data_Prontuario`, `Cod_Cliente`, `Cod_Avaliador`, `Val_Pontuacao`, `Val_Tempo_Gasto`) VALUES
(1, '2016-09-08 14:16:31', 2, NULL, NULL, NULL),
(2, '2016-09-27 10:41:25', 1, NULL, NULL, NULL),
(3, '2016-09-27 14:36:19', 3, NULL, NULL, NULL),
(4, '2016-09-27 14:36:46', 3, NULL, NULL, NULL),
(5, '2016-09-27 15:21:05', 3, NULL, NULL, NULL),
(6, '2016-10-20 10:32:28', 1, NULL, NULL, NULL),
(7, '2016-10-20 16:22:52', 1, NULL, NULL, NULL),
(8, '2016-10-20 18:05:30', 5, NULL, NULL, NULL),
(9, '2016-10-21 00:07:53', 5, NULL, NULL, NULL),
(10, '2017-02-02 12:04:51', 1, NULL, NULL, NULL),
(11, '2017-04-06 09:41:24', 6, NULL, NULL, NULL),
(12, '2017-04-06 09:44:40', 6, NULL, NULL, NULL),
(13, '2017-04-06 09:45:52', 6, NULL, NULL, NULL),
(14, '2017-04-06 09:46:53', 6, NULL, NULL, NULL),
(15, '2017-04-06 09:47:52', 6, NULL, NULL, NULL),
(16, '2017-05-16 16:12:17', 7, NULL, NULL, NULL),
(17, '2017-05-16 17:28:05', 9, NULL, NULL, NULL),
(18, '2017-05-16 17:28:15', 9, NULL, NULL, NULL),
(19, '2017-05-16 17:32:01', 9, NULL, NULL, NULL),
(20, '2017-05-16 18:24:08', 10, NULL, NULL, NULL),
(21, '2017-05-16 18:24:19', 10, NULL, NULL, NULL);

-- --------------------------------------------------------

--
-- Table structure for table `tb_questionario`
--

CREATE TABLE IF NOT EXISTS `tb_questionario` (
  `Cod_Questionario` int(11) NOT NULL AUTO_INCREMENT,
  `Des_Questionario` varchar(100) COLLATE utf8_unicode_ci NOT NULL,
  PRIMARY KEY (`Cod_Questionario`)
) ENGINE=MyISAM  DEFAULT CHARSET=utf8 COLLATE=utf8_unicode_ci AUTO_INCREMENT=3 ;

--
-- Dumping data for table `tb_questionario`
--

INSERT INTO `tb_questionario` (`Cod_Questionario`, `Des_Questionario`) VALUES
(1, 'Triagem'),
(2, 'Fisioterapia');

-- --------------------------------------------------------

--
-- Table structure for table `tb_resposta`
--

CREATE TABLE IF NOT EXISTS `tb_resposta` (
  `Cod_Resposta_Prontuario` smallint(6) NOT NULL AUTO_INCREMENT,
  `Num_Prontuario` int(11) NOT NULL,
  `Cod_Pergunta` smallint(6) NOT NULL,
  `Des_Resposta_Aberta` varchar(255) COLLATE utf8_unicode_ci DEFAULT NULL,
  `Ind_Resposta_SimNao` tinyint(1) DEFAULT NULL,
  `Des_Resposta_Qual` varchar(255) COLLATE utf8_unicode_ci DEFAULT NULL,
  `Des_Resposta_Quando` varchar(255) COLLATE utf8_unicode_ci DEFAULT NULL,
  `Des_Resposta_Outros` varchar(255) COLLATE utf8_unicode_ci DEFAULT NULL,
  `Des_Resposta_Cite` varchar(255) COLLATE utf8_unicode_ci DEFAULT NULL,
  `Des_Resposta_Observacao` varchar(255) COLLATE utf8_unicode_ci DEFAULT NULL,
  `Cod_Resposta_ComboBox` smallint(6) DEFAULT NULL,
  `Cod_Resposta_Radio` smallint(6) DEFAULT NULL,
  PRIMARY KEY (`Cod_Resposta_Prontuario`),
  KEY `FK_Pergunta_Resposta` (`Cod_Pergunta`),
  KEY `FK_Prontuario_Resposta` (`Num_Prontuario`)
) ENGINE=MyISAM  DEFAULT CHARSET=utf8 COLLATE=utf8_unicode_ci AUTO_INCREMENT=3886 ;

--
-- Dumping data for table `tb_resposta`
--

INSERT INTO `tb_resposta` (`Cod_Resposta_Prontuario`, `Num_Prontuario`, `Cod_Pergunta`, `Des_Resposta_Aberta`, `Ind_Resposta_SimNao`, `Des_Resposta_Qual`, `Des_Resposta_Quando`, `Des_Resposta_Outros`, `Des_Resposta_Cite`, `Des_Resposta_Observacao`, `Cod_Resposta_ComboBox`, `Cod_Resposta_Radio`) VALUES
(1, 1, 107, 'Dor no corpo', 0, 'NULL', 'NULL', 'NULL', 'NULL', 'NULL', 0, 0),
(2, 1, 108, 'NULL', 0, 'NULL', 'NULL', 'NULL', 'NULL', '', 0, 0),
(3, 1, 109, '', 0, 'NULL', 'NULL', 'NULL', 'NULL', 'NULL', 0, 0),
(4, 1, 110, 'NULL', 0, 'NULL', 'NULL', '', 'NULL', 'NULL', 0, 0),
(5, 1, 111, 'NULL', 0, 'NULL', 'NULL', 'NULL', 'NULL', '', 0, 0),
(6, 1, 112, 'NULL', 1, '', '', 'NULL', 'NULL', 'NULL', 0, 0),
(7, 1, 113, '', 0, 'NULL', 'NULL', 'NULL', 'NULL', 'NULL', 0, 0),
(8, 1, 114, 'NULL', 0, '', 'NULL', 'NULL', 'NULL', 'NULL', 0, 0),
(9, 1, 10, 'NULL', 0, 'NULL', 'NULL', 'NULL', 'NULL', '', 0, 0),
(10, 1, 11, 'NULL', 0, 'NULL', 'NULL', 'NULL', 'NULL', '', 0, 0),
(11, 1, 12, 'NULL', 0, 'NULL', 'NULL', 'NULL', 'NULL', '', 0, 0),
(12, 1, 13, 'NULL', 0, 'NULL', 'NULL', 'NULL', 'NULL', '', 0, 0),
(13, 1, 14, 'NULL', 0, 'NULL', 'NULL', 'NULL', 'NULL', '', 0, 0),
(14, 1, 15, 'NULL', 0, 'NULL', 'NULL', 'NULL', 'NULL', '', 0, 0),
(15, 1, 16, 'NULL', 0, 'NULL', 'NULL', 'NULL', 'NULL', '', 0, 0),
(16, 1, 17, 'NULL', 0, 'NULL', 'NULL', 'NULL', 'NULL', '', 0, 0),
(17, 1, 18, 'NULL', 0, 'NULL', 'NULL', 'NULL', 'NULL', '', 0, 0),
(18, 1, 19, 'NULL', 0, 'NULL', 'NULL', 'NULL', 'NULL', '', 0, 0),
(19, 1, 20, 'NULL', 0, 'NULL', 'NULL', 'NULL', 'NULL', '', 0, 0),
(20, 1, 21, 'NULL', 0, 'NULL', 'NULL', 'NULL', 'NULL', '', 0, 0),
(21, 1, 22, 'NULL', 0, 'NULL', 'NULL', 'NULL', 'NULL', '', 0, 0),
(22, 1, 23, 'NULL', 0, 'NULL', 'NULL', 'NULL', 'NULL', '', 0, 0),
(23, 1, 24, 'NULL', 0, 'NULL', 'NULL', 'NULL', 'NULL', '', 0, 0),
(24, 1, 25, 'NULL', 0, 'NULL', 'NULL', 'NULL', 'NULL', '', 0, 0),
(25, 1, 26, 'NULL', 0, 'NULL', 'NULL', 'NULL', 'NULL', '', 0, 0),
(26, 1, 27, 'NULL', 0, 'NULL', 'NULL', 'NULL', 'NULL', '', 0, 0),
(27, 1, 28, 'NULL', 0, 'NULL', 'NULL', 'NULL', 'NULL', '', 0, 0),
(28, 1, 29, 'NULL', 0, 'NULL', 'NULL', 'NULL', 'NULL', '', 0, 0),
(29, 1, 30, 'NULL', 0, 'NULL', 'NULL', 'NULL', 'NULL', '', 0, 0),
(30, 1, 31, 'NULL', 0, 'NULL', 'NULL', 'NULL', 'NULL', '', 0, 0),
(31, 1, 32, 'NULL', 0, 'NULL', 'NULL', 'NULL', 'NULL', '', 0, 0),
(32, 1, 33, 'NULL', 0, 'NULL', 'NULL', 'NULL', 'NULL', '', 0, 0),
(33, 1, 34, 'NULL', 0, 'NULL', 'NULL', 'NULL', 'NULL', '', 0, 0),
(34, 1, 35, 'NULL', 0, 'NULL', 'NULL', 'NULL', 'NULL', '', 0, 0),
(35, 1, 36, 'NULL', 0, 'NULL', 'NULL', 'NULL', 'NULL', '', 0, 0),
(36, 1, 37, 'NULL', 0, 'NULL', 'NULL', 'NULL', 'NULL', '', 0, 0),
(37, 1, 38, 'NULL', 0, 'NULL', 'NULL', 'NULL', 'NULL', '', 0, 0),
(38, 1, 39, 'NULL', 0, 'NULL', 'NULL', 'NULL', 'NULL', '', 0, 0),
(39, 1, 40, 'NULL', 0, 'NULL', 'NULL', 'NULL', 'NULL', '', 0, 0),
(40, 1, 41, 'NULL', 0, 'NULL', 'NULL', 'NULL', 'NULL', '', 0, 0),
(41, 1, 42, 'NULL', 0, 'NULL', 'NULL', 'NULL', 'NULL', '', 0, 0),
(42, 1, 43, 'NULL', 0, 'NULL', 'NULL', 'NULL', 'NULL', '', 0, 0),
(43, 1, 44, 'NULL', 0, 'NULL', 'NULL', 'NULL', 'NULL', '', 0, 0),
(44, 1, 45, 'NULL', 0, 'NULL', 'NULL', 'NULL', 'NULL', '', 0, 0),
(45, 1, 46, 'NULL', 0, 'NULL', 'NULL', 'NULL', 'NULL', '', 0, 0),
(46, 1, 47, 'NULL', 0, 'NULL', 'NULL', 'NULL', 'NULL', '', 0, 0),
(47, 1, 48, 'NULL', 0, 'NULL', 'NULL', 'NULL', 'NULL', '', 0, 0),
(48, 1, 49, 'NULL', 0, 'NULL', 'NULL', 'NULL', 'NULL', '', 0, 0),
(49, 1, 50, 'NULL', 0, 'NULL', 'NULL', 'NULL', 'NULL', '', 0, 0),
(50, 1, 51, 'NULL', 0, 'NULL', 'NULL', 'NULL', 'NULL', '', 0, 0),
(51, 1, 52, 'NULL', 0, 'NULL', 'NULL', 'NULL', 'NULL', '', 0, 0),
(52, 1, 53, 'NULL', 0, 'NULL', 'NULL', 'NULL', 'NULL', '', 0, 0),
(53, 1, 54, 'NULL', 0, 'NULL', 'NULL', 'NULL', 'NULL', '', 0, 0),
(54, 1, 55, 'NULL', 0, 'NULL', 'NULL', 'NULL', 'NULL', '', 0, 0),
(55, 1, 56, 'NULL', 0, 'NULL', 'NULL', 'NULL', 'NULL', '', 0, 0),
(56, 1, 57, 'NULL', 0, 'NULL', 'NULL', 'NULL', 'NULL', '', 0, 0),
(57, 1, 58, 'NULL', 0, 'NULL', 'NULL', 'NULL', 'NULL', '', 0, 0),
(58, 1, 59, 'NULL', 0, 'NULL', 'NULL', 'NULL', 'NULL', '', 0, 0),
(59, 1, 60, 'NULL', 0, 'NULL', 'NULL', 'NULL', 'NULL', '', 0, 0),
(60, 1, 61, 'NULL', 0, 'NULL', 'NULL', 'NULL', 'NULL', '', 0, 0),
(61, 1, 62, 'NULL', 0, 'NULL', 'NULL', 'NULL', 'NULL', '', 0, 0),
(62, 1, 63, 'NULL', 0, 'NULL', 'NULL', 'NULL', 'NULL', '', 0, 0),
(63, 1, 64, 'NULL', 0, 'NULL', 'NULL', 'NULL', 'NULL', '', 0, 0),
(64, 1, 65, 'NULL', 0, 'NULL', 'NULL', 'NULL', 'NULL', '', 0, 0),
(65, 1, 66, 'NULL', 0, 'NULL', 'NULL', 'NULL', 'NULL', '', 0, 0),
(66, 1, 67, 'NULL', 0, 'NULL', 'NULL', 'NULL', 'NULL', '', 0, 0),
(67, 1, 68, 'NULL', 0, 'NULL', 'NULL', 'NULL', 'NULL', '', 0, 0),
(68, 1, 69, 'NULL', 0, 'NULL', 'NULL', 'NULL', 'NULL', '', 0, 0),
(69, 1, 70, 'NULL', 0, 'NULL', 'NULL', 'NULL', 'NULL', '', 0, 0),
(70, 1, 71, 'NULL', 0, 'NULL', 'NULL', 'NULL', 'NULL', '', 0, 0),
(71, 1, 72, 'NULL', 0, 'NULL', 'NULL', 'NULL', 'NULL', '', 0, 0),
(72, 1, 73, 'NULL', 0, 'NULL', 'NULL', 'NULL', 'NULL', '', 0, 0),
(73, 1, 74, 'NULL', 0, 'NULL', 'NULL', 'NULL', 'NULL', '', 0, 0),
(74, 1, 75, 'NULL', 0, 'NULL', 'NULL', 'NULL', 'NULL', '', 0, 0),
(75, 1, 76, 'NULL', 0, 'NULL', 'NULL', 'NULL', 'NULL', '', 0, 0),
(76, 1, 77, 'NULL', 0, 'NULL', 'NULL', 'NULL', 'NULL', '', 0, 0),
(77, 1, 78, 'NULL', 0, 'NULL', 'NULL', 'NULL', 'NULL', '', 0, 0),
(78, 1, 79, 'NULL', 0, 'NULL', 'NULL', 'NULL', 'NULL', '', 0, 0),
(79, 1, 80, 'NULL', 0, 'NULL', 'NULL', 'NULL', 'NULL', '', 0, 0),
(80, 1, 81, 'NULL', 0, 'NULL', 'NULL', 'NULL', 'NULL', '', 0, 0),
(81, 1, 82, 'NULL', 0, 'NULL', 'NULL', 'NULL', 'NULL', '', 0, 0),
(82, 1, 83, 'NULL', 0, 'NULL', 'NULL', 'NULL', 'NULL', '', 0, 0),
(83, 1, 84, 'NULL', 0, 'NULL', 'NULL', 'NULL', 'NULL', '', 0, 0),
(84, 1, 85, 'NULL', 0, 'NULL', 'NULL', 'NULL', 'NULL', '', 0, 0),
(85, 1, 86, 'NULL', 0, 'NULL', 'NULL', 'NULL', 'NULL', '', 0, 0),
(86, 1, 87, 'NULL', 0, 'NULL', 'NULL', 'NULL', 'NULL', '', 0, 0),
(87, 1, 88, 'NULL', 0, 'NULL', 'NULL', 'NULL', 'NULL', '', 0, 0),
(88, 1, 89, 'NULL', 0, 'NULL', 'NULL', 'NULL', 'NULL', '', 0, 0),
(89, 1, 90, 'NULL', 0, 'NULL', 'NULL', 'NULL', 'NULL', '', 0, 0),
(90, 1, 91, 'NULL', 0, 'NULL', 'NULL', 'NULL', 'NULL', '', 0, 0),
(91, 1, 92, 'NULL', 0, 'NULL', 'NULL', 'NULL', 'NULL', '', 0, 0),
(92, 1, 93, 'NULL', 0, 'NULL', 'NULL', 'NULL', 'NULL', '', 0, 0),
(93, 1, 94, 'NULL', 0, 'NULL', 'NULL', 'NULL', 'NULL', '', 0, 0),
(94, 1, 95, 'NULL', 0, 'NULL', 'NULL', 'NULL', 'NULL', '', 0, 0),
(95, 1, 96, 'NULL', 0, 'NULL', 'NULL', 'NULL', 'NULL', '', 0, 0),
(96, 1, 97, 'NULL', 0, 'NULL', 'NULL', 'NULL', 'NULL', '', 0, 0),
(97, 1, 98, 'NULL', 0, 'NULL', 'NULL', 'NULL', 'NULL', '', 0, 0),
(98, 1, 99, 'NULL', 0, 'NULL', 'NULL', 'NULL', 'NULL', '', 0, 0),
(99, 1, 100, 'NULL', 0, 'NULL', 'NULL', 'NULL', 'NULL', '', 0, 0),
(100, 1, 101, 'NULL', 0, 'NULL', 'NULL', 'NULL', 'NULL', '', 0, 0),
(101, 1, 102, 'NULL', 0, 'NULL', '', 'NULL', 'NULL', 'NULL', 0, 0),
(102, 1, 103, 'NULL', 0, 'NULL', '', 'NULL', 'NULL', 'NULL', 0, 0),
(103, 1, 104, 'NULL', 0, 'NULL', 'NULL', 'NULL', 'NULL', '', 0, 0),
(104, 1, 105, 'NULL', 0, 'NULL', 'NULL', 'NULL', 'NULL', '', 0, 0),
(105, 1, 106, 'NULL', 0, 'NULL', 'NULL', 'NULL', 'NULL', '', 0, 0),
(106, 1, 1, 'NULL', 0, '', 'NULL', 'NULL', 'NULL', 'NULL', 0, 0),
(107, 1, 2, 'NULL', 0, 'NULL', 'NULL', 'NULL', 'NULL', 'NULL', 0, 0),
(108, 1, 3, '', 0, 'NULL', 'NULL', 'NULL', 'NULL', 'NULL', 0, 0),
(109, 1, 4, '', 0, 'NULL', 'NULL', 'NULL', 'NULL', 'NULL', 0, 0),
(110, 1, 5, '', 0, 'NULL', 'NULL', 'NULL', 'NULL', 'NULL', 0, 0),
(111, 1, 6, '', 0, 'NULL', 'NULL', 'NULL', 'NULL', 'NULL', 0, 0),
(112, 1, 7, '', 0, 'NULL', 'NULL', 'NULL', 'NULL', 'NULL', 0, 0),
(113, 1, 8, '', 0, 'NULL', 'NULL', 'NULL', 'NULL', 'NULL', 0, 0),
(114, 1, 9, '', 0, 'NULL', 'NULL', 'NULL', 'NULL', 'NULL', 0, 0),
(115, 1, 115, '', 0, 'NULL', 'NULL', 'NULL', 'NULL', 'NULL', 0, 0),
(116, 1, 116, 'NULL', 0, 'NULL', 'NULL', 'NULL', 'NULL', 'NULL', 0, 0),
(117, 1, 117, '', 0, 'NULL', 'NULL', 'NULL', 'NULL', 'NULL', 0, 0),
(118, 1, 118, '', 0, 'NULL', 'NULL', 'NULL', 'NULL', 'NULL', 0, 0),
(119, 1, 119, '', 0, 'NULL', 'NULL', 'NULL', 'NULL', 'NULL', 0, 0),
(120, 1, 120, 'NULL', 0, 'NULL', 'NULL', 'NULL', 'NULL', 'NULL', 0, 0),
(121, 1, 121, '', 0, 'NULL', 'NULL', 'NULL', 'NULL', 'NULL', 0, 0),
(122, 1, 122, '', 0, 'NULL', 'NULL', 'NULL', 'NULL', 'NULL', 0, 0),
(123, 1, 123, '', 0, 'NULL', 'NULL', 'NULL', 'NULL', 'NULL', 0, 0),
(124, 1, 124, '', 0, 'NULL', 'NULL', 'NULL', 'NULL', 'NULL', 0, 0),
(125, 1, 125, 'NULL', 0, 'NULL', 'NULL', 'NULL', 'NULL', 'NULL', 0, 0),
(126, 1, 126, '', 0, 'NULL', 'NULL', 'NULL', 'NULL', 'NULL', 0, 0),
(127, 1, 127, '', 0, 'NULL', 'NULL', 'NULL', 'NULL', 'NULL', 0, 0),
(128, 1, 128, '', 0, 'NULL', 'NULL', 'NULL', 'NULL', 'NULL', 0, 0),
(129, 1, 129, '', 0, 'NULL', 'NULL', 'NULL', 'NULL', 'NULL', 0, 0),
(130, 1, 130, '', 0, 'NULL', 'NULL', 'NULL', 'NULL', 'NULL', 0, 0),
(131, 1, 131, 'NULL', 0, 'NULL', 'NULL', '', 'NULL', 'NULL', 0, 0),
(132, 1, 132, 'NULL', 0, 'NULL', 'NULL', 'NULL', '', 'NULL', 0, 0),
(133, 1, 133, 'NULL', 0, 'NULL', 'NULL', 'NULL', '', 'NULL', 0, 0),
(134, 1, 134, '', 0, 'NULL', 'NULL', 'NULL', 'NULL', 'NULL', 0, 0),
(135, 1, 135, 'NULL', 0, 'NULL', 'NULL', 'NULL', '', 'NULL', 0, 0),
(136, 1, 136, 'NULL', 0, 'NULL', 'NULL', 'NULL', '', 'NULL', 0, 0),
(137, 1, 137, 'NULL', 0, 'NULL', 'NULL', 'NULL', '', 'NULL', 0, 0),
(138, 1, 138, 'NULL', 0, 'NULL', 'NULL', 'NULL', '', 'NULL', 0, 0),
(139, 1, 139, 'NULL', 0, '', 'NULL', 'NULL', 'NULL', 'NULL', 0, 0),
(140, 1, 140, '', 0, 'NULL', 'NULL', 'NULL', 'NULL', 'NULL', 0, 0),
(141, 1, 141, '', 0, 'NULL', 'NULL', 'NULL', 'NULL', 'NULL', 0, 0),
(142, 1, 142, 'NULL', 0, 'NULL', 'NULL', 'NULL', 'NULL', 'NULL', 0, 0),
(143, 1, 143, 'NULL', 0, 'NULL', 'NULL', 'NULL', 'NULL', 'NULL', 0, 0),
(144, 1, 144, '', 0, 'NULL', 'NULL', 'NULL', 'NULL', 'NULL', 0, 0),
(145, 1, 145, 'NULL', 0, 'NULL', 'NULL', 'NULL', 'NULL', '', 0, 0),
(146, 1, 146, 'NULL', 0, 'NULL', 'NULL', 'NULL', '', 'NULL', 0, 0),
(147, 1, 147, '', 0, 'NULL', 'NULL', 'NULL', 'NULL', 'NULL', 0, 0),
(148, 1, 148, '', 0, 'NULL', 'NULL', 'NULL', 'NULL', 'NULL', 0, 0),
(149, 1, 149, '', 0, 'NULL', 'NULL', 'NULL', 'NULL', 'NULL', 0, 0),
(150, 1, 150, '', 0, 'NULL', 'NULL', 'NULL', 'NULL', 'NULL', 0, 0),
(151, 1, 151, 'NULL', 0, 'NULL', 'NULL', 'NULL', 'NULL', 'NULL', 0, 0),
(152, 1, 152, '', 0, 'NULL', 'NULL', 'NULL', 'NULL', 'NULL', 0, 0),
(153, 1, 153, '', 0, 'NULL', 'NULL', 'NULL', 'NULL', 'NULL', 0, 0),
(154, 1, 154, '', 0, 'NULL', 'NULL', 'NULL', 'NULL', 'NULL', 0, 0),
(155, 1, 155, 'NULL', 0, 'NULL', 'NULL', 'NULL', 'NULL', '', 0, 0),
(156, 1, 156, 'NULL', 0, 'NULL', 'NULL', 'NULL', 'NULL', '', 0, 0),
(157, 1, 157, 'NULL', 0, 'NULL', 'NULL', 'NULL', 'NULL', '', 0, 0),
(158, 1, 158, 'NULL', 0, 'NULL', 'NULL', 'NULL', 'NULL', '', 0, 0),
(159, 1, 159, 'NULL', 0, 'NULL', 'NULL', 'NULL', 'NULL', '', 0, 0),
(160, 1, 160, 'NULL', 0, 'NULL', 'NULL', 'NULL', 'NULL', '', 0, 0),
(161, 1, 161, 'NULL', 0, 'NULL', 'NULL', 'NULL', 'NULL', '', 0, 0),
(162, 1, 162, 'NULL', 0, 'NULL', 'NULL', 'NULL', 'NULL', '', 0, 0),
(163, 1, 163, 'NULL', 0, 'NULL', 'NULL', 'NULL', 'NULL', '', 0, 0),
(164, 1, 164, 'NULL', 0, 'NULL', 'NULL', 'NULL', 'NULL', '', 0, 0),
(165, 1, 165, 'NULL', 0, 'NULL', 'NULL', 'NULL', 'NULL', '', 0, 0),
(166, 1, 166, 'NULL', 0, 'NULL', 'NULL', 'NULL', 'NULL', '', 0, 0),
(167, 1, 167, 'NULL', 0, 'NULL', 'NULL', '', 'NULL', 'NULL', 0, 0),
(168, 1, 168, 'NULL', 0, 'NULL', 'NULL', 'NULL', 'NULL', 'NULL', 0, 0),
(169, 1, 169, 'NULL', 0, 'NULL', 'NULL', 'NULL', 'NULL', 'NULL', 0, 0),
(170, 1, 170, 'NULL', 0, 'NULL', 'NULL', 'NULL', 'NULL', 'NULL', 0, 0),
(171, 1, 171, 'NULL', 0, 'NULL', 'NULL', 'NULL', 'NULL', 'NULL', 0, 0),
(172, 1, 172, 'NULL', 0, 'NULL', 'NULL', 'NULL', 'NULL', 'NULL', 0, 0),
(173, 1, 173, 'NULL', 0, 'NULL', 'NULL', 'NULL', 'NULL', 'NULL', 0, 0),
(174, 1, 174, '', 0, 'NULL', 'NULL', 'NULL', 'NULL', 'NULL', 0, 0),
(175, 1, 175, '', 0, 'NULL', 'NULL', 'NULL', 'NULL', 'NULL', 0, 0),
(176, 1, 176, 'NULL', 0, 'NULL', 'NULL', 'NULL', 'NULL', '', 0, 0),
(177, 1, 177, 'NULL', 0, 'NULL', 'NULL', 'NULL', 'NULL', '', 0, 0),
(178, 1, 178, 'NULL', 0, 'NULL', 'NULL', 'NULL', 'NULL', '', 0, 0),
(179, 1, 179, 'NULL', 0, 'NULL', 'NULL', 'NULL', 'NULL', '', 0, 0),
(180, 1, 180, 'NULL', 0, 'NULL', 'NULL', 'NULL', 'NULL', '', 0, 0),
(181, 1, 181, 'NULL', 0, 'NULL', 'NULL', 'NULL', 'NULL', '', 0, 0),
(182, 1, 182, 'NULL', 0, 'NULL', 'NULL', 'NULL', 'NULL', '', 0, 0),
(183, 1, 183, 'NULL', 0, 'NULL', 'NULL', 'NULL', 'NULL', '', 0, 0),
(184, 1, 184, 'NULL', 0, 'NULL', 'NULL', 'NULL', 'NULL', '', 0, 0),
(185, 1, 185, 'NULL', 0, 'NULL', 'NULL', 'NULL', 'NULL', '', 0, 0),
(186, 2, 107, '', 0, 'NULL', 'NULL', 'NULL', 'NULL', 'NULL', 0, 0),
(187, 2, 108, 'NULL', 0, 'NULL', 'NULL', 'NULL', 'NULL', '', 0, 0),
(188, 2, 109, '', 0, 'NULL', 'NULL', 'NULL', 'NULL', 'NULL', 0, 0),
(189, 2, 110, 'NULL', 0, 'NULL', 'NULL', '', 'NULL', 'NULL', 0, 0),
(190, 2, 111, 'NULL', 0, 'NULL', 'NULL', 'NULL', 'NULL', '', 0, 0),
(191, 2, 112, 'NULL', 0, '', '', 'NULL', 'NULL', 'NULL', 0, 0),
(192, 2, 113, '', 0, 'NULL', 'NULL', 'NULL', 'NULL', 'NULL', 0, 0),
(193, 2, 114, 'NULL', 0, '', 'NULL', 'NULL', 'NULL', 'NULL', 0, 0),
(194, 2, 10, 'NULL', 0, 'NULL', 'NULL', 'NULL', 'NULL', '', 0, 0),
(195, 2, 11, 'NULL', 0, 'NULL', 'NULL', 'NULL', 'NULL', '', 0, 0),
(196, 2, 12, 'NULL', 0, 'NULL', 'NULL', 'NULL', 'NULL', '', 0, 0),
(197, 2, 13, 'NULL', 0, 'NULL', 'NULL', 'NULL', 'NULL', '', 0, 0),
(198, 2, 14, 'NULL', 0, 'NULL', 'NULL', 'NULL', 'NULL', '', 0, 0),
(199, 2, 15, 'NULL', 0, 'NULL', 'NULL', 'NULL', 'NULL', '', 0, 0),
(200, 2, 16, 'NULL', 0, 'NULL', 'NULL', 'NULL', 'NULL', '', 0, 0),
(201, 2, 17, 'NULL', 0, 'NULL', 'NULL', 'NULL', 'NULL', '', 0, 0),
(202, 2, 18, 'NULL', 0, 'NULL', 'NULL', 'NULL', 'NULL', '', 0, 0),
(203, 2, 19, 'NULL', 0, 'NULL', 'NULL', 'NULL', 'NULL', '', 0, 0),
(204, 2, 20, 'NULL', 0, 'NULL', 'NULL', 'NULL', 'NULL', '', 0, 0),
(205, 2, 21, 'NULL', 0, 'NULL', 'NULL', 'NULL', 'NULL', '', 0, 0),
(206, 2, 22, 'NULL', 0, 'NULL', 'NULL', 'NULL', 'NULL', '', 0, 0),
(207, 2, 23, 'NULL', 0, 'NULL', 'NULL', 'NULL', 'NULL', '', 0, 0),
(208, 2, 24, 'NULL', 0, 'NULL', 'NULL', 'NULL', 'NULL', '', 0, 0),
(209, 2, 25, 'NULL', 0, 'NULL', 'NULL', 'NULL', 'NULL', '', 0, 0),
(210, 2, 26, 'NULL', 0, 'NULL', 'NULL', 'NULL', 'NULL', '', 0, 0),
(211, 2, 27, 'NULL', 0, 'NULL', 'NULL', 'NULL', 'NULL', '', 0, 0),
(212, 2, 28, 'NULL', 0, 'NULL', 'NULL', 'NULL', 'NULL', '', 0, 0),
(213, 2, 29, 'NULL', 0, 'NULL', 'NULL', 'NULL', 'NULL', '', 0, 0),
(214, 2, 30, 'NULL', 0, 'NULL', 'NULL', 'NULL', 'NULL', '', 0, 0),
(215, 2, 31, 'NULL', 0, 'NULL', 'NULL', 'NULL', 'NULL', '', 0, 0),
(216, 2, 32, 'NULL', 0, 'NULL', 'NULL', 'NULL', 'NULL', '', 0, 0),
(217, 2, 33, 'NULL', 0, 'NULL', 'NULL', 'NULL', 'NULL', '', 0, 0),
(218, 2, 34, 'NULL', 0, 'NULL', 'NULL', 'NULL', 'NULL', '', 0, 0),
(219, 2, 35, 'NULL', 0, 'NULL', 'NULL', 'NULL', 'NULL', '', 0, 0),
(220, 2, 36, 'NULL', 0, 'NULL', 'NULL', 'NULL', 'NULL', '', 0, 0),
(221, 2, 37, 'NULL', 0, 'NULL', 'NULL', 'NULL', 'NULL', '', 0, 0),
(222, 2, 38, 'NULL', 0, 'NULL', 'NULL', 'NULL', 'NULL', '', 0, 0),
(223, 2, 39, 'NULL', 0, 'NULL', 'NULL', 'NULL', 'NULL', '', 0, 0),
(224, 2, 40, 'NULL', 0, 'NULL', 'NULL', 'NULL', 'NULL', '', 0, 0),
(225, 2, 41, 'NULL', 0, 'NULL', 'NULL', 'NULL', 'NULL', '', 0, 0),
(226, 2, 42, 'NULL', 0, 'NULL', 'NULL', 'NULL', 'NULL', '', 0, 0),
(227, 2, 43, 'NULL', 0, 'NULL', 'NULL', 'NULL', 'NULL', '', 0, 0),
(228, 2, 44, 'NULL', 0, 'NULL', 'NULL', 'NULL', 'NULL', '', 0, 0),
(229, 2, 45, 'NULL', 0, 'NULL', 'NULL', 'NULL', 'NULL', '', 0, 0),
(230, 2, 46, 'NULL', 0, 'NULL', 'NULL', 'NULL', 'NULL', '', 0, 0),
(231, 2, 47, 'NULL', 0, 'NULL', 'NULL', 'NULL', 'NULL', '', 0, 0),
(232, 2, 48, 'NULL', 0, 'NULL', 'NULL', 'NULL', 'NULL', '', 0, 0),
(233, 2, 49, 'NULL', 0, 'NULL', 'NULL', 'NULL', 'NULL', '', 0, 0),
(234, 2, 50, 'NULL', 0, 'NULL', 'NULL', 'NULL', 'NULL', '', 0, 0),
(235, 2, 51, 'NULL', 0, 'NULL', 'NULL', 'NULL', 'NULL', '', 0, 0),
(236, 2, 52, 'NULL', 0, 'NULL', 'NULL', 'NULL', 'NULL', '', 0, 0),
(237, 2, 53, 'NULL', 0, 'NULL', 'NULL', 'NULL', 'NULL', '', 0, 0),
(238, 2, 54, 'NULL', 0, 'NULL', 'NULL', 'NULL', 'NULL', '', 0, 0),
(239, 2, 55, 'NULL', 0, 'NULL', 'NULL', 'NULL', 'NULL', '', 0, 0),
(240, 2, 56, 'NULL', 0, 'NULL', 'NULL', 'NULL', 'NULL', '', 0, 0),
(241, 2, 57, 'NULL', 0, 'NULL', 'NULL', 'NULL', 'NULL', '', 0, 0),
(242, 2, 58, 'NULL', 0, 'NULL', 'NULL', 'NULL', 'NULL', '', 0, 0),
(243, 2, 59, 'NULL', 0, 'NULL', 'NULL', 'NULL', 'NULL', '', 0, 0),
(244, 2, 60, 'NULL', 0, 'NULL', 'NULL', 'NULL', 'NULL', '', 0, 0),
(245, 2, 61, 'NULL', 0, 'NULL', 'NULL', 'NULL', 'NULL', '', 0, 0),
(246, 2, 62, 'NULL', 0, 'NULL', 'NULL', 'NULL', 'NULL', '', 0, 0),
(247, 2, 63, 'NULL', 0, 'NULL', 'NULL', 'NULL', 'NULL', '', 0, 0),
(248, 2, 64, 'NULL', 0, 'NULL', 'NULL', 'NULL', 'NULL', '', 0, 0),
(249, 2, 65, 'NULL', 0, 'NULL', 'NULL', 'NULL', 'NULL', '', 0, 0),
(250, 2, 66, 'NULL', 0, 'NULL', 'NULL', 'NULL', 'NULL', '', 0, 0),
(251, 2, 67, 'NULL', 0, 'NULL', 'NULL', 'NULL', 'NULL', '', 0, 0),
(252, 2, 68, 'NULL', 0, 'NULL', 'NULL', 'NULL', 'NULL', '', 0, 0),
(253, 2, 69, 'NULL', 0, 'NULL', 'NULL', 'NULL', 'NULL', '', 0, 0),
(254, 2, 70, 'NULL', 0, 'NULL', 'NULL', 'NULL', 'NULL', '', 0, 0),
(255, 2, 71, 'NULL', 0, 'NULL', 'NULL', 'NULL', 'NULL', '', 0, 0),
(256, 2, 72, 'NULL', 0, 'NULL', 'NULL', 'NULL', 'NULL', '', 0, 0),
(257, 2, 73, 'NULL', 0, 'NULL', 'NULL', 'NULL', 'NULL', '', 0, 0),
(258, 2, 74, 'NULL', 0, 'NULL', 'NULL', 'NULL', 'NULL', '', 0, 0),
(259, 2, 75, 'NULL', 0, 'NULL', 'NULL', 'NULL', 'NULL', '', 0, 0),
(260, 2, 76, 'NULL', 0, 'NULL', 'NULL', 'NULL', 'NULL', '', 0, 0),
(261, 2, 77, 'NULL', 0, 'NULL', 'NULL', 'NULL', 'NULL', '', 0, 0),
(262, 2, 78, 'NULL', 0, 'NULL', 'NULL', 'NULL', 'NULL', '', 0, 0),
(263, 2, 79, 'NULL', 0, 'NULL', 'NULL', 'NULL', 'NULL', '', 0, 0),
(264, 2, 80, 'NULL', 0, 'NULL', 'NULL', 'NULL', 'NULL', '', 0, 0),
(265, 2, 81, 'NULL', 0, 'NULL', 'NULL', 'NULL', 'NULL', '', 0, 0),
(266, 2, 82, 'NULL', 0, 'NULL', 'NULL', 'NULL', 'NULL', '', 0, 0),
(267, 2, 83, 'NULL', 0, 'NULL', 'NULL', 'NULL', 'NULL', '', 0, 0),
(268, 2, 84, 'NULL', 0, 'NULL', 'NULL', 'NULL', 'NULL', '', 0, 0),
(269, 2, 85, 'NULL', 0, 'NULL', 'NULL', 'NULL', 'NULL', '', 0, 0),
(270, 2, 86, 'NULL', 0, 'NULL', 'NULL', 'NULL', 'NULL', '', 0, 0),
(271, 2, 87, 'NULL', 0, 'NULL', 'NULL', 'NULL', 'NULL', '', 0, 0),
(272, 2, 88, 'NULL', 0, 'NULL', 'NULL', 'NULL', 'NULL', '', 0, 0),
(273, 2, 89, 'NULL', 0, 'NULL', 'NULL', 'NULL', 'NULL', '', 0, 0),
(274, 2, 90, 'NULL', 0, 'NULL', 'NULL', 'NULL', 'NULL', '', 0, 0),
(275, 2, 91, 'NULL', 0, 'NULL', 'NULL', 'NULL', 'NULL', '', 0, 0),
(276, 2, 92, 'NULL', 0, 'NULL', 'NULL', 'NULL', 'NULL', '', 0, 0),
(277, 2, 93, 'NULL', 0, 'NULL', 'NULL', 'NULL', 'NULL', '', 0, 0),
(278, 2, 94, 'NULL', 0, 'NULL', 'NULL', 'NULL', 'NULL', '', 0, 0),
(279, 2, 95, 'NULL', 0, 'NULL', 'NULL', 'NULL', 'NULL', '', 0, 0),
(280, 2, 96, 'NULL', 0, 'NULL', 'NULL', 'NULL', 'NULL', '', 0, 0),
(281, 2, 97, 'NULL', 0, 'NULL', 'NULL', 'NULL', 'NULL', '', 0, 0),
(282, 2, 98, 'NULL', 0, 'NULL', 'NULL', 'NULL', 'NULL', '', 0, 0),
(283, 2, 99, 'NULL', 0, 'NULL', 'NULL', 'NULL', 'NULL', '', 0, 0),
(284, 2, 100, 'NULL', 0, 'NULL', 'NULL', 'NULL', 'NULL', '', 0, 0),
(285, 2, 101, 'NULL', 0, 'NULL', 'NULL', 'NULL', 'NULL', '', 0, 0),
(286, 2, 102, 'NULL', 0, 'NULL', '', 'NULL', 'NULL', 'NULL', 0, 0),
(287, 2, 103, 'NULL', 0, 'NULL', '', 'NULL', 'NULL', 'NULL', 0, 0),
(288, 2, 104, 'NULL', 0, 'NULL', 'NULL', 'NULL', 'NULL', '', 0, 0),
(289, 2, 105, 'NULL', 0, 'NULL', 'NULL', 'NULL', 'NULL', '', 0, 0),
(290, 2, 106, 'NULL', 0, 'NULL', 'NULL', 'NULL', 'NULL', '', 0, 0),
(291, 2, 1, 'NULL', 0, '', 'NULL', 'NULL', 'NULL', 'NULL', 0, 0),
(292, 2, 2, 'NULL', 0, 'NULL', 'NULL', 'NULL', 'NULL', 'NULL', 0, 0),
(293, 2, 3, '', 0, 'NULL', 'NULL', 'NULL', 'NULL', 'NULL', 0, 0),
(294, 2, 4, '', 0, 'NULL', 'NULL', 'NULL', 'NULL', 'NULL', 0, 0),
(295, 2, 5, '', 0, 'NULL', 'NULL', 'NULL', 'NULL', 'NULL', 0, 0),
(296, 2, 6, '', 0, 'NULL', 'NULL', 'NULL', 'NULL', 'NULL', 0, 0),
(297, 2, 7, '', 0, 'NULL', 'NULL', 'NULL', 'NULL', 'NULL', 0, 0),
(298, 2, 8, '', 0, 'NULL', 'NULL', 'NULL', 'NULL', 'NULL', 0, 0),
(299, 2, 9, '', 0, 'NULL', 'NULL', 'NULL', 'NULL', 'NULL', 0, 0),
(300, 2, 115, '', 0, 'NULL', 'NULL', 'NULL', 'NULL', 'NULL', 0, 0),
(301, 2, 116, 'NULL', 0, 'NULL', 'NULL', 'NULL', 'NULL', 'NULL', 0, 0),
(302, 2, 117, '', 0, 'NULL', 'NULL', 'NULL', 'NULL', 'NULL', 0, 0),
(303, 2, 118, '', 0, 'NULL', 'NULL', 'NULL', 'NULL', 'NULL', 0, 0),
(304, 2, 119, '', 0, 'NULL', 'NULL', 'NULL', 'NULL', 'NULL', 0, 0),
(305, 2, 120, 'NULL', 0, 'NULL', 'NULL', 'NULL', 'NULL', 'NULL', 0, 0),
(306, 2, 121, '', 0, 'NULL', 'NULL', 'NULL', 'NULL', 'NULL', 0, 0),
(307, 2, 122, '', 0, 'NULL', 'NULL', 'NULL', 'NULL', 'NULL', 0, 0),
(308, 2, 123, '', 0, 'NULL', 'NULL', 'NULL', 'NULL', 'NULL', 0, 0),
(309, 2, 124, '', 0, 'NULL', 'NULL', 'NULL', 'NULL', 'NULL', 0, 0),
(310, 2, 125, 'NULL', 0, 'NULL', 'NULL', 'NULL', 'NULL', 'NULL', 0, 0),
(311, 2, 126, '', 0, 'NULL', 'NULL', 'NULL', 'NULL', 'NULL', 0, 0),
(312, 2, 127, '', 0, 'NULL', 'NULL', 'NULL', 'NULL', 'NULL', 0, 0),
(313, 2, 128, '', 0, 'NULL', 'NULL', 'NULL', 'NULL', 'NULL', 0, 0),
(314, 2, 129, '', 0, 'NULL', 'NULL', 'NULL', 'NULL', 'NULL', 0, 0),
(315, 2, 130, '', 0, 'NULL', 'NULL', 'NULL', 'NULL', 'NULL', 0, 0),
(316, 2, 131, 'NULL', 0, 'NULL', 'NULL', '', 'NULL', 'NULL', 0, 0),
(317, 2, 132, 'NULL', 0, 'NULL', 'NULL', 'NULL', '', 'NULL', 0, 0),
(318, 2, 133, 'NULL', 0, 'NULL', 'NULL', 'NULL', '', 'NULL', 0, 0),
(319, 2, 134, '', 0, 'NULL', 'NULL', 'NULL', 'NULL', 'NULL', 0, 0),
(320, 2, 135, 'NULL', 0, 'NULL', 'NULL', 'NULL', '', 'NULL', 0, 0),
(321, 2, 136, 'NULL', 0, 'NULL', 'NULL', 'NULL', '', 'NULL', 0, 0),
(322, 2, 137, 'NULL', 0, 'NULL', 'NULL', 'NULL', '', 'NULL', 0, 0),
(323, 2, 138, 'NULL', 0, 'NULL', 'NULL', 'NULL', '', 'NULL', 0, 0),
(324, 2, 139, 'NULL', 0, '', 'NULL', 'NULL', 'NULL', 'NULL', 0, 0),
(325, 2, 140, '', 0, 'NULL', 'NULL', 'NULL', 'NULL', 'NULL', 0, 0),
(326, 2, 141, '', 0, 'NULL', 'NULL', 'NULL', 'NULL', 'NULL', 0, 0),
(327, 2, 142, 'NULL', 0, 'NULL', 'NULL', 'NULL', 'NULL', 'NULL', 0, 0),
(328, 2, 143, 'NULL', 0, 'NULL', 'NULL', 'NULL', 'NULL', 'NULL', 0, 0),
(329, 2, 144, '', 0, 'NULL', 'NULL', 'NULL', 'NULL', 'NULL', 0, 0),
(330, 2, 145, 'NULL', 0, 'NULL', 'NULL', 'NULL', 'NULL', '', 0, 0),
(331, 2, 146, 'NULL', 0, 'NULL', 'NULL', 'NULL', '', 'NULL', 0, 0),
(332, 2, 147, '', 0, 'NULL', 'NULL', 'NULL', 'NULL', 'NULL', 0, 0),
(333, 2, 148, '', 0, 'NULL', 'NULL', 'NULL', 'NULL', 'NULL', 0, 0),
(334, 2, 149, '', 0, 'NULL', 'NULL', 'NULL', 'NULL', 'NULL', 0, 0),
(335, 2, 150, '', 0, 'NULL', 'NULL', 'NULL', 'NULL', 'NULL', 0, 0),
(336, 2, 151, 'NULL', 0, 'NULL', 'NULL', 'NULL', 'NULL', 'NULL', 0, 0),
(337, 2, 152, '', 0, 'NULL', 'NULL', 'NULL', 'NULL', 'NULL', 0, 0),
(338, 2, 153, '', 0, 'NULL', 'NULL', 'NULL', 'NULL', 'NULL', 0, 0),
(339, 2, 154, '', 0, 'NULL', 'NULL', 'NULL', 'NULL', 'NULL', 0, 0),
(340, 2, 155, 'NULL', 0, 'NULL', 'NULL', 'NULL', 'NULL', '', 0, 0),
(341, 2, 156, 'NULL', 0, 'NULL', 'NULL', 'NULL', 'NULL', '', 0, 0),
(342, 2, 157, 'NULL', 0, 'NULL', 'NULL', 'NULL', 'NULL', '', 0, 0),
(343, 2, 158, 'NULL', 0, 'NULL', 'NULL', 'NULL', 'NULL', '', 0, 0),
(344, 2, 159, 'NULL', 0, 'NULL', 'NULL', 'NULL', 'NULL', '', 0, 0),
(345, 2, 160, 'NULL', 0, 'NULL', 'NULL', 'NULL', 'NULL', '', 0, 0),
(346, 2, 161, 'NULL', 0, 'NULL', 'NULL', 'NULL', 'NULL', '', 0, 0),
(347, 2, 162, 'NULL', 0, 'NULL', 'NULL', 'NULL', 'NULL', '', 0, 0),
(348, 2, 163, 'NULL', 0, 'NULL', 'NULL', 'NULL', 'NULL', '', 0, 0),
(349, 2, 164, 'NULL', 0, 'NULL', 'NULL', 'NULL', 'NULL', '', 0, 0),
(350, 2, 165, 'NULL', 0, 'NULL', 'NULL', 'NULL', 'NULL', '', 0, 0),
(351, 2, 166, 'NULL', 0, 'NULL', 'NULL', 'NULL', 'NULL', '', 0, 0),
(352, 2, 167, 'NULL', 0, 'NULL', 'NULL', '', 'NULL', 'NULL', 0, 0),
(353, 2, 168, 'NULL', 0, 'NULL', 'NULL', 'NULL', 'NULL', 'NULL', 0, 0),
(354, 2, 169, 'NULL', 0, 'NULL', 'NULL', 'NULL', 'NULL', 'NULL', 0, 0),
(355, 2, 170, 'NULL', 0, 'NULL', 'NULL', 'NULL', 'NULL', 'NULL', 0, 0),
(356, 2, 171, 'NULL', 0, 'NULL', 'NULL', 'NULL', 'NULL', 'NULL', 0, 0),
(357, 2, 172, 'NULL', 0, 'NULL', 'NULL', 'NULL', 'NULL', 'NULL', 0, 0),
(358, 2, 173, 'NULL', 0, 'NULL', 'NULL', 'NULL', 'NULL', 'NULL', 0, 0),
(359, 2, 174, '', 0, 'NULL', 'NULL', 'NULL', 'NULL', 'NULL', 0, 0),
(360, 2, 175, '', 0, 'NULL', 'NULL', 'NULL', 'NULL', 'NULL', 0, 0),
(361, 2, 176, 'NULL', 0, 'NULL', 'NULL', 'NULL', 'NULL', '', 0, 0),
(362, 2, 177, 'NULL', 0, 'NULL', 'NULL', 'NULL', 'NULL', '', 0, 0),
(363, 2, 178, 'NULL', 0, 'NULL', 'NULL', 'NULL', 'NULL', '', 0, 0),
(364, 2, 179, 'NULL', 0, 'NULL', 'NULL', 'NULL', 'NULL', '', 0, 0),
(365, 2, 180, 'NULL', 0, 'NULL', 'NULL', 'NULL', 'NULL', '', 0, 0),
(366, 2, 181, 'NULL', 0, 'NULL', 'NULL', 'NULL', 'NULL', '', 0, 0),
(367, 2, 182, 'NULL', 0, 'NULL', 'NULL', 'NULL', 'NULL', '', 0, 0),
(368, 2, 183, 'NULL', 0, 'NULL', 'NULL', 'NULL', 'NULL', '', 0, 0),
(369, 2, 184, 'NULL', 0, 'NULL', 'NULL', 'NULL', 'NULL', '', 0, 0),
(370, 2, 185, 'NULL', 0, 'NULL', 'NULL', 'NULL', 'NULL', '', 0, 0),
(371, 3, 107, 'dor de cabeça', 0, 'NULL', 'NULL', 'NULL', 'NULL', 'NULL', 0, 0),
(372, 3, 108, 'NULL', 0, 'NULL', 'NULL', 'NULL', 'NULL', '', 0, 0),
(373, 3, 109, '', 0, 'NULL', 'NULL', 'NULL', 'NULL', 'NULL', 0, 0),
(374, 3, 110, 'NULL', 0, 'NULL', 'NULL', '', 'NULL', 'NULL', 0, 0),
(375, 3, 111, 'NULL', 0, 'NULL', 'NULL', 'NULL', 'NULL', '', 0, 0),
(376, 3, 112, 'NULL', 0, '', '', 'NULL', 'NULL', 'NULL', 0, 0),
(377, 3, 113, '', 0, 'NULL', 'NULL', 'NULL', 'NULL', 'NULL', 0, 0),
(378, 3, 114, 'NULL', 0, '', 'NULL', 'NULL', 'NULL', 'NULL', 0, 0),
(379, 3, 10, 'NULL', 0, 'NULL', 'NULL', 'NULL', 'NULL', '', 0, 0),
(380, 3, 11, 'NULL', 0, 'NULL', 'NULL', 'NULL', 'NULL', '', 0, 0),
(381, 3, 12, 'NULL', 0, 'NULL', 'NULL', 'NULL', 'NULL', '', 0, 0),
(382, 3, 13, 'NULL', 0, 'NULL', 'NULL', 'NULL', 'NULL', '', 0, 0),
(383, 3, 14, 'NULL', 0, 'NULL', 'NULL', 'NULL', 'NULL', '', 0, 0),
(384, 3, 15, 'NULL', 0, 'NULL', 'NULL', 'NULL', 'NULL', '', 0, 0),
(385, 3, 16, 'NULL', 0, 'NULL', 'NULL', 'NULL', 'NULL', '', 0, 0),
(386, 3, 17, 'NULL', 0, 'NULL', 'NULL', 'NULL', 'NULL', '', 0, 0),
(387, 3, 18, 'NULL', 0, 'NULL', 'NULL', 'NULL', 'NULL', '', 0, 0),
(388, 3, 19, 'NULL', 0, 'NULL', 'NULL', 'NULL', 'NULL', '', 0, 0),
(389, 3, 20, 'NULL', 0, 'NULL', 'NULL', 'NULL', 'NULL', '', 0, 0),
(390, 3, 21, 'NULL', 0, 'NULL', 'NULL', 'NULL', 'NULL', '', 0, 0),
(391, 3, 22, 'NULL', 0, 'NULL', 'NULL', 'NULL', 'NULL', '', 0, 0),
(392, 3, 23, 'NULL', 0, 'NULL', 'NULL', 'NULL', 'NULL', '', 0, 0),
(393, 3, 24, 'NULL', 0, 'NULL', 'NULL', 'NULL', 'NULL', '', 0, 0),
(394, 3, 25, 'NULL', 0, 'NULL', 'NULL', 'NULL', 'NULL', '', 0, 0),
(395, 3, 26, 'NULL', 0, 'NULL', 'NULL', 'NULL', 'NULL', '', 0, 0),
(396, 3, 27, 'NULL', 0, 'NULL', 'NULL', 'NULL', 'NULL', '', 0, 0),
(397, 3, 28, 'NULL', 0, 'NULL', 'NULL', 'NULL', 'NULL', '', 0, 0),
(398, 3, 29, 'NULL', 0, 'NULL', 'NULL', 'NULL', 'NULL', '', 0, 0),
(399, 3, 30, 'NULL', 0, 'NULL', 'NULL', 'NULL', 'NULL', '', 0, 0),
(400, 3, 31, 'NULL', 0, 'NULL', 'NULL', 'NULL', 'NULL', '', 0, 0),
(401, 3, 32, 'NULL', 0, 'NULL', 'NULL', 'NULL', 'NULL', '', 0, 0),
(402, 3, 33, 'NULL', 0, 'NULL', 'NULL', 'NULL', 'NULL', '', 0, 0),
(403, 3, 34, 'NULL', 0, 'NULL', 'NULL', 'NULL', 'NULL', '', 0, 0),
(404, 3, 35, 'NULL', 0, 'NULL', 'NULL', 'NULL', 'NULL', '', 0, 0),
(405, 3, 36, 'NULL', 0, 'NULL', 'NULL', 'NULL', 'NULL', '', 0, 0),
(406, 3, 37, 'NULL', 0, 'NULL', 'NULL', 'NULL', 'NULL', '', 0, 0),
(407, 3, 38, 'NULL', 0, 'NULL', 'NULL', 'NULL', 'NULL', '', 0, 0),
(408, 3, 39, 'NULL', 0, 'NULL', 'NULL', 'NULL', 'NULL', '', 0, 0),
(409, 3, 40, 'NULL', 0, 'NULL', 'NULL', 'NULL', 'NULL', '', 0, 0),
(410, 3, 41, 'NULL', 0, 'NULL', 'NULL', 'NULL', 'NULL', '', 0, 0),
(411, 3, 42, 'NULL', 0, 'NULL', 'NULL', 'NULL', 'NULL', '', 0, 0),
(412, 3, 43, 'NULL', 0, 'NULL', 'NULL', 'NULL', 'NULL', '', 0, 0),
(413, 3, 44, 'NULL', 0, 'NULL', 'NULL', 'NULL', 'NULL', '', 0, 0),
(414, 3, 45, 'NULL', 0, 'NULL', 'NULL', 'NULL', 'NULL', '', 0, 0),
(415, 3, 46, 'NULL', 0, 'NULL', 'NULL', 'NULL', 'NULL', '', 0, 0),
(416, 3, 47, 'NULL', 0, 'NULL', 'NULL', 'NULL', 'NULL', '', 0, 0),
(417, 3, 48, 'NULL', 0, 'NULL', 'NULL', 'NULL', 'NULL', '', 0, 0),
(418, 3, 49, 'NULL', 0, 'NULL', 'NULL', 'NULL', 'NULL', '', 0, 0),
(419, 3, 50, 'NULL', 0, 'NULL', 'NULL', 'NULL', 'NULL', '', 0, 0),
(420, 3, 51, 'NULL', 0, 'NULL', 'NULL', 'NULL', 'NULL', '', 0, 0),
(421, 3, 52, 'NULL', 0, 'NULL', 'NULL', 'NULL', 'NULL', '', 0, 0),
(422, 3, 53, 'NULL', 0, 'NULL', 'NULL', 'NULL', 'NULL', '', 0, 0),
(423, 3, 54, 'NULL', 0, 'NULL', 'NULL', 'NULL', 'NULL', '', 0, 0),
(424, 3, 55, 'NULL', 0, 'NULL', 'NULL', 'NULL', 'NULL', '', 0, 0),
(425, 3, 56, 'NULL', 0, 'NULL', 'NULL', 'NULL', 'NULL', '', 0, 0),
(426, 3, 57, 'NULL', 0, 'NULL', 'NULL', 'NULL', 'NULL', '', 0, 0),
(427, 3, 58, 'NULL', 0, 'NULL', 'NULL', 'NULL', 'NULL', '', 0, 0),
(428, 3, 59, 'NULL', 0, 'NULL', 'NULL', 'NULL', 'NULL', '', 0, 0),
(429, 3, 60, 'NULL', 0, 'NULL', 'NULL', 'NULL', 'NULL', '', 0, 0),
(430, 3, 61, 'NULL', 0, 'NULL', 'NULL', 'NULL', 'NULL', '', 0, 0),
(431, 3, 62, 'NULL', 0, 'NULL', 'NULL', 'NULL', 'NULL', '', 0, 0),
(432, 3, 63, 'NULL', 0, 'NULL', 'NULL', 'NULL', 'NULL', '', 0, 0),
(433, 3, 64, 'NULL', 0, 'NULL', 'NULL', 'NULL', 'NULL', '', 0, 0),
(434, 3, 65, 'NULL', 0, 'NULL', 'NULL', 'NULL', 'NULL', '', 0, 0),
(435, 3, 66, 'NULL', 0, 'NULL', 'NULL', 'NULL', 'NULL', '', 0, 0),
(436, 3, 67, 'NULL', 0, 'NULL', 'NULL', 'NULL', 'NULL', '', 0, 0),
(437, 3, 68, 'NULL', 0, 'NULL', 'NULL', 'NULL', 'NULL', '', 0, 0),
(438, 3, 69, 'NULL', 0, 'NULL', 'NULL', 'NULL', 'NULL', '', 0, 0),
(439, 3, 70, 'NULL', 0, 'NULL', 'NULL', 'NULL', 'NULL', '', 0, 0),
(440, 3, 71, 'NULL', 0, 'NULL', 'NULL', 'NULL', 'NULL', '', 0, 0),
(441, 3, 72, 'NULL', 0, 'NULL', 'NULL', 'NULL', 'NULL', '', 0, 0),
(442, 3, 73, 'NULL', 0, 'NULL', 'NULL', 'NULL', 'NULL', '', 0, 0),
(443, 3, 74, 'NULL', 0, 'NULL', 'NULL', 'NULL', 'NULL', '', 0, 0),
(444, 3, 75, 'NULL', 0, 'NULL', 'NULL', 'NULL', 'NULL', '', 0, 0),
(445, 3, 76, 'NULL', 0, 'NULL', 'NULL', 'NULL', 'NULL', '', 0, 0),
(446, 3, 77, 'NULL', 0, 'NULL', 'NULL', 'NULL', 'NULL', '', 0, 0),
(447, 3, 78, 'NULL', 0, 'NULL', 'NULL', 'NULL', 'NULL', '', 0, 0),
(448, 3, 79, 'NULL', 0, 'NULL', 'NULL', 'NULL', 'NULL', '', 0, 0),
(449, 3, 80, 'NULL', 0, 'NULL', 'NULL', 'NULL', 'NULL', '', 0, 0),
(450, 3, 81, 'NULL', 0, 'NULL', 'NULL', 'NULL', 'NULL', '', 0, 0),
(451, 3, 82, 'NULL', 0, 'NULL', 'NULL', 'NULL', 'NULL', '', 0, 0),
(452, 3, 83, 'NULL', 0, 'NULL', 'NULL', 'NULL', 'NULL', '', 0, 0),
(453, 3, 84, 'NULL', 0, 'NULL', 'NULL', 'NULL', 'NULL', '', 0, 0),
(454, 3, 85, 'NULL', 0, 'NULL', 'NULL', 'NULL', 'NULL', '', 0, 0),
(455, 3, 86, 'NULL', 0, 'NULL', 'NULL', 'NULL', 'NULL', '', 0, 0),
(456, 3, 87, 'NULL', 0, 'NULL', 'NULL', 'NULL', 'NULL', '', 0, 0),
(457, 3, 88, 'NULL', 0, 'NULL', 'NULL', 'NULL', 'NULL', '', 0, 0),
(458, 3, 89, 'NULL', 0, 'NULL', 'NULL', 'NULL', 'NULL', '', 0, 0),
(459, 3, 90, 'NULL', 0, 'NULL', 'NULL', 'NULL', 'NULL', '', 0, 0),
(460, 3, 91, 'NULL', 0, 'NULL', 'NULL', 'NULL', 'NULL', '', 0, 0),
(461, 3, 92, 'NULL', 0, 'NULL', 'NULL', 'NULL', 'NULL', '', 0, 0),
(462, 3, 93, 'NULL', 0, 'NULL', 'NULL', 'NULL', 'NULL', '', 0, 0),
(463, 3, 94, 'NULL', 0, 'NULL', 'NULL', 'NULL', 'NULL', '', 0, 0),
(464, 3, 95, 'NULL', 0, 'NULL', 'NULL', 'NULL', 'NULL', '', 0, 0),
(465, 3, 96, 'NULL', 0, 'NULL', 'NULL', 'NULL', 'NULL', '', 0, 0),
(466, 3, 97, 'NULL', 0, 'NULL', 'NULL', 'NULL', 'NULL', '', 0, 0),
(467, 3, 98, 'NULL', 0, 'NULL', 'NULL', 'NULL', 'NULL', '', 0, 0),
(468, 3, 99, 'NULL', 0, 'NULL', 'NULL', 'NULL', 'NULL', '', 0, 0),
(469, 3, 100, 'NULL', 0, 'NULL', 'NULL', 'NULL', 'NULL', '', 0, 0),
(470, 3, 101, 'NULL', 0, 'NULL', 'NULL', 'NULL', 'NULL', '', 0, 0),
(471, 3, 102, 'NULL', 0, 'NULL', '', 'NULL', 'NULL', 'NULL', 0, 0),
(472, 3, 103, 'NULL', 0, 'NULL', '', 'NULL', 'NULL', 'NULL', 0, 0),
(473, 3, 104, 'NULL', 0, 'NULL', 'NULL', 'NULL', 'NULL', '', 0, 0),
(474, 3, 105, 'NULL', 0, 'NULL', 'NULL', 'NULL', 'NULL', '', 0, 0),
(475, 3, 106, 'NULL', 0, 'NULL', 'NULL', 'NULL', 'NULL', '', 0, 0),
(476, 3, 1, 'NULL', 0, '', 'NULL', 'NULL', 'NULL', 'NULL', 0, 0),
(477, 3, 2, 'NULL', 0, 'NULL', 'NULL', 'NULL', 'NULL', 'NULL', 0, 0),
(478, 3, 3, '', 0, 'NULL', 'NULL', 'NULL', 'NULL', 'NULL', 0, 0),
(479, 3, 4, '', 0, 'NULL', 'NULL', 'NULL', 'NULL', 'NULL', 0, 0),
(480, 3, 5, '', 0, 'NULL', 'NULL', 'NULL', 'NULL', 'NULL', 0, 0),
(481, 3, 6, '', 0, 'NULL', 'NULL', 'NULL', 'NULL', 'NULL', 0, 0),
(482, 3, 7, '', 0, 'NULL', 'NULL', 'NULL', 'NULL', 'NULL', 0, 0),
(483, 3, 8, '', 0, 'NULL', 'NULL', 'NULL', 'NULL', 'NULL', 0, 0),
(484, 3, 9, '', 0, 'NULL', 'NULL', 'NULL', 'NULL', 'NULL', 0, 0),
(485, 3, 115, '', 0, 'NULL', 'NULL', 'NULL', 'NULL', 'NULL', 0, 0),
(486, 3, 116, 'NULL', 0, 'NULL', 'NULL', 'NULL', 'NULL', 'NULL', 0, 0),
(487, 3, 117, '', 0, 'NULL', 'NULL', 'NULL', 'NULL', 'NULL', 0, 0),
(488, 3, 118, '', 0, 'NULL', 'NULL', 'NULL', 'NULL', 'NULL', 0, 0),
(489, 3, 119, '', 0, 'NULL', 'NULL', 'NULL', 'NULL', 'NULL', 0, 0),
(490, 3, 120, 'NULL', 0, 'NULL', 'NULL', 'NULL', 'NULL', 'NULL', 0, 0),
(491, 3, 121, '', 0, 'NULL', 'NULL', 'NULL', 'NULL', 'NULL', 0, 0),
(492, 3, 122, '', 0, 'NULL', 'NULL', 'NULL', 'NULL', 'NULL', 0, 0),
(493, 3, 123, '', 0, 'NULL', 'NULL', 'NULL', 'NULL', 'NULL', 0, 0),
(494, 3, 124, '', 0, 'NULL', 'NULL', 'NULL', 'NULL', 'NULL', 0, 0),
(495, 3, 125, 'NULL', 0, 'NULL', 'NULL', 'NULL', 'NULL', 'NULL', 0, 0),
(496, 3, 126, '', 0, 'NULL', 'NULL', 'NULL', 'NULL', 'NULL', 0, 0),
(497, 3, 127, '', 0, 'NULL', 'NULL', 'NULL', 'NULL', 'NULL', 0, 0),
(498, 3, 128, '', 0, 'NULL', 'NULL', 'NULL', 'NULL', 'NULL', 0, 0),
(499, 3, 129, '', 0, 'NULL', 'NULL', 'NULL', 'NULL', 'NULL', 0, 0),
(500, 3, 130, '', 0, 'NULL', 'NULL', 'NULL', 'NULL', 'NULL', 0, 0),
(501, 3, 131, 'NULL', 0, 'NULL', 'NULL', '', 'NULL', 'NULL', 0, 0),
(502, 3, 132, 'NULL', 0, 'NULL', 'NULL', 'NULL', '', 'NULL', 0, 0),
(503, 3, 133, 'NULL', 0, 'NULL', 'NULL', 'NULL', '', 'NULL', 0, 0),
(504, 3, 134, '', 0, 'NULL', 'NULL', 'NULL', 'NULL', 'NULL', 0, 0),
(505, 3, 135, 'NULL', 0, 'NULL', 'NULL', 'NULL', '', 'NULL', 0, 0),
(506, 3, 136, 'NULL', 0, 'NULL', 'NULL', 'NULL', '', 'NULL', 0, 0),
(507, 3, 137, 'NULL', 0, 'NULL', 'NULL', 'NULL', '', 'NULL', 0, 0),
(508, 3, 138, 'NULL', 0, 'NULL', 'NULL', 'NULL', '', 'NULL', 0, 0),
(509, 3, 139, 'NULL', 0, '', 'NULL', 'NULL', 'NULL', 'NULL', 0, 0),
(510, 3, 140, '', 0, 'NULL', 'NULL', 'NULL', 'NULL', 'NULL', 0, 0),
(511, 3, 141, '', 0, 'NULL', 'NULL', 'NULL', 'NULL', 'NULL', 0, 0),
(512, 3, 142, 'NULL', 0, 'NULL', 'NULL', 'NULL', 'NULL', 'NULL', 0, 0),
(513, 3, 143, 'NULL', 0, 'NULL', 'NULL', 'NULL', 'NULL', 'NULL', 0, 0),
(514, 3, 144, '', 0, 'NULL', 'NULL', 'NULL', 'NULL', 'NULL', 0, 0),
(515, 3, 145, 'NULL', 0, 'NULL', 'NULL', 'NULL', 'NULL', '', 0, 0),
(516, 3, 146, 'NULL', 0, 'NULL', 'NULL', 'NULL', '', 'NULL', 0, 0),
(517, 3, 147, '', 0, 'NULL', 'NULL', 'NULL', 'NULL', 'NULL', 0, 0),
(518, 3, 148, '', 0, 'NULL', 'NULL', 'NULL', 'NULL', 'NULL', 0, 0),
(519, 3, 149, '', 0, 'NULL', 'NULL', 'NULL', 'NULL', 'NULL', 0, 0),
(520, 3, 150, '', 0, 'NULL', 'NULL', 'NULL', 'NULL', 'NULL', 0, 0),
(521, 3, 151, 'NULL', 0, 'NULL', 'NULL', 'NULL', 'NULL', 'NULL', 0, 0),
(522, 3, 152, '', 0, 'NULL', 'NULL', 'NULL', 'NULL', 'NULL', 0, 0),
(523, 3, 153, '', 0, 'NULL', 'NULL', 'NULL', 'NULL', 'NULL', 0, 0),
(524, 3, 154, '', 0, 'NULL', 'NULL', 'NULL', 'NULL', 'NULL', 0, 0),
(525, 3, 155, 'NULL', 0, 'NULL', 'NULL', 'NULL', 'NULL', '', 0, 0),
(526, 3, 156, 'NULL', 0, 'NULL', 'NULL', 'NULL', 'NULL', '', 0, 0),
(527, 3, 157, 'NULL', 0, 'NULL', 'NULL', 'NULL', 'NULL', '', 0, 0),
(528, 3, 158, 'NULL', 0, 'NULL', 'NULL', 'NULL', 'NULL', '', 0, 0),
(529, 3, 159, 'NULL', 0, 'NULL', 'NULL', 'NULL', 'NULL', '', 0, 0),
(530, 3, 160, 'NULL', 0, 'NULL', 'NULL', 'NULL', 'NULL', '', 0, 0),
(531, 3, 161, 'NULL', 0, 'NULL', 'NULL', 'NULL', 'NULL', '', 0, 0),
(532, 3, 162, 'NULL', 0, 'NULL', 'NULL', 'NULL', 'NULL', '', 0, 0),
(533, 3, 163, 'NULL', 0, 'NULL', 'NULL', 'NULL', 'NULL', '', 0, 0),
(534, 3, 164, 'NULL', 0, 'NULL', 'NULL', 'NULL', 'NULL', '', 0, 0),
(535, 3, 165, 'NULL', 0, 'NULL', 'NULL', 'NULL', 'NULL', '', 0, 0),
(536, 3, 166, 'NULL', 0, 'NULL', 'NULL', 'NULL', 'NULL', '', 0, 0),
(537, 3, 167, 'NULL', 0, 'NULL', 'NULL', '', 'NULL', 'NULL', 0, 0),
(538, 3, 168, 'NULL', 0, 'NULL', 'NULL', 'NULL', 'NULL', 'NULL', 0, 0),
(539, 3, 169, 'NULL', 0, 'NULL', 'NULL', 'NULL', 'NULL', 'NULL', 0, 0),
(540, 3, 170, 'NULL', 0, 'NULL', 'NULL', 'NULL', 'NULL', 'NULL', 0, 0),
(541, 3, 171, 'NULL', 0, 'NULL', 'NULL', 'NULL', 'NULL', 'NULL', 0, 0),
(542, 3, 172, 'NULL', 0, 'NULL', 'NULL', 'NULL', 'NULL', 'NULL', 0, 0),
(543, 3, 173, 'NULL', 0, 'NULL', 'NULL', 'NULL', 'NULL', 'NULL', 0, 0),
(544, 3, 174, '', 0, 'NULL', 'NULL', 'NULL', 'NULL', 'NULL', 0, 0),
(545, 3, 175, '', 0, 'NULL', 'NULL', 'NULL', 'NULL', 'NULL', 0, 0),
(546, 3, 176, 'NULL', 0, 'NULL', 'NULL', 'NULL', 'NULL', '', 0, 0),
(547, 3, 177, 'NULL', 0, 'NULL', 'NULL', 'NULL', 'NULL', '', 0, 0),
(548, 3, 178, 'NULL', 0, 'NULL', 'NULL', 'NULL', 'NULL', '', 0, 0),
(549, 3, 179, 'NULL', 0, 'NULL', 'NULL', 'NULL', 'NULL', '', 0, 0),
(550, 3, 180, 'NULL', 0, 'NULL', 'NULL', 'NULL', 'NULL', '', 0, 0),
(551, 3, 181, 'NULL', 0, 'NULL', 'NULL', 'NULL', 'NULL', '', 0, 0),
(552, 3, 182, 'NULL', 0, 'NULL', 'NULL', 'NULL', 'NULL', '', 0, 0),
(553, 3, 183, 'NULL', 0, 'NULL', 'NULL', 'NULL', 'NULL', '', 0, 0),
(554, 3, 184, 'NULL', 0, 'NULL', 'NULL', 'NULL', 'NULL', '', 0, 0),
(555, 3, 185, 'NULL', 0, 'NULL', 'NULL', 'NULL', 'NULL', '', 0, 0),
(556, 4, 107, 'Dor de barriga', 0, 'NULL', 'NULL', 'NULL', 'NULL', 'NULL', 0, 0),
(557, 4, 108, 'NULL', 0, 'NULL', 'NULL', 'NULL', 'NULL', '', 0, 0),
(558, 4, 109, '', 0, 'NULL', 'NULL', 'NULL', 'NULL', 'NULL', 0, 0),
(559, 4, 110, 'NULL', 0, 'NULL', 'NULL', '', 'NULL', 'NULL', 0, 0),
(560, 4, 111, 'NULL', 0, 'NULL', 'NULL', 'NULL', 'NULL', '', 0, 0),
(561, 4, 112, 'NULL', 0, '', '', 'NULL', 'NULL', 'NULL', 0, 0),
(562, 4, 113, '', 0, 'NULL', 'NULL', 'NULL', 'NULL', 'NULL', 0, 0),
(563, 4, 114, 'NULL', 0, '', 'NULL', 'NULL', 'NULL', 'NULL', 0, 0),
(564, 4, 10, 'NULL', 0, 'NULL', 'NULL', 'NULL', 'NULL', '', 0, 0),
(565, 4, 11, 'NULL', 0, 'NULL', 'NULL', 'NULL', 'NULL', '', 0, 0),
(566, 4, 12, 'NULL', 0, 'NULL', 'NULL', 'NULL', 'NULL', '', 0, 0),
(567, 4, 13, 'NULL', 0, 'NULL', 'NULL', 'NULL', 'NULL', '', 0, 0),
(568, 4, 14, 'NULL', 0, 'NULL', 'NULL', 'NULL', 'NULL', '', 0, 0),
(569, 4, 15, 'NULL', 0, 'NULL', 'NULL', 'NULL', 'NULL', '', 0, 0),
(570, 4, 16, 'NULL', 0, 'NULL', 'NULL', 'NULL', 'NULL', '', 0, 0),
(571, 4, 17, 'NULL', 0, 'NULL', 'NULL', 'NULL', 'NULL', '', 0, 0),
(572, 4, 18, 'NULL', 0, 'NULL', 'NULL', 'NULL', 'NULL', '', 0, 0),
(573, 4, 19, 'NULL', 0, 'NULL', 'NULL', 'NULL', 'NULL', '', 0, 0),
(574, 4, 20, 'NULL', 0, 'NULL', 'NULL', 'NULL', 'NULL', '', 0, 0),
(575, 4, 21, 'NULL', 0, 'NULL', 'NULL', 'NULL', 'NULL', '', 0, 0),
(576, 4, 22, 'NULL', 0, 'NULL', 'NULL', 'NULL', 'NULL', '', 0, 0),
(577, 4, 23, 'NULL', 0, 'NULL', 'NULL', 'NULL', 'NULL', '', 0, 0),
(578, 4, 24, 'NULL', 0, 'NULL', 'NULL', 'NULL', 'NULL', '', 0, 0),
(579, 4, 25, 'NULL', 0, 'NULL', 'NULL', 'NULL', 'NULL', '', 0, 0),
(580, 4, 26, 'NULL', 0, 'NULL', 'NULL', 'NULL', 'NULL', '', 0, 0),
(581, 4, 27, 'NULL', 0, 'NULL', 'NULL', 'NULL', 'NULL', '', 0, 0),
(582, 4, 28, 'NULL', 0, 'NULL', 'NULL', 'NULL', 'NULL', '', 0, 0),
(583, 4, 29, 'NULL', 0, 'NULL', 'NULL', 'NULL', 'NULL', '', 0, 0),
(584, 4, 30, 'NULL', 0, 'NULL', 'NULL', 'NULL', 'NULL', '', 0, 0),
(585, 4, 31, 'NULL', 0, 'NULL', 'NULL', 'NULL', 'NULL', '', 0, 0),
(586, 4, 32, 'NULL', 0, 'NULL', 'NULL', 'NULL', 'NULL', '', 0, 0),
(587, 4, 33, 'NULL', 0, 'NULL', 'NULL', 'NULL', 'NULL', '', 0, 0),
(588, 4, 34, 'NULL', 0, 'NULL', 'NULL', 'NULL', 'NULL', '', 0, 0),
(589, 4, 35, 'NULL', 0, 'NULL', 'NULL', 'NULL', 'NULL', '', 0, 0),
(590, 4, 36, 'NULL', 0, 'NULL', 'NULL', 'NULL', 'NULL', '', 0, 0),
(591, 4, 37, 'NULL', 0, 'NULL', 'NULL', 'NULL', 'NULL', '', 0, 0),
(592, 4, 38, 'NULL', 0, 'NULL', 'NULL', 'NULL', 'NULL', '', 0, 0),
(593, 4, 39, 'NULL', 0, 'NULL', 'NULL', 'NULL', 'NULL', '', 0, 0),
(594, 4, 40, 'NULL', 0, 'NULL', 'NULL', 'NULL', 'NULL', '', 0, 0),
(595, 4, 41, 'NULL', 0, 'NULL', 'NULL', 'NULL', 'NULL', '', 0, 0),
(596, 4, 42, 'NULL', 0, 'NULL', 'NULL', 'NULL', 'NULL', '', 0, 0),
(597, 4, 43, 'NULL', 0, 'NULL', 'NULL', 'NULL', 'NULL', '', 0, 0),
(598, 4, 44, 'NULL', 0, 'NULL', 'NULL', 'NULL', 'NULL', '', 0, 0),
(599, 4, 45, 'NULL', 0, 'NULL', 'NULL', 'NULL', 'NULL', '', 0, 0),
(600, 4, 46, 'NULL', 0, 'NULL', 'NULL', 'NULL', 'NULL', '', 0, 0),
(601, 4, 47, 'NULL', 0, 'NULL', 'NULL', 'NULL', 'NULL', '', 0, 0),
(602, 4, 48, 'NULL', 0, 'NULL', 'NULL', 'NULL', 'NULL', '', 0, 0),
(603, 4, 49, 'NULL', 0, 'NULL', 'NULL', 'NULL', 'NULL', '', 0, 0),
(604, 4, 50, 'NULL', 0, 'NULL', 'NULL', 'NULL', 'NULL', '', 0, 0),
(605, 4, 51, 'NULL', 0, 'NULL', 'NULL', 'NULL', 'NULL', '', 0, 0),
(606, 4, 52, 'NULL', 0, 'NULL', 'NULL', 'NULL', 'NULL', '', 0, 0),
(607, 4, 53, 'NULL', 0, 'NULL', 'NULL', 'NULL', 'NULL', '', 0, 0),
(608, 4, 54, 'NULL', 0, 'NULL', 'NULL', 'NULL', 'NULL', '', 0, 0),
(609, 4, 55, 'NULL', 0, 'NULL', 'NULL', 'NULL', 'NULL', '', 0, 0),
(610, 4, 56, 'NULL', 0, 'NULL', 'NULL', 'NULL', 'NULL', '', 0, 0),
(611, 4, 57, 'NULL', 0, 'NULL', 'NULL', 'NULL', 'NULL', '', 0, 0),
(612, 4, 58, 'NULL', 0, 'NULL', 'NULL', 'NULL', 'NULL', '', 0, 0),
(613, 4, 59, 'NULL', 0, 'NULL', 'NULL', 'NULL', 'NULL', '', 0, 0),
(614, 4, 60, 'NULL', 0, 'NULL', 'NULL', 'NULL', 'NULL', '', 0, 0),
(615, 4, 61, 'NULL', 0, 'NULL', 'NULL', 'NULL', 'NULL', '', 0, 0),
(616, 4, 62, 'NULL', 0, 'NULL', 'NULL', 'NULL', 'NULL', '', 0, 0),
(617, 4, 63, 'NULL', 0, 'NULL', 'NULL', 'NULL', 'NULL', '', 0, 0),
(618, 4, 64, 'NULL', 0, 'NULL', 'NULL', 'NULL', 'NULL', '', 0, 0),
(619, 4, 65, 'NULL', 0, 'NULL', 'NULL', 'NULL', 'NULL', '', 0, 0),
(620, 4, 66, 'NULL', 0, 'NULL', 'NULL', 'NULL', 'NULL', '', 0, 0),
(621, 4, 67, 'NULL', 0, 'NULL', 'NULL', 'NULL', 'NULL', '', 0, 0),
(622, 4, 68, 'NULL', 0, 'NULL', 'NULL', 'NULL', 'NULL', '', 0, 0),
(623, 4, 69, 'NULL', 0, 'NULL', 'NULL', 'NULL', 'NULL', '', 0, 0),
(624, 4, 70, 'NULL', 0, 'NULL', 'NULL', 'NULL', 'NULL', '', 0, 0),
(625, 4, 71, 'NULL', 0, 'NULL', 'NULL', 'NULL', 'NULL', '', 0, 0),
(626, 4, 72, 'NULL', 0, 'NULL', 'NULL', 'NULL', 'NULL', '', 0, 0),
(627, 4, 73, 'NULL', 0, 'NULL', 'NULL', 'NULL', 'NULL', '', 0, 0),
(628, 4, 74, 'NULL', 0, 'NULL', 'NULL', 'NULL', 'NULL', '', 0, 0),
(629, 4, 75, 'NULL', 0, 'NULL', 'NULL', 'NULL', 'NULL', '', 0, 0),
(630, 4, 76, 'NULL', 0, 'NULL', 'NULL', 'NULL', 'NULL', '', 0, 0),
(631, 4, 77, 'NULL', 0, 'NULL', 'NULL', 'NULL', 'NULL', '', 0, 0),
(632, 4, 78, 'NULL', 0, 'NULL', 'NULL', 'NULL', 'NULL', '', 0, 0),
(633, 4, 79, 'NULL', 0, 'NULL', 'NULL', 'NULL', 'NULL', '', 0, 0),
(634, 4, 80, 'NULL', 0, 'NULL', 'NULL', 'NULL', 'NULL', '', 0, 0),
(635, 4, 81, 'NULL', 0, 'NULL', 'NULL', 'NULL', 'NULL', '', 0, 0),
(636, 4, 82, 'NULL', 0, 'NULL', 'NULL', 'NULL', 'NULL', '', 0, 0),
(637, 4, 83, 'NULL', 0, 'NULL', 'NULL', 'NULL', 'NULL', '', 0, 0),
(638, 4, 84, 'NULL', 0, 'NULL', 'NULL', 'NULL', 'NULL', '', 0, 0),
(639, 4, 85, 'NULL', 0, 'NULL', 'NULL', 'NULL', 'NULL', '', 0, 0),
(640, 4, 86, 'NULL', 0, 'NULL', 'NULL', 'NULL', 'NULL', '', 0, 0),
(641, 4, 87, 'NULL', 0, 'NULL', 'NULL', 'NULL', 'NULL', '', 0, 0),
(642, 4, 88, 'NULL', 0, 'NULL', 'NULL', 'NULL', 'NULL', '', 0, 0),
(643, 4, 89, 'NULL', 0, 'NULL', 'NULL', 'NULL', 'NULL', '', 0, 0),
(644, 4, 90, 'NULL', 0, 'NULL', 'NULL', 'NULL', 'NULL', '', 0, 0),
(645, 4, 91, 'NULL', 0, 'NULL', 'NULL', 'NULL', 'NULL', '', 0, 0),
(646, 4, 92, 'NULL', 0, 'NULL', 'NULL', 'NULL', 'NULL', '', 0, 0),
(647, 4, 93, 'NULL', 0, 'NULL', 'NULL', 'NULL', 'NULL', '', 0, 0),
(648, 4, 94, 'NULL', 0, 'NULL', 'NULL', 'NULL', 'NULL', '', 0, 0),
(649, 4, 95, 'NULL', 0, 'NULL', 'NULL', 'NULL', 'NULL', '', 0, 0),
(650, 4, 96, 'NULL', 0, 'NULL', 'NULL', 'NULL', 'NULL', '', 0, 0),
(651, 4, 97, 'NULL', 0, 'NULL', 'NULL', 'NULL', 'NULL', '', 0, 0),
(652, 4, 98, 'NULL', 0, 'NULL', 'NULL', 'NULL', 'NULL', '', 0, 0),
(653, 4, 99, 'NULL', 0, 'NULL', 'NULL', 'NULL', 'NULL', '', 0, 0),
(654, 4, 100, 'NULL', 0, 'NULL', 'NULL', 'NULL', 'NULL', '', 0, 0),
(655, 4, 101, 'NULL', 0, 'NULL', 'NULL', 'NULL', 'NULL', '', 0, 0),
(656, 4, 102, 'NULL', 0, 'NULL', '', 'NULL', 'NULL', 'NULL', 0, 0),
(657, 4, 103, 'NULL', 0, 'NULL', '', 'NULL', 'NULL', 'NULL', 0, 0),
(658, 4, 104, 'NULL', 0, 'NULL', 'NULL', 'NULL', 'NULL', '', 0, 0),
(659, 4, 105, 'NULL', 0, 'NULL', 'NULL', 'NULL', 'NULL', '', 0, 0),
(660, 4, 106, 'NULL', 0, 'NULL', 'NULL', 'NULL', 'NULL', '', 0, 0),
(661, 4, 1, 'NULL', 0, '', 'NULL', 'NULL', 'NULL', 'NULL', 0, 0),
(662, 4, 2, 'NULL', 0, 'NULL', 'NULL', 'NULL', 'NULL', 'NULL', 0, 0),
(663, 4, 3, '', 0, 'NULL', 'NULL', 'NULL', 'NULL', 'NULL', 0, 0),
(664, 4, 4, '', 0, 'NULL', 'NULL', 'NULL', 'NULL', 'NULL', 0, 0),
(665, 4, 5, '', 0, 'NULL', 'NULL', 'NULL', 'NULL', 'NULL', 0, 0),
(666, 4, 6, '', 0, 'NULL', 'NULL', 'NULL', 'NULL', 'NULL', 0, 0),
(667, 4, 7, '', 0, 'NULL', 'NULL', 'NULL', 'NULL', 'NULL', 0, 0),
(668, 4, 8, '', 0, 'NULL', 'NULL', 'NULL', 'NULL', 'NULL', 0, 0),
(669, 4, 9, '', 0, 'NULL', 'NULL', 'NULL', 'NULL', 'NULL', 0, 0),
(670, 4, 115, '', 0, 'NULL', 'NULL', 'NULL', 'NULL', 'NULL', 0, 0),
(671, 4, 116, 'NULL', 0, 'NULL', 'NULL', 'NULL', 'NULL', 'NULL', 0, 0),
(672, 4, 117, '', 0, 'NULL', 'NULL', 'NULL', 'NULL', 'NULL', 0, 0),
(673, 4, 118, '', 0, 'NULL', 'NULL', 'NULL', 'NULL', 'NULL', 0, 0),
(674, 4, 119, '', 0, 'NULL', 'NULL', 'NULL', 'NULL', 'NULL', 0, 0),
(675, 4, 120, 'NULL', 0, 'NULL', 'NULL', 'NULL', 'NULL', 'NULL', 0, 0),
(676, 4, 121, '', 0, 'NULL', 'NULL', 'NULL', 'NULL', 'NULL', 0, 0),
(677, 4, 122, '', 0, 'NULL', 'NULL', 'NULL', 'NULL', 'NULL', 0, 0),
(678, 4, 123, '', 0, 'NULL', 'NULL', 'NULL', 'NULL', 'NULL', 0, 0),
(679, 4, 124, '', 0, 'NULL', 'NULL', 'NULL', 'NULL', 'NULL', 0, 0),
(680, 4, 125, 'NULL', 0, 'NULL', 'NULL', 'NULL', 'NULL', 'NULL', 0, 0),
(681, 4, 126, '', 0, 'NULL', 'NULL', 'NULL', 'NULL', 'NULL', 0, 0),
(682, 4, 127, '', 0, 'NULL', 'NULL', 'NULL', 'NULL', 'NULL', 0, 0),
(683, 4, 128, '', 0, 'NULL', 'NULL', 'NULL', 'NULL', 'NULL', 0, 0),
(684, 4, 129, '', 0, 'NULL', 'NULL', 'NULL', 'NULL', 'NULL', 0, 0),
(685, 4, 130, '', 0, 'NULL', 'NULL', 'NULL', 'NULL', 'NULL', 0, 0),
(686, 4, 131, 'NULL', 0, 'NULL', 'NULL', '', 'NULL', 'NULL', 0, 0),
(687, 4, 132, 'NULL', 0, 'NULL', 'NULL', 'NULL', '', 'NULL', 0, 0),
(688, 4, 133, 'NULL', 0, 'NULL', 'NULL', 'NULL', '', 'NULL', 0, 0),
(689, 4, 134, '', 0, 'NULL', 'NULL', 'NULL', 'NULL', 'NULL', 0, 0),
(690, 4, 135, 'NULL', 0, 'NULL', 'NULL', 'NULL', '', 'NULL', 0, 0),
(691, 4, 136, 'NULL', 0, 'NULL', 'NULL', 'NULL', '', 'NULL', 0, 0),
(692, 4, 137, 'NULL', 0, 'NULL', 'NULL', 'NULL', '', 'NULL', 0, 0),
(693, 4, 138, 'NULL', 0, 'NULL', 'NULL', 'NULL', '', 'NULL', 0, 0),
(694, 4, 139, 'NULL', 0, '', 'NULL', 'NULL', 'NULL', 'NULL', 0, 0),
(695, 4, 140, '', 0, 'NULL', 'NULL', 'NULL', 'NULL', 'NULL', 0, 0),
(696, 4, 141, '', 0, 'NULL', 'NULL', 'NULL', 'NULL', 'NULL', 0, 0),
(697, 4, 142, 'NULL', 0, 'NULL', 'NULL', 'NULL', 'NULL', 'NULL', 0, 0),
(698, 4, 143, 'NULL', 0, 'NULL', 'NULL', 'NULL', 'NULL', 'NULL', 0, 0),
(699, 4, 144, '', 0, 'NULL', 'NULL', 'NULL', 'NULL', 'NULL', 0, 0),
(700, 4, 145, 'NULL', 0, 'NULL', 'NULL', 'NULL', 'NULL', '', 0, 0),
(701, 4, 146, 'NULL', 0, 'NULL', 'NULL', 'NULL', '', 'NULL', 0, 0),
(702, 4, 147, '', 0, 'NULL', 'NULL', 'NULL', 'NULL', 'NULL', 0, 0),
(703, 4, 148, '', 0, 'NULL', 'NULL', 'NULL', 'NULL', 'NULL', 0, 0),
(704, 4, 149, '', 0, 'NULL', 'NULL', 'NULL', 'NULL', 'NULL', 0, 0),
(705, 4, 150, '', 0, 'NULL', 'NULL', 'NULL', 'NULL', 'NULL', 0, 0),
(706, 4, 151, 'NULL', 0, 'NULL', 'NULL', 'NULL', 'NULL', 'NULL', 0, 0),
(707, 4, 152, '', 0, 'NULL', 'NULL', 'NULL', 'NULL', 'NULL', 0, 0),
(708, 4, 153, '', 0, 'NULL', 'NULL', 'NULL', 'NULL', 'NULL', 0, 0),
(709, 4, 154, '', 0, 'NULL', 'NULL', 'NULL', 'NULL', 'NULL', 0, 0),
(710, 4, 155, 'NULL', 0, 'NULL', 'NULL', 'NULL', 'NULL', '', 0, 0),
(711, 4, 156, 'NULL', 0, 'NULL', 'NULL', 'NULL', 'NULL', '', 0, 0),
(712, 4, 157, 'NULL', 0, 'NULL', 'NULL', 'NULL', 'NULL', '', 0, 0),
(713, 4, 158, 'NULL', 0, 'NULL', 'NULL', 'NULL', 'NULL', '', 0, 0),
(714, 4, 159, 'NULL', 0, 'NULL', 'NULL', 'NULL', 'NULL', '', 0, 0),
(715, 4, 160, 'NULL', 0, 'NULL', 'NULL', 'NULL', 'NULL', '', 0, 0),
(716, 4, 161, 'NULL', 0, 'NULL', 'NULL', 'NULL', 'NULL', '', 0, 0),
(717, 4, 162, 'NULL', 0, 'NULL', 'NULL', 'NULL', 'NULL', '', 0, 0),
(718, 4, 163, 'NULL', 0, 'NULL', 'NULL', 'NULL', 'NULL', '', 0, 0),
(719, 4, 164, 'NULL', 0, 'NULL', 'NULL', 'NULL', 'NULL', '', 0, 0),
(720, 4, 165, 'NULL', 0, 'NULL', 'NULL', 'NULL', 'NULL', '', 0, 0),
(721, 4, 166, 'NULL', 0, 'NULL', 'NULL', 'NULL', 'NULL', '', 0, 0),
(722, 4, 167, 'NULL', 0, 'NULL', 'NULL', '', 'NULL', 'NULL', 0, 0),
(723, 4, 168, 'NULL', 0, 'NULL', 'NULL', 'NULL', 'NULL', 'NULL', 0, 0),
(724, 4, 169, 'NULL', 0, 'NULL', 'NULL', 'NULL', 'NULL', 'NULL', 0, 0),
(725, 4, 170, 'NULL', 0, 'NULL', 'NULL', 'NULL', 'NULL', 'NULL', 0, 0),
(726, 4, 171, 'NULL', 0, 'NULL', 'NULL', 'NULL', 'NULL', 'NULL', 0, 0),
(727, 4, 172, 'NULL', 0, 'NULL', 'NULL', 'NULL', 'NULL', 'NULL', 0, 0),
(728, 4, 173, 'NULL', 0, 'NULL', 'NULL', 'NULL', 'NULL', 'NULL', 0, 0),
(729, 4, 174, '', 0, 'NULL', 'NULL', 'NULL', 'NULL', 'NULL', 0, 0),
(730, 4, 175, '', 0, 'NULL', 'NULL', 'NULL', 'NULL', 'NULL', 0, 0),
(731, 4, 176, 'NULL', 0, 'NULL', 'NULL', 'NULL', 'NULL', '', 0, 0),
(732, 4, 177, 'NULL', 0, 'NULL', 'NULL', 'NULL', 'NULL', '', 0, 0),
(733, 4, 178, 'NULL', 0, 'NULL', 'NULL', 'NULL', 'NULL', '', 0, 0),
(734, 4, 179, 'NULL', 0, 'NULL', 'NULL', 'NULL', 'NULL', '', 0, 0),
(735, 4, 180, 'NULL', 0, 'NULL', 'NULL', 'NULL', 'NULL', '', 0, 0),
(736, 4, 181, 'NULL', 0, 'NULL', 'NULL', 'NULL', 'NULL', '', 0, 0),
(737, 4, 182, 'NULL', 0, 'NULL', 'NULL', 'NULL', 'NULL', '', 0, 0),
(738, 4, 183, 'NULL', 0, 'NULL', 'NULL', 'NULL', 'NULL', '', 0, 0),
(739, 4, 184, 'NULL', 0, 'NULL', 'NULL', 'NULL', 'NULL', '', 0, 0),
(740, 4, 185, 'NULL', 0, 'NULL', 'NULL', 'NULL', 'NULL', '', 0, 0),
(741, 5, 107, 'Dor de cabeça', 0, 'NULL', 'NULL', 'NULL', 'NULL', 'NULL', 0, 0),
(742, 5, 108, 'NULL', 0, 'NULL', 'NULL', 'NULL', 'NULL', '', 0, 0),
(743, 5, 109, '', 0, 'NULL', 'NULL', 'NULL', 'NULL', 'NULL', 0, 0),
(744, 5, 110, 'NULL', 0, 'NULL', 'NULL', '', 'NULL', 'NULL', 0, 0),
(745, 5, 111, 'NULL', 0, 'NULL', 'NULL', 'NULL', 'NULL', '', 0, 0),
(746, 5, 112, 'NULL', 0, '', '', 'NULL', 'NULL', 'NULL', 0, 0),
(747, 5, 113, '', 0, 'NULL', 'NULL', 'NULL', 'NULL', 'NULL', 0, 0),
(748, 5, 114, 'NULL', 0, '', 'NULL', 'NULL', 'NULL', 'NULL', 0, 0),
(749, 5, 10, 'NULL', 0, 'NULL', 'NULL', 'NULL', 'NULL', '', 0, 0),
(750, 5, 11, 'NULL', 0, 'NULL', 'NULL', 'NULL', 'NULL', '', 0, 0),
(751, 5, 12, 'NULL', 0, 'NULL', 'NULL', 'NULL', 'NULL', '', 0, 0),
(752, 5, 13, 'NULL', 0, 'NULL', 'NULL', 'NULL', 'NULL', '', 0, 0),
(753, 5, 14, 'NULL', 0, 'NULL', 'NULL', 'NULL', 'NULL', '', 0, 0),
(754, 5, 15, 'NULL', 0, 'NULL', 'NULL', 'NULL', 'NULL', '', 0, 0),
(755, 5, 16, 'NULL', 1, 'NULL', 'NULL', 'NULL', 'NULL', '', 0, 0),
(756, 5, 17, 'NULL', 1, 'NULL', 'NULL', 'NULL', 'NULL', '', 0, 0),
(757, 5, 18, 'NULL', 0, 'NULL', 'NULL', 'NULL', 'NULL', '', 0, 0);
INSERT INTO `tb_resposta` (`Cod_Resposta_Prontuario`, `Num_Prontuario`, `Cod_Pergunta`, `Des_Resposta_Aberta`, `Ind_Resposta_SimNao`, `Des_Resposta_Qual`, `Des_Resposta_Quando`, `Des_Resposta_Outros`, `Des_Resposta_Cite`, `Des_Resposta_Observacao`, `Cod_Resposta_ComboBox`, `Cod_Resposta_Radio`) VALUES
(758, 5, 19, 'NULL', 1, 'NULL', 'NULL', 'NULL', 'NULL', '', 0, 0),
(759, 5, 20, 'NULL', 0, 'NULL', 'NULL', 'NULL', 'NULL', '', 0, 0),
(760, 5, 21, 'NULL', 0, 'NULL', 'NULL', 'NULL', 'NULL', '', 0, 0),
(761, 5, 22, 'NULL', 0, 'NULL', 'NULL', 'NULL', 'NULL', '', 0, 0),
(762, 5, 23, 'NULL', 0, 'NULL', 'NULL', 'NULL', 'NULL', '', 0, 0),
(763, 5, 24, 'NULL', 0, 'NULL', 'NULL', 'NULL', 'NULL', '', 0, 0),
(764, 5, 25, 'NULL', 1, 'NULL', 'NULL', 'NULL', 'NULL', '', 0, 0),
(765, 5, 26, 'NULL', 0, 'NULL', 'NULL', 'NULL', 'NULL', '', 0, 0),
(766, 5, 27, 'NULL', 1, 'NULL', 'NULL', 'NULL', 'NULL', '', 0, 0),
(767, 5, 28, 'NULL', 0, 'NULL', 'NULL', 'NULL', 'NULL', '', 0, 0),
(768, 5, 29, 'NULL', 0, 'NULL', 'NULL', 'NULL', 'NULL', '', 0, 0),
(769, 5, 30, 'NULL', 0, 'NULL', 'NULL', 'NULL', 'NULL', '', 0, 0),
(770, 5, 31, 'NULL', 1, 'NULL', 'NULL', 'NULL', 'NULL', '', 0, 0),
(771, 5, 32, 'NULL', 0, 'NULL', 'NULL', 'NULL', 'NULL', '', 0, 0),
(772, 5, 33, 'NULL', 0, 'NULL', 'NULL', 'NULL', 'NULL', '', 0, 0),
(773, 5, 34, 'NULL', 0, 'NULL', 'NULL', 'NULL', 'NULL', '', 0, 0),
(774, 5, 35, 'NULL', 0, 'NULL', 'NULL', 'NULL', 'NULL', '', 0, 0),
(775, 5, 36, 'NULL', 0, 'NULL', 'NULL', 'NULL', 'NULL', '', 0, 0),
(776, 5, 37, 'NULL', 0, 'NULL', 'NULL', 'NULL', 'NULL', '', 0, 0),
(777, 5, 38, 'NULL', 0, 'NULL', 'NULL', 'NULL', 'NULL', '', 0, 0),
(778, 5, 39, 'NULL', 0, 'NULL', 'NULL', 'NULL', 'NULL', '', 0, 0),
(779, 5, 40, 'NULL', 0, 'NULL', 'NULL', 'NULL', 'NULL', '', 0, 0),
(780, 5, 41, 'NULL', 0, 'NULL', 'NULL', 'NULL', 'NULL', '', 0, 0),
(781, 5, 42, 'NULL', 0, 'NULL', 'NULL', 'NULL', 'NULL', '', 0, 0),
(782, 5, 43, 'NULL', 0, 'NULL', 'NULL', 'NULL', 'NULL', '', 0, 0),
(783, 5, 44, 'NULL', 0, 'NULL', 'NULL', 'NULL', 'NULL', '', 0, 0),
(784, 5, 45, 'NULL', 0, 'NULL', 'NULL', 'NULL', 'NULL', '', 0, 0),
(785, 5, 46, 'NULL', 0, 'NULL', 'NULL', 'NULL', 'NULL', '', 0, 0),
(786, 5, 47, 'NULL', 0, 'NULL', 'NULL', 'NULL', 'NULL', '', 0, 0),
(787, 5, 48, 'NULL', 0, 'NULL', 'NULL', 'NULL', 'NULL', '', 0, 0),
(788, 5, 49, 'NULL', 0, 'NULL', 'NULL', 'NULL', 'NULL', '', 0, 0),
(789, 5, 50, 'NULL', 0, 'NULL', 'NULL', 'NULL', 'NULL', '', 0, 0),
(790, 5, 51, 'NULL', 0, 'NULL', 'NULL', 'NULL', 'NULL', '', 0, 0),
(791, 5, 52, 'NULL', 0, 'NULL', 'NULL', 'NULL', 'NULL', '', 0, 0),
(792, 5, 53, 'NULL', 0, 'NULL', 'NULL', 'NULL', 'NULL', '', 0, 0),
(793, 5, 54, 'NULL', 0, 'NULL', 'NULL', 'NULL', 'NULL', '', 0, 0),
(794, 5, 55, 'NULL', 0, 'NULL', 'NULL', 'NULL', 'NULL', '', 0, 0),
(795, 5, 56, 'NULL', 0, 'NULL', 'NULL', 'NULL', 'NULL', '', 0, 0),
(796, 5, 57, 'NULL', 0, 'NULL', 'NULL', 'NULL', 'NULL', '', 0, 0),
(797, 5, 58, 'NULL', 0, 'NULL', 'NULL', 'NULL', 'NULL', '', 0, 0),
(798, 5, 59, 'NULL', 0, 'NULL', 'NULL', 'NULL', 'NULL', '', 0, 0),
(799, 5, 60, 'NULL', 0, 'NULL', 'NULL', 'NULL', 'NULL', '', 0, 0),
(800, 5, 61, 'NULL', 0, 'NULL', 'NULL', 'NULL', 'NULL', '', 0, 0),
(801, 5, 62, 'NULL', 0, 'NULL', 'NULL', 'NULL', 'NULL', '', 0, 0),
(802, 5, 63, 'NULL', 0, 'NULL', 'NULL', 'NULL', 'NULL', '', 0, 0),
(803, 5, 64, 'NULL', 0, 'NULL', 'NULL', 'NULL', 'NULL', '', 0, 0),
(804, 5, 65, 'NULL', 0, 'NULL', 'NULL', 'NULL', 'NULL', '', 0, 0),
(805, 5, 66, 'NULL', 0, 'NULL', 'NULL', 'NULL', 'NULL', '', 0, 0),
(806, 5, 67, 'NULL', 0, 'NULL', 'NULL', 'NULL', 'NULL', '', 0, 0),
(807, 5, 68, 'NULL', 0, 'NULL', 'NULL', 'NULL', 'NULL', '', 0, 0),
(808, 5, 69, 'NULL', 0, 'NULL', 'NULL', 'NULL', 'NULL', '', 0, 0),
(809, 5, 70, 'NULL', 0, 'NULL', 'NULL', 'NULL', 'NULL', '', 0, 0),
(810, 5, 71, 'NULL', 0, 'NULL', 'NULL', 'NULL', 'NULL', '', 0, 0),
(811, 5, 72, 'NULL', 0, 'NULL', 'NULL', 'NULL', 'NULL', '', 0, 0),
(812, 5, 73, 'NULL', 0, 'NULL', 'NULL', 'NULL', 'NULL', '', 0, 0),
(813, 5, 74, 'NULL', 0, 'NULL', 'NULL', 'NULL', 'NULL', '', 0, 0),
(814, 5, 75, 'NULL', 0, 'NULL', 'NULL', 'NULL', 'NULL', '', 0, 0),
(815, 5, 76, 'NULL', 0, 'NULL', 'NULL', 'NULL', 'NULL', '', 0, 0),
(816, 5, 77, 'NULL', 0, 'NULL', 'NULL', 'NULL', 'NULL', '', 0, 0),
(817, 5, 78, 'NULL', 0, 'NULL', 'NULL', 'NULL', 'NULL', '', 0, 0),
(818, 5, 79, 'NULL', 0, 'NULL', 'NULL', 'NULL', 'NULL', '', 0, 0),
(819, 5, 80, 'NULL', 0, 'NULL', 'NULL', 'NULL', 'NULL', '', 0, 0),
(820, 5, 81, 'NULL', 0, 'NULL', 'NULL', 'NULL', 'NULL', '', 0, 0),
(821, 5, 82, 'NULL', 0, 'NULL', 'NULL', 'NULL', 'NULL', '', 0, 0),
(822, 5, 83, 'NULL', 0, 'NULL', 'NULL', 'NULL', 'NULL', '', 0, 0),
(823, 5, 84, 'NULL', 0, 'NULL', 'NULL', 'NULL', 'NULL', '', 0, 0),
(824, 5, 85, 'NULL', 0, 'NULL', 'NULL', 'NULL', 'NULL', '', 0, 0),
(825, 5, 86, 'NULL', 0, 'NULL', 'NULL', 'NULL', 'NULL', '', 0, 0),
(826, 5, 87, 'NULL', 0, 'NULL', 'NULL', 'NULL', 'NULL', '', 0, 0),
(827, 5, 88, 'NULL', 0, 'NULL', 'NULL', 'NULL', 'NULL', '', 0, 0),
(828, 5, 89, 'NULL', 0, 'NULL', 'NULL', 'NULL', 'NULL', '', 0, 0),
(829, 5, 90, 'NULL', 0, 'NULL', 'NULL', 'NULL', 'NULL', '', 0, 0),
(830, 5, 91, 'NULL', 0, 'NULL', 'NULL', 'NULL', 'NULL', '', 0, 0),
(831, 5, 92, 'NULL', 0, 'NULL', 'NULL', 'NULL', 'NULL', '', 0, 0),
(832, 5, 93, 'NULL', 0, 'NULL', 'NULL', 'NULL', 'NULL', '', 0, 0),
(833, 5, 94, 'NULL', 0, 'NULL', 'NULL', 'NULL', 'NULL', '', 0, 0),
(834, 5, 95, 'NULL', 0, 'NULL', 'NULL', 'NULL', 'NULL', '', 0, 0),
(835, 5, 96, 'NULL', 0, 'NULL', 'NULL', 'NULL', 'NULL', '', 0, 0),
(836, 5, 97, 'NULL', 0, 'NULL', 'NULL', 'NULL', 'NULL', '', 0, 0),
(837, 5, 98, 'NULL', 0, 'NULL', 'NULL', 'NULL', 'NULL', '', 0, 0),
(838, 5, 99, 'NULL', 0, 'NULL', 'NULL', 'NULL', 'NULL', '', 0, 0),
(839, 5, 100, 'NULL', 0, 'NULL', 'NULL', 'NULL', 'NULL', '', 0, 0),
(840, 5, 101, 'NULL', 0, 'NULL', 'NULL', 'NULL', 'NULL', '', 0, 0),
(841, 5, 102, 'NULL', 0, 'NULL', '', 'NULL', 'NULL', 'NULL', 0, 0),
(842, 5, 103, 'NULL', 0, 'NULL', '', 'NULL', 'NULL', 'NULL', 0, 0),
(843, 5, 104, 'NULL', 0, 'NULL', 'NULL', 'NULL', 'NULL', '', 0, 0),
(844, 5, 105, 'NULL', 0, 'NULL', 'NULL', 'NULL', 'NULL', '', 0, 0),
(845, 5, 106, 'NULL', 0, 'NULL', 'NULL', 'NULL', 'NULL', '', 0, 0),
(846, 5, 1, 'NULL', 0, '', 'NULL', 'NULL', 'NULL', 'NULL', 0, 0),
(847, 5, 2, 'NULL', 0, 'NULL', 'NULL', 'NULL', 'NULL', 'NULL', 0, 0),
(848, 5, 3, '', 0, 'NULL', 'NULL', 'NULL', 'NULL', 'NULL', 0, 0),
(849, 5, 4, '', 0, 'NULL', 'NULL', 'NULL', 'NULL', 'NULL', 0, 0),
(850, 5, 5, '', 0, 'NULL', 'NULL', 'NULL', 'NULL', 'NULL', 0, 0),
(851, 5, 6, '', 0, 'NULL', 'NULL', 'NULL', 'NULL', 'NULL', 0, 0),
(852, 5, 7, '', 0, 'NULL', 'NULL', 'NULL', 'NULL', 'NULL', 0, 0),
(853, 5, 8, '', 0, 'NULL', 'NULL', 'NULL', 'NULL', 'NULL', 0, 0),
(854, 5, 9, '', 0, 'NULL', 'NULL', 'NULL', 'NULL', 'NULL', 0, 0),
(855, 5, 115, '', 0, 'NULL', 'NULL', 'NULL', 'NULL', 'NULL', 0, 0),
(856, 5, 116, 'NULL', 0, 'NULL', 'NULL', 'NULL', 'NULL', 'NULL', 0, 0),
(857, 5, 117, '', 0, 'NULL', 'NULL', 'NULL', 'NULL', 'NULL', 0, 0),
(858, 5, 118, '', 0, 'NULL', 'NULL', 'NULL', 'NULL', 'NULL', 0, 0),
(859, 5, 119, '', 0, 'NULL', 'NULL', 'NULL', 'NULL', 'NULL', 0, 0),
(860, 5, 120, 'NULL', 0, 'NULL', 'NULL', 'NULL', 'NULL', 'NULL', 0, 0),
(861, 5, 121, '', 0, 'NULL', 'NULL', 'NULL', 'NULL', 'NULL', 0, 0),
(862, 5, 122, '', 0, 'NULL', 'NULL', 'NULL', 'NULL', 'NULL', 0, 0),
(863, 5, 123, '', 0, 'NULL', 'NULL', 'NULL', 'NULL', 'NULL', 0, 0),
(864, 5, 124, '', 0, 'NULL', 'NULL', 'NULL', 'NULL', 'NULL', 0, 0),
(865, 5, 125, 'NULL', 0, 'NULL', 'NULL', 'NULL', 'NULL', 'NULL', 0, 0),
(866, 5, 126, '', 0, 'NULL', 'NULL', 'NULL', 'NULL', 'NULL', 0, 0),
(867, 5, 127, '', 0, 'NULL', 'NULL', 'NULL', 'NULL', 'NULL', 0, 0),
(868, 5, 128, '', 0, 'NULL', 'NULL', 'NULL', 'NULL', 'NULL', 0, 0),
(869, 5, 129, '', 0, 'NULL', 'NULL', 'NULL', 'NULL', 'NULL', 0, 0),
(870, 5, 130, '', 0, 'NULL', 'NULL', 'NULL', 'NULL', 'NULL', 0, 0),
(871, 5, 131, 'NULL', 0, 'NULL', 'NULL', '', 'NULL', 'NULL', 0, 0),
(872, 5, 132, 'NULL', 0, 'NULL', 'NULL', 'NULL', '', 'NULL', 0, 0),
(873, 5, 133, 'NULL', 0, 'NULL', 'NULL', 'NULL', '', 'NULL', 0, 0),
(874, 5, 134, '', 0, 'NULL', 'NULL', 'NULL', 'NULL', 'NULL', 0, 0),
(875, 5, 135, 'NULL', 0, 'NULL', 'NULL', 'NULL', '', 'NULL', 0, 0),
(876, 5, 136, 'NULL', 0, 'NULL', 'NULL', 'NULL', '', 'NULL', 0, 0),
(877, 5, 137, 'NULL', 0, 'NULL', 'NULL', 'NULL', '', 'NULL', 0, 0),
(878, 5, 138, 'NULL', 0, 'NULL', 'NULL', 'NULL', '', 'NULL', 0, 0),
(879, 5, 139, 'NULL', 0, '', 'NULL', 'NULL', 'NULL', 'NULL', 0, 0),
(880, 5, 140, '', 0, 'NULL', 'NULL', 'NULL', 'NULL', 'NULL', 0, 0),
(881, 5, 141, '', 0, 'NULL', 'NULL', 'NULL', 'NULL', 'NULL', 0, 0),
(882, 5, 142, 'NULL', 0, 'NULL', 'NULL', 'NULL', 'NULL', 'NULL', 0, 0),
(883, 5, 143, 'NULL', 0, 'NULL', 'NULL', 'NULL', 'NULL', 'NULL', 0, 0),
(884, 5, 144, '', 0, 'NULL', 'NULL', 'NULL', 'NULL', 'NULL', 0, 0),
(885, 5, 145, 'NULL', 0, 'NULL', 'NULL', 'NULL', 'NULL', '', 0, 0),
(886, 5, 146, 'NULL', 0, 'NULL', 'NULL', 'NULL', '', 'NULL', 0, 0),
(887, 5, 147, '', 0, 'NULL', 'NULL', 'NULL', 'NULL', 'NULL', 0, 0),
(888, 5, 148, '', 0, 'NULL', 'NULL', 'NULL', 'NULL', 'NULL', 0, 0),
(889, 5, 149, '', 0, 'NULL', 'NULL', 'NULL', 'NULL', 'NULL', 0, 0),
(890, 5, 150, '', 0, 'NULL', 'NULL', 'NULL', 'NULL', 'NULL', 0, 0),
(891, 5, 151, 'NULL', 0, 'NULL', 'NULL', 'NULL', 'NULL', 'NULL', 0, 0),
(892, 5, 152, '', 0, 'NULL', 'NULL', 'NULL', 'NULL', 'NULL', 0, 0),
(893, 5, 153, '', 0, 'NULL', 'NULL', 'NULL', 'NULL', 'NULL', 0, 0),
(894, 5, 154, '', 0, 'NULL', 'NULL', 'NULL', 'NULL', 'NULL', 0, 0),
(895, 5, 155, 'NULL', 0, 'NULL', 'NULL', 'NULL', 'NULL', '', 0, 0),
(896, 5, 156, 'NULL', 0, 'NULL', 'NULL', 'NULL', 'NULL', '', 0, 0),
(897, 5, 157, 'NULL', 0, 'NULL', 'NULL', 'NULL', 'NULL', '', 0, 0),
(898, 5, 158, 'NULL', 0, 'NULL', 'NULL', 'NULL', 'NULL', '', 0, 0),
(899, 5, 159, 'NULL', 0, 'NULL', 'NULL', 'NULL', 'NULL', '', 0, 0),
(900, 5, 160, 'NULL', 0, 'NULL', 'NULL', 'NULL', 'NULL', '', 0, 0),
(901, 5, 161, 'NULL', 0, 'NULL', 'NULL', 'NULL', 'NULL', '', 0, 0),
(902, 5, 162, 'NULL', 0, 'NULL', 'NULL', 'NULL', 'NULL', '', 0, 0),
(903, 5, 163, 'NULL', 0, 'NULL', 'NULL', 'NULL', 'NULL', '', 0, 0),
(904, 5, 164, 'NULL', 0, 'NULL', 'NULL', 'NULL', 'NULL', '', 0, 0),
(905, 5, 165, 'NULL', 0, 'NULL', 'NULL', 'NULL', 'NULL', '', 0, 0),
(906, 5, 166, 'NULL', 0, 'NULL', 'NULL', 'NULL', 'NULL', '', 0, 0),
(907, 5, 167, 'NULL', 0, 'NULL', 'NULL', '', 'NULL', 'NULL', 0, 0),
(908, 5, 168, 'NULL', 0, 'NULL', 'NULL', 'NULL', 'NULL', 'NULL', 0, 0),
(909, 5, 169, 'NULL', 0, 'NULL', 'NULL', 'NULL', 'NULL', 'NULL', 0, 0),
(910, 5, 170, 'NULL', 0, 'NULL', 'NULL', 'NULL', 'NULL', 'NULL', 0, 0),
(911, 5, 171, 'NULL', 0, 'NULL', 'NULL', 'NULL', 'NULL', 'NULL', 0, 0),
(912, 5, 172, 'NULL', 0, 'NULL', 'NULL', 'NULL', 'NULL', 'NULL', 0, 0),
(913, 5, 173, 'NULL', 0, 'NULL', 'NULL', 'NULL', 'NULL', 'NULL', 0, 0),
(914, 5, 174, '', 0, 'NULL', 'NULL', 'NULL', 'NULL', 'NULL', 0, 0),
(915, 5, 175, '', 0, 'NULL', 'NULL', 'NULL', 'NULL', 'NULL', 0, 0),
(916, 5, 176, 'NULL', 0, 'NULL', 'NULL', 'NULL', 'NULL', '', 0, 0),
(917, 5, 177, 'NULL', 0, 'NULL', 'NULL', 'NULL', 'NULL', '', 0, 0),
(918, 5, 178, 'NULL', 0, 'NULL', 'NULL', 'NULL', 'NULL', '', 0, 0),
(919, 5, 179, 'NULL', 0, 'NULL', 'NULL', 'NULL', 'NULL', '', 0, 0),
(920, 5, 180, 'NULL', 0, 'NULL', 'NULL', 'NULL', 'NULL', '', 0, 0),
(921, 5, 181, 'NULL', 0, 'NULL', 'NULL', 'NULL', 'NULL', '', 0, 0),
(922, 5, 182, 'NULL', 0, 'NULL', 'NULL', 'NULL', 'NULL', '', 0, 0),
(923, 5, 183, 'NULL', 0, 'NULL', 'NULL', 'NULL', 'NULL', '', 0, 0),
(924, 5, 184, 'NULL', 0, 'NULL', 'NULL', 'NULL', 'NULL', '', 0, 0),
(925, 5, 185, 'NULL', 0, 'NULL', 'NULL', 'NULL', 'NULL', '', 0, 0),
(926, 6, 107, 'dor de cabeça', 0, 'NULL', 'NULL', 'NULL', 'NULL', 'NULL', 0, 0),
(927, 6, 108, 'NULL', 0, 'NULL', 'NULL', 'NULL', 'NULL', 'Faz mal os remédios', 0, 0),
(928, 6, 109, '', 0, 'NULL', 'NULL', 'NULL', 'NULL', 'NULL', 0, 0),
(929, 6, 110, 'NULL', 1, 'NULL', 'NULL', 'Poeria, ácaros, picadas de inseto', 'NULL', 'NULL', 0, 0),
(930, 6, 111, 'NULL', 0, 'NULL', 'NULL', 'NULL', 'NULL', '', 0, 0),
(931, 6, 112, 'NULL', 0, '', '', 'NULL', 'NULL', 'NULL', 0, 0),
(932, 6, 113, '', 0, 'NULL', 'NULL', 'NULL', 'NULL', 'NULL', 0, 0),
(933, 6, 114, 'NULL', 0, '', 'NULL', 'NULL', 'NULL', 'NULL', 0, 0),
(934, 6, 10, 'NULL', 0, 'NULL', 'NULL', 'NULL', 'NULL', '', 0, 0),
(935, 6, 11, 'NULL', 0, 'NULL', 'NULL', 'NULL', 'NULL', '', 0, 0),
(936, 6, 12, 'NULL', 0, 'NULL', 'NULL', 'NULL', 'NULL', '', 0, 0),
(937, 6, 13, 'NULL', 0, 'NULL', 'NULL', 'NULL', 'NULL', '', 0, 0),
(938, 6, 14, 'NULL', 0, 'NULL', 'NULL', 'NULL', 'NULL', '', 0, 0),
(939, 6, 15, 'NULL', 0, 'NULL', 'NULL', 'NULL', 'NULL', '', 0, 0),
(940, 6, 16, 'NULL', 0, 'NULL', 'NULL', 'NULL', 'NULL', '', 0, 0),
(941, 6, 17, 'NULL', 0, 'NULL', 'NULL', 'NULL', 'NULL', '', 0, 0),
(942, 6, 18, 'NULL', 0, 'NULL', 'NULL', 'NULL', 'NULL', '', 0, 0),
(943, 6, 19, 'NULL', 0, 'NULL', 'NULL', 'NULL', 'NULL', '', 0, 0),
(944, 6, 20, 'NULL', 0, 'NULL', 'NULL', 'NULL', 'NULL', '', 0, 0),
(945, 6, 21, 'NULL', 0, 'NULL', 'NULL', 'NULL', 'NULL', '', 0, 0),
(946, 6, 22, 'NULL', 0, 'NULL', 'NULL', 'NULL', 'NULL', '', 0, 0),
(947, 6, 23, 'NULL', 0, 'NULL', 'NULL', 'NULL', 'NULL', '', 0, 0),
(948, 6, 24, 'NULL', 0, 'NULL', 'NULL', 'NULL', 'NULL', '', 0, 0),
(949, 6, 25, 'NULL', 0, 'NULL', 'NULL', 'NULL', 'NULL', '', 0, 0),
(950, 6, 26, 'NULL', 0, 'NULL', 'NULL', 'NULL', 'NULL', '', 0, 0),
(951, 6, 27, 'NULL', 0, 'NULL', 'NULL', 'NULL', 'NULL', '', 0, 0),
(952, 6, 28, 'NULL', 0, 'NULL', 'NULL', 'NULL', 'NULL', '', 0, 0),
(953, 6, 29, 'NULL', 0, 'NULL', 'NULL', 'NULL', 'NULL', '', 0, 0),
(954, 6, 30, 'NULL', 0, 'NULL', 'NULL', 'NULL', 'NULL', '', 0, 0),
(955, 6, 31, 'NULL', 0, 'NULL', 'NULL', 'NULL', 'NULL', '', 0, 0),
(956, 6, 32, 'NULL', 0, 'NULL', 'NULL', 'NULL', 'NULL', '', 0, 0),
(957, 6, 33, 'NULL', 0, 'NULL', 'NULL', 'NULL', 'NULL', '', 0, 0),
(958, 6, 34, 'NULL', 0, 'NULL', 'NULL', 'NULL', 'NULL', '', 0, 0),
(959, 6, 35, 'NULL', 0, 'NULL', 'NULL', 'NULL', 'NULL', '', 0, 0),
(960, 6, 36, 'NULL', 0, 'NULL', 'NULL', 'NULL', 'NULL', '', 0, 0),
(961, 6, 37, 'NULL', 0, 'NULL', 'NULL', 'NULL', 'NULL', '', 0, 0),
(962, 6, 38, 'NULL', 0, 'NULL', 'NULL', 'NULL', 'NULL', '', 0, 0),
(963, 6, 39, 'NULL', 0, 'NULL', 'NULL', 'NULL', 'NULL', '', 0, 0),
(964, 6, 40, 'NULL', 0, 'NULL', 'NULL', 'NULL', 'NULL', '', 0, 0),
(965, 6, 41, 'NULL', 0, 'NULL', 'NULL', 'NULL', 'NULL', '', 0, 0),
(966, 6, 42, 'NULL', 0, 'NULL', 'NULL', 'NULL', 'NULL', '', 0, 0),
(967, 6, 43, 'NULL', 0, 'NULL', 'NULL', 'NULL', 'NULL', '', 0, 0),
(968, 6, 44, 'NULL', 0, 'NULL', 'NULL', 'NULL', 'NULL', '', 0, 0),
(969, 6, 45, 'NULL', 0, 'NULL', 'NULL', 'NULL', 'NULL', '', 0, 0),
(970, 6, 46, 'NULL', 0, 'NULL', 'NULL', 'NULL', 'NULL', '', 0, 0),
(971, 6, 47, 'NULL', 0, 'NULL', 'NULL', 'NULL', 'NULL', '', 0, 0),
(972, 6, 48, 'NULL', 0, 'NULL', 'NULL', 'NULL', 'NULL', '', 0, 0),
(973, 6, 49, 'NULL', 0, 'NULL', 'NULL', 'NULL', 'NULL', '', 0, 0),
(974, 6, 50, 'NULL', 0, 'NULL', 'NULL', 'NULL', 'NULL', '', 0, 0),
(975, 6, 51, 'NULL', 0, 'NULL', 'NULL', 'NULL', 'NULL', '', 0, 0),
(976, 6, 52, 'NULL', 0, 'NULL', 'NULL', 'NULL', 'NULL', '', 0, 0),
(977, 6, 53, 'NULL', 0, 'NULL', 'NULL', 'NULL', 'NULL', '', 0, 0),
(978, 6, 54, 'NULL', 0, 'NULL', 'NULL', 'NULL', 'NULL', '', 0, 0),
(979, 6, 55, 'NULL', 0, 'NULL', 'NULL', 'NULL', 'NULL', '', 0, 0),
(980, 6, 56, 'NULL', 0, 'NULL', 'NULL', 'NULL', 'NULL', '', 0, 0),
(981, 6, 57, 'NULL', 0, 'NULL', 'NULL', 'NULL', 'NULL', '', 0, 0),
(982, 6, 58, 'NULL', 0, 'NULL', 'NULL', 'NULL', 'NULL', '', 0, 0),
(983, 6, 59, 'NULL', 0, 'NULL', 'NULL', 'NULL', 'NULL', '', 0, 0),
(984, 6, 60, 'NULL', 0, 'NULL', 'NULL', 'NULL', 'NULL', '', 0, 0),
(985, 6, 61, 'NULL', 0, 'NULL', 'NULL', 'NULL', 'NULL', '', 0, 0),
(986, 6, 62, 'NULL', 0, 'NULL', 'NULL', 'NULL', 'NULL', '', 0, 0),
(987, 6, 63, 'NULL', 0, 'NULL', 'NULL', 'NULL', 'NULL', '', 0, 0),
(988, 6, 64, 'NULL', 0, 'NULL', 'NULL', 'NULL', 'NULL', '', 0, 0),
(989, 6, 65, 'NULL', 0, 'NULL', 'NULL', 'NULL', 'NULL', '', 0, 0),
(990, 6, 66, 'NULL', 0, 'NULL', 'NULL', 'NULL', 'NULL', '', 0, 0),
(991, 6, 67, 'NULL', 0, 'NULL', 'NULL', 'NULL', 'NULL', '', 0, 0),
(992, 6, 68, 'NULL', 0, 'NULL', 'NULL', 'NULL', 'NULL', '', 0, 0),
(993, 6, 69, 'NULL', 0, 'NULL', 'NULL', 'NULL', 'NULL', '', 0, 0),
(994, 6, 70, 'NULL', 0, 'NULL', 'NULL', 'NULL', 'NULL', '', 0, 0),
(995, 6, 71, 'NULL', 0, 'NULL', 'NULL', 'NULL', 'NULL', '', 0, 0),
(996, 6, 72, 'NULL', 0, 'NULL', 'NULL', 'NULL', 'NULL', '', 0, 0),
(997, 6, 73, 'NULL', 0, 'NULL', 'NULL', 'NULL', 'NULL', '', 0, 0),
(998, 6, 74, 'NULL', 0, 'NULL', 'NULL', 'NULL', 'NULL', '', 0, 0),
(999, 6, 75, 'NULL', 0, 'NULL', 'NULL', 'NULL', 'NULL', '', 0, 0),
(1000, 6, 76, 'NULL', 0, 'NULL', 'NULL', 'NULL', 'NULL', '', 0, 0),
(1001, 6, 77, 'NULL', 0, 'NULL', 'NULL', 'NULL', 'NULL', '', 0, 0),
(1002, 6, 78, 'NULL', 0, 'NULL', 'NULL', 'NULL', 'NULL', '', 0, 0),
(1003, 6, 79, 'NULL', 0, 'NULL', 'NULL', 'NULL', 'NULL', '', 0, 0),
(1004, 6, 80, 'NULL', 0, 'NULL', 'NULL', 'NULL', 'NULL', '', 0, 0),
(1005, 6, 81, 'NULL', 0, 'NULL', 'NULL', 'NULL', 'NULL', '', 0, 0),
(1006, 6, 82, 'NULL', 0, 'NULL', 'NULL', 'NULL', 'NULL', '', 0, 0),
(1007, 6, 83, 'NULL', 0, 'NULL', 'NULL', 'NULL', 'NULL', '', 0, 0),
(1008, 6, 84, 'NULL', 0, 'NULL', 'NULL', 'NULL', 'NULL', '', 0, 0),
(1009, 6, 85, 'NULL', 0, 'NULL', 'NULL', 'NULL', 'NULL', '', 0, 0),
(1010, 6, 86, 'NULL', 0, 'NULL', 'NULL', 'NULL', 'NULL', '', 0, 0),
(1011, 6, 87, 'NULL', 0, 'NULL', 'NULL', 'NULL', 'NULL', '', 0, 0),
(1012, 6, 88, 'NULL', 0, 'NULL', 'NULL', 'NULL', 'NULL', '', 0, 0),
(1013, 6, 89, 'NULL', 0, 'NULL', 'NULL', 'NULL', 'NULL', '', 0, 0),
(1014, 6, 90, 'NULL', 0, 'NULL', 'NULL', 'NULL', 'NULL', '', 0, 0),
(1015, 6, 91, 'NULL', 0, 'NULL', 'NULL', 'NULL', 'NULL', '', 0, 0),
(1016, 6, 92, 'NULL', 0, 'NULL', 'NULL', 'NULL', 'NULL', '', 0, 0),
(1017, 6, 93, 'NULL', 0, 'NULL', 'NULL', 'NULL', 'NULL', '', 0, 0),
(1018, 6, 94, 'NULL', 0, 'NULL', 'NULL', 'NULL', 'NULL', '', 0, 0),
(1019, 6, 95, 'NULL', 0, 'NULL', 'NULL', 'NULL', 'NULL', '', 0, 0),
(1020, 6, 96, 'NULL', 0, 'NULL', 'NULL', 'NULL', 'NULL', '', 0, 0),
(1021, 6, 97, 'NULL', 0, 'NULL', 'NULL', 'NULL', 'NULL', '', 0, 0),
(1022, 6, 98, 'NULL', 0, 'NULL', 'NULL', 'NULL', 'NULL', '', 0, 0),
(1023, 6, 99, 'NULL', 0, 'NULL', 'NULL', 'NULL', 'NULL', '', 0, 0),
(1024, 6, 100, 'NULL', 0, 'NULL', 'NULL', 'NULL', 'NULL', '', 0, 0),
(1025, 6, 101, 'NULL', 0, 'NULL', 'NULL', 'NULL', 'NULL', '', 0, 0),
(1026, 6, 102, 'NULL', 0, 'NULL', '', 'NULL', 'NULL', 'NULL', 0, 0),
(1027, 6, 103, 'NULL', 0, 'NULL', '', 'NULL', 'NULL', 'NULL', 0, 0),
(1028, 6, 104, 'NULL', 0, 'NULL', 'NULL', 'NULL', 'NULL', '', 0, 0),
(1029, 6, 105, 'NULL', 0, 'NULL', 'NULL', 'NULL', 'NULL', '', 0, 0),
(1030, 6, 106, 'NULL', 0, 'NULL', 'NULL', 'NULL', 'NULL', '', 0, 0),
(1031, 6, 1, 'NULL', 0, '', 'NULL', 'NULL', 'NULL', 'NULL', 0, 0),
(1032, 6, 2, 'NULL', 0, 'NULL', 'NULL', 'NULL', 'NULL', 'NULL', 0, 0),
(1033, 6, 3, '', 0, 'NULL', 'NULL', 'NULL', 'NULL', 'NULL', 0, 0),
(1034, 6, 4, '', 0, 'NULL', 'NULL', 'NULL', 'NULL', 'NULL', 0, 0),
(1035, 6, 5, '', 0, 'NULL', 'NULL', 'NULL', 'NULL', 'NULL', 0, 0),
(1036, 6, 6, '', 0, 'NULL', 'NULL', 'NULL', 'NULL', 'NULL', 0, 0),
(1037, 6, 7, '', 0, 'NULL', 'NULL', 'NULL', 'NULL', 'NULL', 0, 0),
(1038, 6, 8, '', 0, 'NULL', 'NULL', 'NULL', 'NULL', 'NULL', 0, 0),
(1039, 6, 9, '', 0, 'NULL', 'NULL', 'NULL', 'NULL', 'NULL', 0, 0),
(1040, 6, 115, '', 0, 'NULL', 'NULL', 'NULL', 'NULL', 'NULL', 0, 0),
(1041, 6, 116, 'NULL', 0, 'NULL', 'NULL', 'NULL', 'NULL', 'NULL', 0, 0),
(1042, 6, 117, '', 0, 'NULL', 'NULL', 'NULL', 'NULL', 'NULL', 0, 0),
(1043, 6, 118, '', 0, 'NULL', 'NULL', 'NULL', 'NULL', 'NULL', 0, 0),
(1044, 6, 119, '', 0, 'NULL', 'NULL', 'NULL', 'NULL', 'NULL', 0, 0),
(1045, 6, 120, 'NULL', 0, 'NULL', 'NULL', 'NULL', 'NULL', 'NULL', 0, 0),
(1046, 6, 121, '', 0, 'NULL', 'NULL', 'NULL', 'NULL', 'NULL', 0, 0),
(1047, 6, 122, '', 0, 'NULL', 'NULL', 'NULL', 'NULL', 'NULL', 0, 0),
(1048, 6, 123, '', 0, 'NULL', 'NULL', 'NULL', 'NULL', 'NULL', 0, 0),
(1049, 6, 124, '', 0, 'NULL', 'NULL', 'NULL', 'NULL', 'NULL', 0, 0),
(1050, 6, 125, 'NULL', 0, 'NULL', 'NULL', 'NULL', 'NULL', 'NULL', 0, 0),
(1051, 6, 126, '', 0, 'NULL', 'NULL', 'NULL', 'NULL', 'NULL', 0, 0),
(1052, 6, 127, '', 0, 'NULL', 'NULL', 'NULL', 'NULL', 'NULL', 0, 0),
(1053, 6, 128, '', 0, 'NULL', 'NULL', 'NULL', 'NULL', 'NULL', 0, 0),
(1054, 6, 129, '', 0, 'NULL', 'NULL', 'NULL', 'NULL', 'NULL', 0, 0),
(1055, 6, 130, '', 0, 'NULL', 'NULL', 'NULL', 'NULL', 'NULL', 0, 0),
(1056, 6, 131, 'NULL', 0, 'NULL', 'NULL', '', 'NULL', 'NULL', 0, 0),
(1057, 6, 132, 'NULL', 0, 'NULL', 'NULL', 'NULL', '', 'NULL', 0, 0),
(1058, 6, 133, 'NULL', 0, 'NULL', 'NULL', 'NULL', '', 'NULL', 0, 0),
(1059, 6, 134, '', 0, 'NULL', 'NULL', 'NULL', 'NULL', 'NULL', 0, 0),
(1060, 6, 135, 'NULL', 0, 'NULL', 'NULL', 'NULL', '', 'NULL', 0, 0),
(1061, 6, 136, 'NULL', 0, 'NULL', 'NULL', 'NULL', '', 'NULL', 0, 0),
(1062, 6, 137, 'NULL', 0, 'NULL', 'NULL', 'NULL', '', 'NULL', 0, 0),
(1063, 6, 138, 'NULL', 0, 'NULL', 'NULL', 'NULL', '', 'NULL', 0, 0),
(1064, 6, 139, 'NULL', 0, '', 'NULL', 'NULL', 'NULL', 'NULL', 0, 0),
(1065, 6, 140, '', 0, 'NULL', 'NULL', 'NULL', 'NULL', 'NULL', 0, 0),
(1066, 6, 141, '', 0, 'NULL', 'NULL', 'NULL', 'NULL', 'NULL', 0, 0),
(1067, 6, 142, 'NULL', 0, 'NULL', 'NULL', 'NULL', 'NULL', 'NULL', 0, 0),
(1068, 6, 143, 'NULL', 0, 'NULL', 'NULL', 'NULL', 'NULL', 'NULL', 0, 0),
(1069, 6, 144, '', 0, 'NULL', 'NULL', 'NULL', 'NULL', 'NULL', 0, 0),
(1070, 6, 145, 'NULL', 0, 'NULL', 'NULL', 'NULL', 'NULL', '', 0, 0),
(1071, 6, 146, 'NULL', 0, 'NULL', 'NULL', 'NULL', '', 'NULL', 0, 0),
(1072, 6, 147, '', 0, 'NULL', 'NULL', 'NULL', 'NULL', 'NULL', 0, 0),
(1073, 6, 148, '', 0, 'NULL', 'NULL', 'NULL', 'NULL', 'NULL', 0, 0),
(1074, 6, 149, '', 0, 'NULL', 'NULL', 'NULL', 'NULL', 'NULL', 0, 0),
(1075, 6, 150, '', 0, 'NULL', 'NULL', 'NULL', 'NULL', 'NULL', 0, 0),
(1076, 6, 151, 'NULL', 0, 'NULL', 'NULL', 'NULL', 'NULL', 'NULL', 0, 0),
(1077, 6, 152, '', 0, 'NULL', 'NULL', 'NULL', 'NULL', 'NULL', 0, 0),
(1078, 6, 153, '', 0, 'NULL', 'NULL', 'NULL', 'NULL', 'NULL', 0, 0),
(1079, 6, 154, '', 0, 'NULL', 'NULL', 'NULL', 'NULL', 'NULL', 0, 0),
(1080, 6, 155, 'NULL', 0, 'NULL', 'NULL', 'NULL', 'NULL', '', 0, 0),
(1081, 6, 156, 'NULL', 0, 'NULL', 'NULL', 'NULL', 'NULL', '', 0, 0),
(1082, 6, 157, 'NULL', 0, 'NULL', 'NULL', 'NULL', 'NULL', '', 0, 0),
(1083, 6, 158, 'NULL', 0, 'NULL', 'NULL', 'NULL', 'NULL', '', 0, 0),
(1084, 6, 159, 'NULL', 0, 'NULL', 'NULL', 'NULL', 'NULL', '', 0, 0),
(1085, 6, 160, 'NULL', 0, 'NULL', 'NULL', 'NULL', 'NULL', '', 0, 0),
(1086, 6, 161, 'NULL', 0, 'NULL', 'NULL', 'NULL', 'NULL', '', 0, 0),
(1087, 6, 162, 'NULL', 0, 'NULL', 'NULL', 'NULL', 'NULL', '', 0, 0),
(1088, 6, 163, 'NULL', 0, 'NULL', 'NULL', 'NULL', 'NULL', '', 0, 0),
(1089, 6, 164, 'NULL', 0, 'NULL', 'NULL', 'NULL', 'NULL', '', 0, 0),
(1090, 6, 165, 'NULL', 0, 'NULL', 'NULL', 'NULL', 'NULL', '', 0, 0),
(1091, 6, 166, 'NULL', 0, 'NULL', 'NULL', 'NULL', 'NULL', '', 0, 0),
(1092, 6, 167, 'NULL', 0, 'NULL', 'NULL', '', 'NULL', 'NULL', 0, 0),
(1093, 6, 168, 'NULL', 0, 'NULL', 'NULL', 'NULL', 'NULL', 'NULL', 0, 0),
(1094, 6, 169, 'NULL', 0, 'NULL', 'NULL', 'NULL', 'NULL', 'NULL', 0, 0),
(1095, 6, 170, 'NULL', 0, 'NULL', 'NULL', 'NULL', 'NULL', 'NULL', 0, 0),
(1096, 6, 171, 'NULL', 0, 'NULL', 'NULL', 'NULL', 'NULL', 'NULL', 0, 0),
(1097, 6, 172, 'NULL', 0, 'NULL', 'NULL', 'NULL', 'NULL', 'NULL', 0, 0),
(1098, 6, 173, 'NULL', 0, 'NULL', 'NULL', 'NULL', 'NULL', 'NULL', 0, 0),
(1099, 6, 174, '', 0, 'NULL', 'NULL', 'NULL', 'NULL', 'NULL', 0, 0),
(1100, 6, 175, '', 0, 'NULL', 'NULL', 'NULL', 'NULL', 'NULL', 0, 0),
(1101, 6, 176, 'NULL', 0, 'NULL', 'NULL', 'NULL', 'NULL', '', 0, 0),
(1102, 6, 177, 'NULL', 0, 'NULL', 'NULL', 'NULL', 'NULL', '', 0, 0),
(1103, 6, 178, 'NULL', 0, 'NULL', 'NULL', 'NULL', 'NULL', '', 0, 0),
(1104, 6, 179, 'NULL', 0, 'NULL', 'NULL', 'NULL', 'NULL', '', 0, 0),
(1105, 6, 180, 'NULL', 0, 'NULL', 'NULL', 'NULL', 'NULL', '', 0, 0),
(1106, 6, 181, 'NULL', 0, 'NULL', 'NULL', 'NULL', 'NULL', '', 0, 0),
(1107, 6, 182, 'NULL', 0, 'NULL', 'NULL', 'NULL', 'NULL', '', 0, 0),
(1108, 6, 183, 'NULL', 0, 'NULL', 'NULL', 'NULL', 'NULL', '', 0, 0),
(1109, 6, 184, 'NULL', 0, 'NULL', 'NULL', 'NULL', 'NULL', '', 0, 0),
(1110, 6, 185, 'NULL', 0, 'NULL', 'NULL', 'NULL', 'NULL', '', 0, 0),
(1111, 7, 107, 'dor de cabeça', 0, 'NULL', 'NULL', 'NULL', 'NULL', 'NULL', 0, 0),
(1112, 7, 108, 'NULL', 0, 'NULL', 'NULL', 'NULL', 'NULL', 'Faz mal os remédios', 0, 0),
(1113, 7, 109, '', 0, 'NULL', 'NULL', 'NULL', 'NULL', 'NULL', 0, 0),
(1114, 7, 110, 'NULL', 0, 'NULL', 'NULL', 'água quente', 'NULL', 'NULL', 0, 0),
(1115, 7, 111, 'NULL', 0, 'NULL', 'NULL', 'NULL', 'NULL', '', 0, 0),
(1116, 7, 112, 'NULL', 0, '', '', 'NULL', 'NULL', 'NULL', 0, 0),
(1117, 7, 113, '', 0, 'NULL', 'NULL', 'NULL', 'NULL', 'NULL', 0, 0),
(1118, 7, 114, 'NULL', 0, '', 'NULL', 'NULL', 'NULL', 'NULL', 0, 0),
(1119, 7, 10, 'NULL', 0, 'NULL', 'NULL', 'NULL', 'NULL', '', 0, 0),
(1120, 7, 11, 'NULL', 0, 'NULL', 'NULL', 'NULL', 'NULL', '', 0, 0),
(1121, 7, 12, 'NULL', 0, 'NULL', 'NULL', 'NULL', 'NULL', '', 0, 0),
(1122, 7, 13, 'NULL', 0, 'NULL', 'NULL', 'NULL', 'NULL', '', 0, 0),
(1123, 7, 14, 'NULL', 0, 'NULL', 'NULL', 'NULL', 'NULL', '', 0, 0),
(1124, 7, 15, 'NULL', 0, 'NULL', 'NULL', 'NULL', 'NULL', '', 0, 0),
(1125, 7, 16, 'NULL', 0, 'NULL', 'NULL', 'NULL', 'NULL', '', 0, 0),
(1126, 7, 17, 'NULL', 0, 'NULL', 'NULL', 'NULL', 'NULL', '', 0, 0),
(1127, 7, 18, 'NULL', 0, 'NULL', 'NULL', 'NULL', 'NULL', '', 0, 0),
(1128, 7, 19, 'NULL', 0, 'NULL', 'NULL', 'NULL', 'NULL', '', 0, 0),
(1129, 7, 20, 'NULL', 0, 'NULL', 'NULL', 'NULL', 'NULL', '', 0, 0),
(1130, 7, 21, 'NULL', 0, 'NULL', 'NULL', 'NULL', 'NULL', '', 0, 0),
(1131, 7, 22, 'NULL', 0, 'NULL', 'NULL', 'NULL', 'NULL', '', 0, 0),
(1132, 7, 23, 'NULL', 0, 'NULL', 'NULL', 'NULL', 'NULL', '', 0, 0),
(1133, 7, 24, 'NULL', 0, 'NULL', 'NULL', 'NULL', 'NULL', '', 0, 0),
(1134, 7, 25, 'NULL', 0, 'NULL', 'NULL', 'NULL', 'NULL', '', 0, 0),
(1135, 7, 26, 'NULL', 0, 'NULL', 'NULL', 'NULL', 'NULL', '', 0, 0),
(1136, 7, 27, 'NULL', 0, 'NULL', 'NULL', 'NULL', 'NULL', '', 0, 0),
(1137, 7, 28, 'NULL', 0, 'NULL', 'NULL', 'NULL', 'NULL', '', 0, 0),
(1138, 7, 29, 'NULL', 0, 'NULL', 'NULL', 'NULL', 'NULL', '', 0, 0),
(1139, 7, 30, 'NULL', 0, 'NULL', 'NULL', 'NULL', 'NULL', '', 0, 0),
(1140, 7, 31, 'NULL', 0, 'NULL', 'NULL', 'NULL', 'NULL', '', 0, 0),
(1141, 7, 32, 'NULL', 0, 'NULL', 'NULL', 'NULL', 'NULL', '', 0, 0),
(1142, 7, 33, 'NULL', 0, 'NULL', 'NULL', 'NULL', 'NULL', '', 0, 0),
(1143, 7, 34, 'NULL', 0, 'NULL', 'NULL', 'NULL', 'NULL', '', 0, 0),
(1144, 7, 35, 'NULL', 0, 'NULL', 'NULL', 'NULL', 'NULL', '', 0, 0),
(1145, 7, 36, 'NULL', 0, 'NULL', 'NULL', 'NULL', 'NULL', '', 0, 0),
(1146, 7, 37, 'NULL', 0, 'NULL', 'NULL', 'NULL', 'NULL', '', 0, 0),
(1147, 7, 38, 'NULL', 0, 'NULL', 'NULL', 'NULL', 'NULL', '', 0, 0),
(1148, 7, 39, 'NULL', 0, 'NULL', 'NULL', 'NULL', 'NULL', '', 0, 0),
(1149, 7, 40, 'NULL', 0, 'NULL', 'NULL', 'NULL', 'NULL', '', 0, 0),
(1150, 7, 41, 'NULL', 0, 'NULL', 'NULL', 'NULL', 'NULL', '', 0, 0),
(1151, 7, 42, 'NULL', 0, 'NULL', 'NULL', 'NULL', 'NULL', '', 0, 0),
(1152, 7, 43, 'NULL', 0, 'NULL', 'NULL', 'NULL', 'NULL', '', 0, 0),
(1153, 7, 44, 'NULL', 0, 'NULL', 'NULL', 'NULL', 'NULL', '', 0, 0),
(1154, 7, 45, 'NULL', 0, 'NULL', 'NULL', 'NULL', 'NULL', '', 0, 0),
(1155, 7, 46, 'NULL', 0, 'NULL', 'NULL', 'NULL', 'NULL', '', 0, 0),
(1156, 7, 47, 'NULL', 0, 'NULL', 'NULL', 'NULL', 'NULL', '', 0, 0),
(1157, 7, 48, 'NULL', 0, 'NULL', 'NULL', 'NULL', 'NULL', '', 0, 0),
(1158, 7, 49, 'NULL', 0, 'NULL', 'NULL', 'NULL', 'NULL', '', 0, 0),
(1159, 7, 50, 'NULL', 0, 'NULL', 'NULL', 'NULL', 'NULL', '', 0, 0),
(1160, 7, 51, 'NULL', 0, 'NULL', 'NULL', 'NULL', 'NULL', '', 0, 0),
(1161, 7, 52, 'NULL', 0, 'NULL', 'NULL', 'NULL', 'NULL', '', 0, 0),
(1162, 7, 53, 'NULL', 0, 'NULL', 'NULL', 'NULL', 'NULL', '', 0, 0),
(1163, 7, 54, 'NULL', 0, 'NULL', 'NULL', 'NULL', 'NULL', '', 0, 0),
(1164, 7, 55, 'NULL', 0, 'NULL', 'NULL', 'NULL', 'NULL', '', 0, 0),
(1165, 7, 56, 'NULL', 0, 'NULL', 'NULL', 'NULL', 'NULL', '', 0, 0),
(1166, 7, 57, 'NULL', 0, 'NULL', 'NULL', 'NULL', 'NULL', '', 0, 0),
(1167, 7, 58, 'NULL', 0, 'NULL', 'NULL', 'NULL', 'NULL', '', 0, 0),
(1168, 7, 59, 'NULL', 0, 'NULL', 'NULL', 'NULL', 'NULL', '', 0, 0),
(1169, 7, 60, 'NULL', 0, 'NULL', 'NULL', 'NULL', 'NULL', '', 0, 0),
(1170, 7, 61, 'NULL', 0, 'NULL', 'NULL', 'NULL', 'NULL', '', 0, 0),
(1171, 7, 62, 'NULL', 0, 'NULL', 'NULL', 'NULL', 'NULL', '', 0, 0),
(1172, 7, 63, 'NULL', 0, 'NULL', 'NULL', 'NULL', 'NULL', '', 0, 0),
(1173, 7, 64, 'NULL', 0, 'NULL', 'NULL', 'NULL', 'NULL', '', 0, 0),
(1174, 7, 65, 'NULL', 0, 'NULL', 'NULL', 'NULL', 'NULL', '', 0, 0),
(1175, 7, 66, 'NULL', 0, 'NULL', 'NULL', 'NULL', 'NULL', '', 0, 0),
(1176, 7, 67, 'NULL', 0, 'NULL', 'NULL', 'NULL', 'NULL', '', 0, 0),
(1177, 7, 68, 'NULL', 0, 'NULL', 'NULL', 'NULL', 'NULL', '', 0, 0),
(1178, 7, 69, 'NULL', 0, 'NULL', 'NULL', 'NULL', 'NULL', '', 0, 0),
(1179, 7, 70, 'NULL', 0, 'NULL', 'NULL', 'NULL', 'NULL', '', 0, 0),
(1180, 7, 71, 'NULL', 0, 'NULL', 'NULL', 'NULL', 'NULL', '', 0, 0),
(1181, 7, 72, 'NULL', 0, 'NULL', 'NULL', 'NULL', 'NULL', '', 0, 0),
(1182, 7, 73, 'NULL', 0, 'NULL', 'NULL', 'NULL', 'NULL', '', 0, 0),
(1183, 7, 74, 'NULL', 0, 'NULL', 'NULL', 'NULL', 'NULL', '', 0, 0),
(1184, 7, 75, 'NULL', 0, 'NULL', 'NULL', 'NULL', 'NULL', '', 0, 0),
(1185, 7, 76, 'NULL', 0, 'NULL', 'NULL', 'NULL', 'NULL', '', 0, 0),
(1186, 7, 77, 'NULL', 0, 'NULL', 'NULL', 'NULL', 'NULL', '', 0, 0),
(1187, 7, 78, 'NULL', 0, 'NULL', 'NULL', 'NULL', 'NULL', '', 0, 0),
(1188, 7, 79, 'NULL', 0, 'NULL', 'NULL', 'NULL', 'NULL', '', 0, 0),
(1189, 7, 80, 'NULL', 0, 'NULL', 'NULL', 'NULL', 'NULL', '', 0, 0),
(1190, 7, 81, 'NULL', 0, 'NULL', 'NULL', 'NULL', 'NULL', '', 0, 0),
(1191, 7, 82, 'NULL', 0, 'NULL', 'NULL', 'NULL', 'NULL', '', 0, 0),
(1192, 7, 83, 'NULL', 0, 'NULL', 'NULL', 'NULL', 'NULL', '', 0, 0),
(1193, 7, 84, 'NULL', 0, 'NULL', 'NULL', 'NULL', 'NULL', '', 0, 0),
(1194, 7, 85, 'NULL', 0, 'NULL', 'NULL', 'NULL', 'NULL', '', 0, 0),
(1195, 7, 86, 'NULL', 0, 'NULL', 'NULL', 'NULL', 'NULL', '', 0, 0),
(1196, 7, 87, 'NULL', 0, 'NULL', 'NULL', 'NULL', 'NULL', '', 0, 0),
(1197, 7, 88, 'NULL', 0, 'NULL', 'NULL', 'NULL', 'NULL', '', 0, 0),
(1198, 7, 89, 'NULL', 0, 'NULL', 'NULL', 'NULL', 'NULL', '', 0, 0),
(1199, 7, 90, 'NULL', 0, 'NULL', 'NULL', 'NULL', 'NULL', '', 0, 0),
(1200, 7, 91, 'NULL', 0, 'NULL', 'NULL', 'NULL', 'NULL', '', 0, 0),
(1201, 7, 92, 'NULL', 0, 'NULL', 'NULL', 'NULL', 'NULL', '', 0, 0),
(1202, 7, 93, 'NULL', 0, 'NULL', 'NULL', 'NULL', 'NULL', '', 0, 0),
(1203, 7, 94, 'NULL', 0, 'NULL', 'NULL', 'NULL', 'NULL', '', 0, 0),
(1204, 7, 95, 'NULL', 0, 'NULL', 'NULL', 'NULL', 'NULL', '', 0, 0),
(1205, 7, 96, 'NULL', 0, 'NULL', 'NULL', 'NULL', 'NULL', '', 0, 0),
(1206, 7, 97, 'NULL', 0, 'NULL', 'NULL', 'NULL', 'NULL', '', 0, 0),
(1207, 7, 98, 'NULL', 0, 'NULL', 'NULL', 'NULL', 'NULL', '', 0, 0),
(1208, 7, 99, 'NULL', 0, 'NULL', 'NULL', 'NULL', 'NULL', '', 0, 0),
(1209, 7, 100, 'NULL', 0, 'NULL', 'NULL', 'NULL', 'NULL', '', 0, 0),
(1210, 7, 101, 'NULL', 0, 'NULL', 'NULL', 'NULL', 'NULL', '', 0, 0),
(1211, 7, 102, 'NULL', 0, 'NULL', '', 'NULL', 'NULL', 'NULL', 0, 0),
(1212, 7, 103, 'NULL', 0, 'NULL', '', 'NULL', 'NULL', 'NULL', 0, 0),
(1213, 7, 104, 'NULL', 0, 'NULL', 'NULL', 'NULL', 'NULL', '', 0, 0),
(1214, 7, 105, 'NULL', 0, 'NULL', 'NULL', 'NULL', 'NULL', '', 0, 0),
(1215, 7, 106, 'NULL', 0, 'NULL', 'NULL', 'NULL', 'NULL', '', 0, 0),
(1216, 7, 1, 'NULL', 0, '', 'NULL', 'NULL', 'NULL', 'NULL', 0, 0),
(1217, 7, 2, 'NULL', 0, 'NULL', 'NULL', 'NULL', 'NULL', 'NULL', 0, 0),
(1218, 7, 3, '', 0, 'NULL', 'NULL', 'NULL', 'NULL', 'NULL', 0, 0),
(1219, 7, 4, '', 0, 'NULL', 'NULL', 'NULL', 'NULL', 'NULL', 0, 0),
(1220, 7, 5, '', 0, 'NULL', 'NULL', 'NULL', 'NULL', 'NULL', 0, 0),
(1221, 7, 6, '', 0, 'NULL', 'NULL', 'NULL', 'NULL', 'NULL', 0, 0),
(1222, 7, 7, '', 0, 'NULL', 'NULL', 'NULL', 'NULL', 'NULL', 0, 0),
(1223, 7, 8, '', 0, 'NULL', 'NULL', 'NULL', 'NULL', 'NULL', 0, 0),
(1224, 7, 9, '', 0, 'NULL', 'NULL', 'NULL', 'NULL', 'NULL', 0, 0),
(1225, 7, 115, '', 0, 'NULL', 'NULL', 'NULL', 'NULL', 'NULL', 0, 0),
(1226, 7, 116, 'NULL', 0, 'NULL', 'NULL', 'NULL', 'NULL', 'NULL', 0, 0),
(1227, 7, 117, '', 0, 'NULL', 'NULL', 'NULL', 'NULL', 'NULL', 0, 0),
(1228, 7, 118, '', 0, 'NULL', 'NULL', 'NULL', 'NULL', 'NULL', 0, 0),
(1229, 7, 119, '', 0, 'NULL', 'NULL', 'NULL', 'NULL', 'NULL', 0, 0),
(1230, 7, 120, 'NULL', 0, 'NULL', 'NULL', 'NULL', 'NULL', 'NULL', 0, 0),
(1231, 7, 121, '', 0, 'NULL', 'NULL', 'NULL', 'NULL', 'NULL', 0, 0),
(1232, 7, 122, '', 0, 'NULL', 'NULL', 'NULL', 'NULL', 'NULL', 0, 0),
(1233, 7, 123, '', 0, 'NULL', 'NULL', 'NULL', 'NULL', 'NULL', 0, 0),
(1234, 7, 124, '', 0, 'NULL', 'NULL', 'NULL', 'NULL', 'NULL', 0, 0),
(1235, 7, 125, 'NULL', 0, 'NULL', 'NULL', 'NULL', 'NULL', 'NULL', 0, 0),
(1236, 7, 126, '', 0, 'NULL', 'NULL', 'NULL', 'NULL', 'NULL', 0, 0),
(1237, 7, 127, '', 0, 'NULL', 'NULL', 'NULL', 'NULL', 'NULL', 0, 0),
(1238, 7, 128, '', 0, 'NULL', 'NULL', 'NULL', 'NULL', 'NULL', 0, 0),
(1239, 7, 129, '', 0, 'NULL', 'NULL', 'NULL', 'NULL', 'NULL', 0, 0),
(1240, 7, 130, '', 0, 'NULL', 'NULL', 'NULL', 'NULL', 'NULL', 0, 0),
(1241, 7, 131, 'NULL', 0, 'NULL', 'NULL', '', 'NULL', 'NULL', 0, 0),
(1242, 7, 132, 'NULL', 0, 'NULL', 'NULL', 'NULL', '', 'NULL', 0, 0),
(1243, 7, 133, 'NULL', 0, 'NULL', 'NULL', 'NULL', '', 'NULL', 0, 0),
(1244, 7, 134, '', 0, 'NULL', 'NULL', 'NULL', 'NULL', 'NULL', 0, 0),
(1245, 7, 135, 'NULL', 0, 'NULL', 'NULL', 'NULL', '', 'NULL', 0, 0),
(1246, 7, 136, 'NULL', 0, 'NULL', 'NULL', 'NULL', '', 'NULL', 0, 0),
(1247, 7, 137, 'NULL', 0, 'NULL', 'NULL', 'NULL', '', 'NULL', 0, 0),
(1248, 7, 138, 'NULL', 0, 'NULL', 'NULL', 'NULL', '', 'NULL', 0, 0),
(1249, 7, 139, 'NULL', 0, '', 'NULL', 'NULL', 'NULL', 'NULL', 0, 0),
(1250, 7, 140, '', 0, 'NULL', 'NULL', 'NULL', 'NULL', 'NULL', 0, 0),
(1251, 7, 141, '', 0, 'NULL', 'NULL', 'NULL', 'NULL', 'NULL', 0, 0),
(1252, 7, 142, 'NULL', 0, 'NULL', 'NULL', 'NULL', 'NULL', 'NULL', 0, 0),
(1253, 7, 143, 'NULL', 0, 'NULL', 'NULL', 'NULL', 'NULL', 'NULL', 0, 0),
(1254, 7, 144, '', 0, 'NULL', 'NULL', 'NULL', 'NULL', 'NULL', 0, 0),
(1255, 7, 145, 'NULL', 0, 'NULL', 'NULL', 'NULL', 'NULL', '', 0, 0),
(1256, 7, 146, 'NULL', 0, 'NULL', 'NULL', 'NULL', '', 'NULL', 0, 0),
(1257, 7, 147, '', 0, 'NULL', 'NULL', 'NULL', 'NULL', 'NULL', 0, 0),
(1258, 7, 148, '', 0, 'NULL', 'NULL', 'NULL', 'NULL', 'NULL', 0, 0),
(1259, 7, 149, '', 0, 'NULL', 'NULL', 'NULL', 'NULL', 'NULL', 0, 0),
(1260, 7, 150, '', 0, 'NULL', 'NULL', 'NULL', 'NULL', 'NULL', 0, 0),
(1261, 7, 151, 'NULL', 0, 'NULL', 'NULL', 'NULL', 'NULL', 'NULL', 0, 0),
(1262, 7, 152, '', 0, 'NULL', 'NULL', 'NULL', 'NULL', 'NULL', 0, 0),
(1263, 7, 153, '', 0, 'NULL', 'NULL', 'NULL', 'NULL', 'NULL', 0, 0),
(1264, 7, 154, '', 0, 'NULL', 'NULL', 'NULL', 'NULL', 'NULL', 0, 0),
(1265, 7, 155, 'NULL', 0, 'NULL', 'NULL', 'NULL', 'NULL', '', 0, 0),
(1266, 7, 156, 'NULL', 0, 'NULL', 'NULL', 'NULL', 'NULL', '', 0, 0),
(1267, 7, 157, 'NULL', 0, 'NULL', 'NULL', 'NULL', 'NULL', '', 0, 0),
(1268, 7, 158, 'NULL', 0, 'NULL', 'NULL', 'NULL', 'NULL', '', 0, 0),
(1269, 7, 159, 'NULL', 0, 'NULL', 'NULL', 'NULL', 'NULL', '', 0, 0),
(1270, 7, 160, 'NULL', 0, 'NULL', 'NULL', 'NULL', 'NULL', '', 0, 0),
(1271, 7, 161, 'NULL', 0, 'NULL', 'NULL', 'NULL', 'NULL', '', 0, 0),
(1272, 7, 162, 'NULL', 0, 'NULL', 'NULL', 'NULL', 'NULL', '', 0, 0),
(1273, 7, 163, 'NULL', 0, 'NULL', 'NULL', 'NULL', 'NULL', '', 0, 0),
(1274, 7, 164, 'NULL', 0, 'NULL', 'NULL', 'NULL', 'NULL', '', 0, 0),
(1275, 7, 165, 'NULL', 0, 'NULL', 'NULL', 'NULL', 'NULL', '', 0, 0),
(1276, 7, 166, 'NULL', 0, 'NULL', 'NULL', 'NULL', 'NULL', '', 0, 0),
(1277, 7, 167, 'NULL', 0, 'NULL', 'NULL', '', 'NULL', 'NULL', 0, 0),
(1278, 7, 168, 'NULL', 0, 'NULL', 'NULL', 'NULL', 'NULL', 'NULL', 0, 0),
(1279, 7, 169, 'NULL', 0, 'NULL', 'NULL', 'NULL', 'NULL', 'NULL', 0, 0),
(1280, 7, 170, 'NULL', 0, 'NULL', 'NULL', 'NULL', 'NULL', 'NULL', 0, 0),
(1281, 7, 171, 'NULL', 0, 'NULL', 'NULL', 'NULL', 'NULL', 'NULL', 0, 0),
(1282, 7, 172, 'NULL', 0, 'NULL', 'NULL', 'NULL', 'NULL', 'NULL', 0, 0),
(1283, 7, 173, 'NULL', 0, 'NULL', 'NULL', 'NULL', 'NULL', 'NULL', 0, 0),
(1284, 7, 174, '', 0, 'NULL', 'NULL', 'NULL', 'NULL', 'NULL', 0, 0),
(1285, 7, 175, '', 0, 'NULL', 'NULL', 'NULL', 'NULL', 'NULL', 0, 0),
(1286, 7, 176, 'NULL', 0, 'NULL', 'NULL', 'NULL', 'NULL', '', 0, 0),
(1287, 7, 177, 'NULL', 0, 'NULL', 'NULL', 'NULL', 'NULL', '', 0, 0),
(1288, 7, 178, 'NULL', 0, 'NULL', 'NULL', 'NULL', 'NULL', '', 0, 0),
(1289, 7, 179, 'NULL', 0, 'NULL', 'NULL', 'NULL', 'NULL', '', 0, 0),
(1290, 7, 180, 'NULL', 0, 'NULL', 'NULL', 'NULL', 'NULL', '', 0, 0),
(1291, 7, 181, 'NULL', 0, 'NULL', 'NULL', 'NULL', 'NULL', '', 0, 0),
(1292, 7, 182, 'NULL', 0, 'NULL', 'NULL', 'NULL', 'NULL', '', 0, 0),
(1293, 7, 183, 'NULL', 0, 'NULL', 'NULL', 'NULL', 'NULL', '', 0, 0),
(1294, 7, 184, 'NULL', 0, 'NULL', 'NULL', 'NULL', 'NULL', '', 0, 0),
(1295, 7, 185, 'NULL', 0, 'NULL', 'NULL', 'NULL', 'NULL', '', 0, 0),
(1296, 8, 107, 'Dor de cabeça forte', 0, 'NULL', 'NULL', 'NULL', 'NULL', 'NULL', 0, 0),
(1297, 8, 108, 'NULL', 0, 'NULL', 'NULL', 'NULL', 'NULL', '', 0, 0),
(1298, 8, 109, '', 0, 'NULL', 'NULL', 'NULL', 'NULL', 'NULL', 0, 0),
(1299, 8, 110, 'NULL', 1, 'NULL', 'NULL', 'água quente', 'NULL', 'NULL', 0, 0),
(1300, 8, 111, 'NULL', 0, 'NULL', 'NULL', 'NULL', 'NULL', '', 0, 0),
(1301, 8, 112, 'NULL', 1, 'Apendicite', '2000', 'NULL', 'NULL', 'NULL', 0, 0),
(1302, 8, 113, '5 anos atrás - dor de cabeça', 0, 'NULL', 'NULL', 'NULL', 'NULL', 'NULL', 0, 0),
(1303, 8, 114, 'NULL', 0, '', 'NULL', 'NULL', 'NULL', 'NULL', 0, 0),
(1304, 8, 10, 'NULL', 0, 'NULL', 'NULL', 'NULL', 'NULL', '', 0, 0),
(1305, 8, 11, 'NULL', 0, 'NULL', 'NULL', 'NULL', 'NULL', '', 0, 0),
(1306, 8, 12, 'NULL', 1, 'NULL', 'NULL', 'NULL', 'NULL', 'Muita alta - 18x10', 0, 0),
(1307, 8, 13, 'NULL', 0, 'NULL', 'NULL', 'NULL', 'NULL', '', 0, 0),
(1308, 8, 14, 'NULL', 0, 'NULL', 'NULL', 'NULL', 'NULL', '', 0, 0),
(1309, 8, 15, 'NULL', 1, 'NULL', 'NULL', 'NULL', 'NULL', '', 0, 0),
(1310, 8, 16, 'NULL', 0, 'NULL', 'NULL', 'NULL', 'NULL', '', 0, 0),
(1311, 8, 17, 'NULL', 0, 'NULL', 'NULL', 'NULL', 'NULL', '', 0, 0),
(1312, 8, 18, 'NULL', 0, 'NULL', 'NULL', 'NULL', 'NULL', '', 0, 0),
(1313, 8, 19, 'NULL', 0, 'NULL', 'NULL', 'NULL', 'NULL', '', 0, 0),
(1314, 8, 20, 'NULL', 0, 'NULL', 'NULL', 'NULL', 'NULL', '', 0, 0),
(1315, 8, 21, 'NULL', 1, 'NULL', 'NULL', 'NULL', 'NULL', 'No ano passado foi acometido de pneumonia', 0, 0),
(1316, 8, 22, 'NULL', 0, 'NULL', 'NULL', 'NULL', 'NULL', '', 0, 0),
(1317, 8, 23, 'NULL', 1, 'NULL', 'NULL', 'NULL', 'NULL', '', 0, 0),
(1318, 8, 24, 'NULL', 0, 'NULL', 'NULL', 'NULL', 'NULL', '', 0, 0),
(1319, 8, 25, 'NULL', 0, 'NULL', 'NULL', 'NULL', 'NULL', '', 0, 0),
(1320, 8, 26, 'NULL', 0, 'NULL', 'NULL', 'NULL', 'NULL', '', 0, 0),
(1321, 8, 27, 'NULL', 0, 'NULL', 'NULL', 'NULL', 'NULL', '', 0, 0),
(1322, 8, 28, 'NULL', 0, 'NULL', 'NULL', 'NULL', 'NULL', '', 0, 0),
(1323, 8, 29, 'NULL', 0, 'NULL', 'NULL', 'NULL', 'NULL', '', 0, 0),
(1324, 8, 30, 'NULL', 0, 'NULL', 'NULL', 'NULL', 'NULL', '', 0, 0),
(1325, 8, 31, 'NULL', 1, 'NULL', 'NULL', 'NULL', 'NULL', 'Sempre depois do jantar', 0, 0),
(1326, 8, 32, 'NULL', 0, 'NULL', 'NULL', 'NULL', 'NULL', '', 0, 0),
(1327, 8, 33, 'NULL', 0, 'NULL', 'NULL', 'NULL', 'NULL', '', 0, 0),
(1328, 8, 34, 'NULL', 0, 'NULL', 'NULL', 'NULL', 'NULL', '', 0, 0),
(1329, 8, 35, 'NULL', 0, 'NULL', 'NULL', 'NULL', 'NULL', '', 0, 0),
(1330, 8, 36, 'NULL', 1, 'NULL', 'NULL', 'NULL', 'NULL', 'Quando nasceu', 0, 0),
(1331, 8, 37, 'NULL', 0, 'NULL', 'NULL', 'NULL', 'NULL', '', 0, 0),
(1332, 8, 38, 'NULL', 0, 'NULL', 'NULL', 'NULL', 'NULL', '', 0, 0),
(1333, 8, 39, 'NULL', 0, 'NULL', 'NULL', 'NULL', 'NULL', '', 0, 0),
(1334, 8, 40, 'NULL', 0, 'NULL', 'NULL', 'NULL', 'NULL', '', 0, 0),
(1335, 8, 41, 'NULL', 0, 'NULL', 'NULL', 'NULL', 'NULL', '', 0, 0),
(1336, 8, 42, 'NULL', 0, 'NULL', 'NULL', 'NULL', 'NULL', '', 0, 0),
(1337, 8, 43, 'NULL', 0, 'NULL', 'NULL', 'NULL', 'NULL', '', 0, 0),
(1338, 8, 44, 'NULL', 0, 'NULL', 'NULL', 'NULL', 'NULL', '', 0, 0),
(1339, 8, 45, 'NULL', 0, 'NULL', 'NULL', 'NULL', 'NULL', '', 0, 0),
(1340, 8, 46, 'NULL', 0, 'NULL', 'NULL', 'NULL', 'NULL', '', 0, 0),
(1341, 8, 47, 'NULL', 0, 'NULL', 'NULL', 'NULL', 'NULL', '', 0, 0),
(1342, 8, 48, 'NULL', 0, 'NULL', 'NULL', 'NULL', 'NULL', '', 0, 0),
(1343, 8, 49, 'NULL', 0, 'NULL', 'NULL', 'NULL', 'NULL', '', 0, 0),
(1344, 8, 50, 'NULL', 0, 'NULL', 'NULL', 'NULL', 'NULL', '', 0, 0),
(1345, 8, 51, 'NULL', 0, 'NULL', 'NULL', 'NULL', 'NULL', '', 0, 0),
(1346, 8, 52, 'NULL', 0, 'NULL', 'NULL', 'NULL', 'NULL', '', 0, 0),
(1347, 8, 53, 'NULL', 0, 'NULL', 'NULL', 'NULL', 'NULL', '', 0, 0),
(1348, 8, 54, 'NULL', 0, 'NULL', 'NULL', 'NULL', 'NULL', '', 0, 0),
(1349, 8, 55, 'NULL', 0, 'NULL', 'NULL', 'NULL', 'NULL', '', 0, 0),
(1350, 8, 56, 'NULL', 0, 'NULL', 'NULL', 'NULL', 'NULL', '', 0, 0),
(1351, 8, 57, 'NULL', 0, 'NULL', 'NULL', 'NULL', 'NULL', '', 0, 0),
(1352, 8, 58, 'NULL', 0, 'NULL', 'NULL', 'NULL', 'NULL', '', 0, 0),
(1353, 8, 59, 'NULL', 0, 'NULL', 'NULL', 'NULL', 'NULL', '', 0, 0),
(1354, 8, 60, 'NULL', 0, 'NULL', 'NULL', 'NULL', 'NULL', '', 0, 0),
(1355, 8, 61, 'NULL', 0, 'NULL', 'NULL', 'NULL', 'NULL', '', 0, 0),
(1356, 8, 62, 'NULL', 1, 'NULL', 'NULL', 'NULL', 'NULL', 'Sempre tem', 0, 0),
(1357, 8, 63, 'NULL', 0, 'NULL', 'NULL', 'NULL', 'NULL', '', 0, 0),
(1358, 8, 64, 'NULL', 0, 'NULL', 'NULL', 'NULL', 'NULL', '', 0, 0),
(1359, 8, 65, 'NULL', 0, 'NULL', 'NULL', 'NULL', 'NULL', '', 0, 0),
(1360, 8, 66, 'NULL', 0, 'NULL', 'NULL', 'NULL', 'NULL', '', 0, 0),
(1361, 8, 67, 'NULL', 0, 'NULL', 'NULL', 'NULL', 'NULL', '', 0, 0),
(1362, 8, 68, 'NULL', 0, 'NULL', 'NULL', 'NULL', 'NULL', '', 0, 0),
(1363, 8, 69, 'NULL', 0, 'NULL', 'NULL', 'NULL', 'NULL', '', 0, 0),
(1364, 8, 70, 'NULL', 0, 'NULL', 'NULL', 'NULL', 'NULL', '', 0, 0),
(1365, 8, 71, 'NULL', 0, 'NULL', 'NULL', 'NULL', 'NULL', '', 0, 0),
(1366, 8, 72, 'NULL', 0, 'NULL', 'NULL', 'NULL', 'NULL', '', 0, 0),
(1367, 8, 73, 'NULL', 0, 'NULL', 'NULL', 'NULL', 'NULL', '', 0, 0),
(1368, 8, 74, 'NULL', 0, 'NULL', 'NULL', 'NULL', 'NULL', '', 0, 0),
(1369, 8, 75, 'NULL', 0, 'NULL', 'NULL', 'NULL', 'NULL', '', 0, 0),
(1370, 8, 76, 'NULL', 0, 'NULL', 'NULL', 'NULL', 'NULL', '', 0, 0),
(1371, 8, 77, 'NULL', 0, 'NULL', 'NULL', 'NULL', 'NULL', '', 0, 0),
(1372, 8, 78, 'NULL', 0, 'NULL', 'NULL', 'NULL', 'NULL', '', 0, 0),
(1373, 8, 79, 'NULL', 0, 'NULL', 'NULL', 'NULL', 'NULL', '', 0, 0),
(1374, 8, 80, 'NULL', 0, 'NULL', 'NULL', 'NULL', 'NULL', '', 0, 0),
(1375, 8, 81, 'NULL', 0, 'NULL', 'NULL', 'NULL', 'NULL', '', 0, 0),
(1376, 8, 82, 'NULL', 0, 'NULL', 'NULL', 'NULL', 'NULL', '', 0, 0),
(1377, 8, 83, 'NULL', 0, 'NULL', 'NULL', 'NULL', 'NULL', '', 0, 0),
(1378, 8, 84, 'NULL', 0, 'NULL', 'NULL', 'NULL', 'NULL', '', 0, 0),
(1379, 8, 85, 'NULL', 0, 'NULL', 'NULL', 'NULL', 'NULL', '', 0, 0),
(1380, 8, 86, 'NULL', 0, 'NULL', 'NULL', 'NULL', 'NULL', '', 0, 0),
(1381, 8, 87, 'NULL', 0, 'NULL', 'NULL', 'NULL', 'NULL', '', 0, 0),
(1382, 8, 88, 'NULL', 0, 'NULL', 'NULL', 'NULL', 'NULL', '', 0, 0),
(1383, 8, 89, 'NULL', 0, 'NULL', 'NULL', 'NULL', 'NULL', '', 0, 0),
(1384, 8, 90, 'NULL', 0, 'NULL', 'NULL', 'NULL', 'NULL', '', 0, 0),
(1385, 8, 91, 'NULL', 0, 'NULL', 'NULL', 'NULL', 'NULL', '', 0, 0),
(1386, 8, 92, 'NULL', 0, 'NULL', 'NULL', 'NULL', 'NULL', '', 0, 0),
(1387, 8, 93, 'NULL', 0, 'NULL', 'NULL', 'NULL', 'NULL', '', 0, 0),
(1388, 8, 94, 'NULL', 0, 'NULL', 'NULL', 'NULL', 'NULL', '', 0, 0),
(1389, 8, 95, 'NULL', 0, 'NULL', 'NULL', 'NULL', 'NULL', '', 0, 0),
(1390, 8, 96, 'NULL', 0, 'NULL', 'NULL', 'NULL', 'NULL', '', 0, 0),
(1391, 8, 97, 'NULL', 0, 'NULL', 'NULL', 'NULL', 'NULL', '', 0, 0),
(1392, 8, 98, 'NULL', 0, 'NULL', 'NULL', 'NULL', 'NULL', '', 0, 0),
(1393, 8, 99, 'NULL', 0, 'NULL', 'NULL', 'NULL', 'NULL', '', 0, 0),
(1394, 8, 100, 'NULL', 0, 'NULL', 'NULL', 'NULL', 'NULL', '', 0, 0),
(1395, 8, 101, 'NULL', 0, 'NULL', 'NULL', 'NULL', 'NULL', '', 0, 0),
(1396, 8, 102, 'NULL', 0, 'NULL', '', 'NULL', 'NULL', 'NULL', 0, 0),
(1397, 8, 103, 'NULL', 0, 'NULL', '', 'NULL', 'NULL', 'NULL', 0, 0),
(1398, 8, 104, 'NULL', 0, 'NULL', 'NULL', 'NULL', 'NULL', '', 0, 0),
(1399, 8, 105, 'NULL', 0, 'NULL', 'NULL', 'NULL', 'NULL', '', 0, 0),
(1400, 8, 106, 'NULL', 0, 'NULL', 'NULL', 'NULL', 'NULL', '', 0, 0),
(1401, 8, 1, 'NULL', 0, '', 'NULL', 'NULL', 'NULL', 'NULL', 0, 0),
(1402, 8, 2, 'NULL', 0, 'NULL', 'NULL', 'NULL', 'NULL', 'NULL', 0, 0),
(1403, 8, 3, '', 0, 'NULL', 'NULL', 'NULL', 'NULL', 'NULL', 0, 0),
(1404, 8, 4, '', 0, 'NULL', 'NULL', 'NULL', 'NULL', 'NULL', 0, 0),
(1405, 8, 5, '', 0, 'NULL', 'NULL', 'NULL', 'NULL', 'NULL', 0, 0),
(1406, 8, 6, '', 0, 'NULL', 'NULL', 'NULL', 'NULL', 'NULL', 0, 0),
(1407, 8, 7, '', 0, 'NULL', 'NULL', 'NULL', 'NULL', 'NULL', 0, 0),
(1408, 8, 8, '', 0, 'NULL', 'NULL', 'NULL', 'NULL', 'NULL', 0, 0),
(1409, 8, 9, '', 0, 'NULL', 'NULL', 'NULL', 'NULL', 'NULL', 0, 0),
(1410, 8, 115, '', 0, 'NULL', 'NULL', 'NULL', 'NULL', 'NULL', 0, 0),
(1411, 8, 116, 'NULL', 0, 'NULL', 'NULL', 'NULL', 'NULL', 'NULL', 0, 0),
(1412, 8, 117, '', 0, 'NULL', 'NULL', 'NULL', 'NULL', 'NULL', 0, 0),
(1413, 8, 118, '', 0, 'NULL', 'NULL', 'NULL', 'NULL', 'NULL', 0, 0),
(1414, 8, 119, '', 0, 'NULL', 'NULL', 'NULL', 'NULL', 'NULL', 0, 0),
(1415, 8, 120, 'NULL', 0, 'NULL', 'NULL', 'NULL', 'NULL', 'NULL', 0, 0),
(1416, 8, 121, '', 0, 'NULL', 'NULL', 'NULL', 'NULL', 'NULL', 0, 0),
(1417, 8, 122, '', 0, 'NULL', 'NULL', 'NULL', 'NULL', 'NULL', 0, 0),
(1418, 8, 123, '', 0, 'NULL', 'NULL', 'NULL', 'NULL', 'NULL', 0, 0),
(1419, 8, 124, '', 0, 'NULL', 'NULL', 'NULL', 'NULL', 'NULL', 0, 0),
(1420, 8, 125, 'NULL', 0, 'NULL', 'NULL', 'NULL', 'NULL', 'NULL', 0, 0),
(1421, 8, 126, '', 0, 'NULL', 'NULL', 'NULL', 'NULL', 'NULL', 0, 0),
(1422, 8, 127, '', 0, 'NULL', 'NULL', 'NULL', 'NULL', 'NULL', 0, 0),
(1423, 8, 128, '', 0, 'NULL', 'NULL', 'NULL', 'NULL', 'NULL', 0, 0),
(1424, 8, 129, '', 0, 'NULL', 'NULL', 'NULL', 'NULL', 'NULL', 0, 0),
(1425, 8, 130, '', 0, 'NULL', 'NULL', 'NULL', 'NULL', 'NULL', 0, 0),
(1426, 8, 131, 'NULL', 0, 'NULL', 'NULL', '', 'NULL', 'NULL', 0, 0),
(1427, 8, 132, 'NULL', 0, 'NULL', 'NULL', 'NULL', '', 'NULL', 0, 0),
(1428, 8, 133, 'NULL', 0, 'NULL', 'NULL', 'NULL', '', 'NULL', 0, 0),
(1429, 8, 134, '', 0, 'NULL', 'NULL', 'NULL', 'NULL', 'NULL', 0, 0),
(1430, 8, 135, 'NULL', 0, 'NULL', 'NULL', 'NULL', '', 'NULL', 0, 0),
(1431, 8, 136, 'NULL', 0, 'NULL', 'NULL', 'NULL', '', 'NULL', 0, 0),
(1432, 8, 137, 'NULL', 0, 'NULL', 'NULL', 'NULL', '', 'NULL', 0, 0),
(1433, 8, 138, 'NULL', 0, 'NULL', 'NULL', 'NULL', '', 'NULL', 0, 0),
(1434, 8, 139, 'NULL', 0, '', 'NULL', 'NULL', 'NULL', 'NULL', 0, 0),
(1435, 8, 140, '', 0, 'NULL', 'NULL', 'NULL', 'NULL', 'NULL', 0, 0),
(1436, 8, 141, '', 0, 'NULL', 'NULL', 'NULL', 'NULL', 'NULL', 0, 0),
(1437, 8, 142, 'NULL', 0, 'NULL', 'NULL', 'NULL', 'NULL', 'NULL', 0, 0),
(1438, 8, 143, 'NULL', 0, 'NULL', 'NULL', 'NULL', 'NULL', 'NULL', 0, 0),
(1439, 8, 144, '', 0, 'NULL', 'NULL', 'NULL', 'NULL', 'NULL', 0, 0),
(1440, 8, 145, 'NULL', 0, 'NULL', 'NULL', 'NULL', 'NULL', '', 0, 0),
(1441, 8, 146, 'NULL', 0, 'NULL', 'NULL', 'NULL', '', 'NULL', 0, 0),
(1442, 8, 147, '', 0, 'NULL', 'NULL', 'NULL', 'NULL', 'NULL', 0, 0),
(1443, 8, 148, '', 0, 'NULL', 'NULL', 'NULL', 'NULL', 'NULL', 0, 0),
(1444, 8, 149, '', 0, 'NULL', 'NULL', 'NULL', 'NULL', 'NULL', 0, 0),
(1445, 8, 150, '', 0, 'NULL', 'NULL', 'NULL', 'NULL', 'NULL', 0, 0),
(1446, 8, 151, 'NULL', 0, 'NULL', 'NULL', 'NULL', 'NULL', 'NULL', 0, 0),
(1447, 8, 152, '', 0, 'NULL', 'NULL', 'NULL', 'NULL', 'NULL', 0, 0),
(1448, 8, 153, '', 0, 'NULL', 'NULL', 'NULL', 'NULL', 'NULL', 0, 0),
(1449, 8, 154, '', 0, 'NULL', 'NULL', 'NULL', 'NULL', 'NULL', 0, 0),
(1450, 8, 155, 'NULL', 0, 'NULL', 'NULL', 'NULL', 'NULL', '', 0, 0),
(1451, 8, 156, 'NULL', 0, 'NULL', 'NULL', 'NULL', 'NULL', '', 0, 0),
(1452, 8, 157, 'NULL', 0, 'NULL', 'NULL', 'NULL', 'NULL', '', 0, 0),
(1453, 8, 158, 'NULL', 0, 'NULL', 'NULL', 'NULL', 'NULL', '', 0, 0),
(1454, 8, 159, 'NULL', 0, 'NULL', 'NULL', 'NULL', 'NULL', '', 0, 0),
(1455, 8, 160, 'NULL', 0, 'NULL', 'NULL', 'NULL', 'NULL', '', 0, 0),
(1456, 8, 161, 'NULL', 0, 'NULL', 'NULL', 'NULL', 'NULL', '', 0, 0),
(1457, 8, 162, 'NULL', 0, 'NULL', 'NULL', 'NULL', 'NULL', '', 0, 0),
(1458, 8, 163, 'NULL', 0, 'NULL', 'NULL', 'NULL', 'NULL', '', 0, 0),
(1459, 8, 164, 'NULL', 0, 'NULL', 'NULL', 'NULL', 'NULL', '', 0, 0),
(1460, 8, 165, 'NULL', 0, 'NULL', 'NULL', 'NULL', 'NULL', '', 0, 0),
(1461, 8, 166, 'NULL', 0, 'NULL', 'NULL', 'NULL', 'NULL', '', 0, 0),
(1462, 8, 167, 'NULL', 0, 'NULL', 'NULL', '', 'NULL', 'NULL', 0, 0),
(1463, 8, 168, 'NULL', 0, 'NULL', 'NULL', 'NULL', 'NULL', 'NULL', 0, 0),
(1464, 8, 169, 'NULL', 0, 'NULL', 'NULL', 'NULL', 'NULL', 'NULL', 0, 0),
(1465, 8, 170, 'NULL', 0, 'NULL', 'NULL', 'NULL', 'NULL', 'NULL', 0, 0),
(1466, 8, 171, 'NULL', 0, 'NULL', 'NULL', 'NULL', 'NULL', 'NULL', 0, 0),
(1467, 8, 172, 'NULL', 0, 'NULL', 'NULL', 'NULL', 'NULL', 'NULL', 0, 0),
(1468, 8, 173, 'NULL', 0, 'NULL', 'NULL', 'NULL', 'NULL', 'NULL', 0, 0),
(1469, 8, 174, '', 0, 'NULL', 'NULL', 'NULL', 'NULL', 'NULL', 0, 0),
(1470, 8, 175, '', 0, 'NULL', 'NULL', 'NULL', 'NULL', 'NULL', 0, 0),
(1471, 8, 176, 'NULL', 0, 'NULL', 'NULL', 'NULL', 'NULL', '', 0, 0),
(1472, 8, 177, 'NULL', 0, 'NULL', 'NULL', 'NULL', 'NULL', '', 0, 0),
(1473, 8, 178, 'NULL', 0, 'NULL', 'NULL', 'NULL', 'NULL', '', 0, 0),
(1474, 8, 179, 'NULL', 0, 'NULL', 'NULL', 'NULL', 'NULL', '', 0, 0),
(1475, 8, 180, 'NULL', 0, 'NULL', 'NULL', 'NULL', 'NULL', '', 0, 0),
(1476, 8, 181, 'NULL', 0, 'NULL', 'NULL', 'NULL', 'NULL', '', 0, 0),
(1477, 8, 182, 'NULL', 0, 'NULL', 'NULL', 'NULL', 'NULL', '', 0, 0),
(1478, 8, 183, 'NULL', 0, 'NULL', 'NULL', 'NULL', 'NULL', '', 0, 0),
(1479, 8, 184, 'NULL', 0, 'NULL', 'NULL', 'NULL', 'NULL', '', 0, 0),
(1480, 8, 185, 'NULL', 0, 'NULL', 'NULL', 'NULL', 'NULL', '', 0, 0),
(1481, 9, 107, 'febre', 0, 'NULL', 'NULL', 'NULL', 'NULL', 'NULL', 0, 0),
(1482, 9, 108, 'NULL', 0, 'NULL', 'NULL', 'NULL', 'NULL', '', 0, 0),
(1483, 9, 109, '', 0, 'NULL', 'NULL', 'NULL', 'NULL', 'NULL', 0, 0),
(1484, 9, 110, 'NULL', 0, 'NULL', 'NULL', '', 'NULL', 'NULL', 0, 0),
(1485, 9, 111, 'NULL', 0, 'NULL', 'NULL', 'NULL', 'NULL', '', 0, 0),
(1486, 9, 112, 'NULL', 1, '', '', 'NULL', 'NULL', 'NULL', 0, 0),
(1487, 9, 113, '', 0, 'NULL', 'NULL', 'NULL', 'NULL', 'NULL', 0, 0),
(1488, 9, 114, 'NULL', 0, '', 'NULL', 'NULL', 'NULL', 'NULL', 0, 0),
(1489, 9, 10, 'NULL', 0, 'NULL', 'NULL', 'NULL', 'NULL', '', 0, 0),
(1490, 9, 11, 'NULL', 0, 'NULL', 'NULL', 'NULL', 'NULL', '', 0, 0),
(1491, 9, 12, 'NULL', 0, 'NULL', 'NULL', 'NULL', 'NULL', '', 0, 0),
(1492, 9, 13, 'NULL', 0, 'NULL', 'NULL', 'NULL', 'NULL', '', 0, 0),
(1493, 9, 14, 'NULL', 0, 'NULL', 'NULL', 'NULL', 'NULL', '', 0, 0),
(1494, 9, 15, 'NULL', 0, 'NULL', 'NULL', 'NULL', 'NULL', '', 0, 0),
(1495, 9, 16, 'NULL', 0, 'NULL', 'NULL', 'NULL', 'NULL', '', 0, 0),
(1496, 9, 17, 'NULL', 0, 'NULL', 'NULL', 'NULL', 'NULL', '', 0, 0),
(1497, 9, 18, 'NULL', 0, 'NULL', 'NULL', 'NULL', 'NULL', '', 0, 0),
(1498, 9, 19, 'NULL', 0, 'NULL', 'NULL', 'NULL', 'NULL', '', 0, 0),
(1499, 9, 20, 'NULL', 0, 'NULL', 'NULL', 'NULL', 'NULL', '', 0, 0),
(1500, 9, 21, 'NULL', 0, 'NULL', 'NULL', 'NULL', 'NULL', '', 0, 0),
(1501, 9, 22, 'NULL', 0, 'NULL', 'NULL', 'NULL', 'NULL', '', 0, 0);
INSERT INTO `tb_resposta` (`Cod_Resposta_Prontuario`, `Num_Prontuario`, `Cod_Pergunta`, `Des_Resposta_Aberta`, `Ind_Resposta_SimNao`, `Des_Resposta_Qual`, `Des_Resposta_Quando`, `Des_Resposta_Outros`, `Des_Resposta_Cite`, `Des_Resposta_Observacao`, `Cod_Resposta_ComboBox`, `Cod_Resposta_Radio`) VALUES
(1502, 9, 23, 'NULL', 0, 'NULL', 'NULL', 'NULL', 'NULL', '', 0, 0),
(1503, 9, 24, 'NULL', 0, 'NULL', 'NULL', 'NULL', 'NULL', '', 0, 0),
(1504, 9, 25, 'NULL', 0, 'NULL', 'NULL', 'NULL', 'NULL', '', 0, 0),
(1505, 9, 26, 'NULL', 0, 'NULL', 'NULL', 'NULL', 'NULL', '', 0, 0),
(1506, 9, 27, 'NULL', 0, 'NULL', 'NULL', 'NULL', 'NULL', '', 0, 0),
(1507, 9, 28, 'NULL', 0, 'NULL', 'NULL', 'NULL', 'NULL', '', 0, 0),
(1508, 9, 29, 'NULL', 0, 'NULL', 'NULL', 'NULL', 'NULL', '', 0, 0),
(1509, 9, 30, 'NULL', 0, 'NULL', 'NULL', 'NULL', 'NULL', '', 0, 0),
(1510, 9, 31, 'NULL', 0, 'NULL', 'NULL', 'NULL', 'NULL', '', 0, 0),
(1511, 9, 32, 'NULL', 0, 'NULL', 'NULL', 'NULL', 'NULL', '', 0, 0),
(1512, 9, 33, 'NULL', 0, 'NULL', 'NULL', 'NULL', 'NULL', '', 0, 0),
(1513, 9, 34, 'NULL', 0, 'NULL', 'NULL', 'NULL', 'NULL', '', 0, 0),
(1514, 9, 35, 'NULL', 0, 'NULL', 'NULL', 'NULL', 'NULL', '', 0, 0),
(1515, 9, 36, 'NULL', 0, 'NULL', 'NULL', 'NULL', 'NULL', '', 0, 0),
(1516, 9, 37, 'NULL', 0, 'NULL', 'NULL', 'NULL', 'NULL', '', 0, 0),
(1517, 9, 38, 'NULL', 0, 'NULL', 'NULL', 'NULL', 'NULL', '', 0, 0),
(1518, 9, 39, 'NULL', 0, 'NULL', 'NULL', 'NULL', 'NULL', '', 0, 0),
(1519, 9, 40, 'NULL', 0, 'NULL', 'NULL', 'NULL', 'NULL', '', 0, 0),
(1520, 9, 41, 'NULL', 0, 'NULL', 'NULL', 'NULL', 'NULL', '', 0, 0),
(1521, 9, 42, 'NULL', 0, 'NULL', 'NULL', 'NULL', 'NULL', '', 0, 0),
(1522, 9, 43, 'NULL', 0, 'NULL', 'NULL', 'NULL', 'NULL', '', 0, 0),
(1523, 9, 44, 'NULL', 0, 'NULL', 'NULL', 'NULL', 'NULL', '', 0, 0),
(1524, 9, 45, 'NULL', 0, 'NULL', 'NULL', 'NULL', 'NULL', '', 0, 0),
(1525, 9, 46, 'NULL', 0, 'NULL', 'NULL', 'NULL', 'NULL', '', 0, 0),
(1526, 9, 47, 'NULL', 0, 'NULL', 'NULL', 'NULL', 'NULL', '', 0, 0),
(1527, 9, 48, 'NULL', 0, 'NULL', 'NULL', 'NULL', 'NULL', '', 0, 0),
(1528, 9, 49, 'NULL', 0, 'NULL', 'NULL', 'NULL', 'NULL', '', 0, 0),
(1529, 9, 50, 'NULL', 0, 'NULL', 'NULL', 'NULL', 'NULL', '', 0, 0),
(1530, 9, 51, 'NULL', 0, 'NULL', 'NULL', 'NULL', 'NULL', '', 0, 0),
(1531, 9, 52, 'NULL', 0, 'NULL', 'NULL', 'NULL', 'NULL', '', 0, 0),
(1532, 9, 53, 'NULL', 0, 'NULL', 'NULL', 'NULL', 'NULL', '', 0, 0),
(1533, 9, 54, 'NULL', 0, 'NULL', 'NULL', 'NULL', 'NULL', '', 0, 0),
(1534, 9, 55, 'NULL', 0, 'NULL', 'NULL', 'NULL', 'NULL', '', 0, 0),
(1535, 9, 56, 'NULL', 0, 'NULL', 'NULL', 'NULL', 'NULL', '', 0, 0),
(1536, 9, 57, 'NULL', 0, 'NULL', 'NULL', 'NULL', 'NULL', '', 0, 0),
(1537, 9, 58, 'NULL', 0, 'NULL', 'NULL', 'NULL', 'NULL', '', 0, 0),
(1538, 9, 59, 'NULL', 0, 'NULL', 'NULL', 'NULL', 'NULL', '', 0, 0),
(1539, 9, 60, 'NULL', 0, 'NULL', 'NULL', 'NULL', 'NULL', '', 0, 0),
(1540, 9, 61, 'NULL', 0, 'NULL', 'NULL', 'NULL', 'NULL', '', 0, 0),
(1541, 9, 62, 'NULL', 0, 'NULL', 'NULL', 'NULL', 'NULL', '', 0, 0),
(1542, 9, 63, 'NULL', 0, 'NULL', 'NULL', 'NULL', 'NULL', '', 0, 0),
(1543, 9, 64, 'NULL', 0, 'NULL', 'NULL', 'NULL', 'NULL', '', 0, 0),
(1544, 9, 65, 'NULL', 0, 'NULL', 'NULL', 'NULL', 'NULL', '', 0, 0),
(1545, 9, 66, 'NULL', 0, 'NULL', 'NULL', 'NULL', 'NULL', '', 0, 0),
(1546, 9, 67, 'NULL', 0, 'NULL', 'NULL', 'NULL', 'NULL', '', 0, 0),
(1547, 9, 68, 'NULL', 0, 'NULL', 'NULL', 'NULL', 'NULL', '', 0, 0),
(1548, 9, 69, 'NULL', 0, 'NULL', 'NULL', 'NULL', 'NULL', '', 0, 0),
(1549, 9, 70, 'NULL', 0, 'NULL', 'NULL', 'NULL', 'NULL', '', 0, 0),
(1550, 9, 71, 'NULL', 0, 'NULL', 'NULL', 'NULL', 'NULL', '', 0, 0),
(1551, 9, 72, 'NULL', 0, 'NULL', 'NULL', 'NULL', 'NULL', '', 0, 0),
(1552, 9, 73, 'NULL', 0, 'NULL', 'NULL', 'NULL', 'NULL', '', 0, 0),
(1553, 9, 74, 'NULL', 0, 'NULL', 'NULL', 'NULL', 'NULL', '', 0, 0),
(1554, 9, 75, 'NULL', 0, 'NULL', 'NULL', 'NULL', 'NULL', '', 0, 0),
(1555, 9, 76, 'NULL', 0, 'NULL', 'NULL', 'NULL', 'NULL', '', 0, 0),
(1556, 9, 77, 'NULL', 0, 'NULL', 'NULL', 'NULL', 'NULL', '', 0, 0),
(1557, 9, 78, 'NULL', 0, 'NULL', 'NULL', 'NULL', 'NULL', '', 0, 0),
(1558, 9, 79, 'NULL', 0, 'NULL', 'NULL', 'NULL', 'NULL', '', 0, 0),
(1559, 9, 80, 'NULL', 0, 'NULL', 'NULL', 'NULL', 'NULL', '', 0, 0),
(1560, 9, 81, 'NULL', 0, 'NULL', 'NULL', 'NULL', 'NULL', '', 0, 0),
(1561, 9, 82, 'NULL', 0, 'NULL', 'NULL', 'NULL', 'NULL', '', 0, 0),
(1562, 9, 83, 'NULL', 0, 'NULL', 'NULL', 'NULL', 'NULL', '', 0, 0),
(1563, 9, 84, 'NULL', 0, 'NULL', 'NULL', 'NULL', 'NULL', '', 0, 0),
(1564, 9, 85, 'NULL', 0, 'NULL', 'NULL', 'NULL', 'NULL', '', 0, 0),
(1565, 9, 86, 'NULL', 0, 'NULL', 'NULL', 'NULL', 'NULL', '', 0, 0),
(1566, 9, 87, 'NULL', 0, 'NULL', 'NULL', 'NULL', 'NULL', '', 0, 0),
(1567, 9, 88, 'NULL', 0, 'NULL', 'NULL', 'NULL', 'NULL', '', 0, 0),
(1568, 9, 89, 'NULL', 0, 'NULL', 'NULL', 'NULL', 'NULL', '', 0, 0),
(1569, 9, 90, 'NULL', 0, 'NULL', 'NULL', 'NULL', 'NULL', '', 0, 0),
(1570, 9, 91, 'NULL', 0, 'NULL', 'NULL', 'NULL', 'NULL', '', 0, 0),
(1571, 9, 92, 'NULL', 0, 'NULL', 'NULL', 'NULL', 'NULL', '', 0, 0),
(1572, 9, 93, 'NULL', 0, 'NULL', 'NULL', 'NULL', 'NULL', '', 0, 0),
(1573, 9, 94, 'NULL', 0, 'NULL', 'NULL', 'NULL', 'NULL', '', 0, 0),
(1574, 9, 95, 'NULL', 0, 'NULL', 'NULL', 'NULL', 'NULL', '', 0, 0),
(1575, 9, 96, 'NULL', 0, 'NULL', 'NULL', 'NULL', 'NULL', '', 0, 0),
(1576, 9, 97, 'NULL', 0, 'NULL', 'NULL', 'NULL', 'NULL', '', 0, 0),
(1577, 9, 98, 'NULL', 0, 'NULL', 'NULL', 'NULL', 'NULL', '', 0, 0),
(1578, 9, 99, 'NULL', 0, 'NULL', 'NULL', 'NULL', 'NULL', '', 0, 0),
(1579, 9, 100, 'NULL', 0, 'NULL', 'NULL', 'NULL', 'NULL', '', 0, 0),
(1580, 9, 101, 'NULL', 0, 'NULL', 'NULL', 'NULL', 'NULL', '', 0, 0),
(1581, 9, 102, 'NULL', 0, 'NULL', '', 'NULL', 'NULL', 'NULL', 0, 0),
(1582, 9, 103, 'NULL', 0, 'NULL', '', 'NULL', 'NULL', 'NULL', 0, 0),
(1583, 9, 104, 'NULL', 0, 'NULL', 'NULL', 'NULL', 'NULL', '', 0, 0),
(1584, 9, 105, 'NULL', 0, 'NULL', 'NULL', 'NULL', 'NULL', '', 0, 0),
(1585, 9, 106, 'NULL', 0, 'NULL', 'NULL', 'NULL', 'NULL', '', 0, 0),
(1586, 9, 1, 'NULL', 0, '', 'NULL', 'NULL', 'NULL', 'NULL', 0, 0),
(1587, 9, 2, 'NULL', 0, 'NULL', 'NULL', 'NULL', 'NULL', 'NULL', 0, 0),
(1588, 9, 3, '', 0, 'NULL', 'NULL', 'NULL', 'NULL', 'NULL', 0, 0),
(1589, 9, 4, '', 0, 'NULL', 'NULL', 'NULL', 'NULL', 'NULL', 0, 0),
(1590, 9, 5, '', 0, 'NULL', 'NULL', 'NULL', 'NULL', 'NULL', 0, 0),
(1591, 9, 6, '', 0, 'NULL', 'NULL', 'NULL', 'NULL', 'NULL', 0, 0),
(1592, 9, 7, '', 0, 'NULL', 'NULL', 'NULL', 'NULL', 'NULL', 0, 0),
(1593, 9, 8, '', 0, 'NULL', 'NULL', 'NULL', 'NULL', 'NULL', 0, 0),
(1594, 9, 9, '', 0, 'NULL', 'NULL', 'NULL', 'NULL', 'NULL', 0, 0),
(1595, 9, 115, '', 0, 'NULL', 'NULL', 'NULL', 'NULL', 'NULL', 0, 0),
(1596, 9, 116, 'NULL', 0, 'NULL', 'NULL', 'NULL', 'NULL', 'NULL', 0, 0),
(1597, 9, 117, '', 0, 'NULL', 'NULL', 'NULL', 'NULL', 'NULL', 0, 0),
(1598, 9, 118, '', 0, 'NULL', 'NULL', 'NULL', 'NULL', 'NULL', 0, 0),
(1599, 9, 119, '', 0, 'NULL', 'NULL', 'NULL', 'NULL', 'NULL', 0, 0),
(1600, 9, 120, 'NULL', 0, 'NULL', 'NULL', 'NULL', 'NULL', 'NULL', 0, 0),
(1601, 9, 121, '', 0, 'NULL', 'NULL', 'NULL', 'NULL', 'NULL', 0, 0),
(1602, 9, 122, '', 0, 'NULL', 'NULL', 'NULL', 'NULL', 'NULL', 0, 0),
(1603, 9, 123, '', 0, 'NULL', 'NULL', 'NULL', 'NULL', 'NULL', 0, 0),
(1604, 9, 124, '', 0, 'NULL', 'NULL', 'NULL', 'NULL', 'NULL', 0, 0),
(1605, 9, 125, 'NULL', 0, 'NULL', 'NULL', 'NULL', 'NULL', 'NULL', 0, 0),
(1606, 9, 126, '', 0, 'NULL', 'NULL', 'NULL', 'NULL', 'NULL', 0, 0),
(1607, 9, 127, '', 0, 'NULL', 'NULL', 'NULL', 'NULL', 'NULL', 0, 0),
(1608, 9, 128, '', 0, 'NULL', 'NULL', 'NULL', 'NULL', 'NULL', 0, 0),
(1609, 9, 129, '', 0, 'NULL', 'NULL', 'NULL', 'NULL', 'NULL', 0, 0),
(1610, 9, 130, '', 0, 'NULL', 'NULL', 'NULL', 'NULL', 'NULL', 0, 0),
(1611, 9, 131, 'NULL', 0, 'NULL', 'NULL', '', 'NULL', 'NULL', 0, 0),
(1612, 9, 132, 'NULL', 0, 'NULL', 'NULL', 'NULL', '', 'NULL', 0, 0),
(1613, 9, 133, 'NULL', 0, 'NULL', 'NULL', 'NULL', '', 'NULL', 0, 0),
(1614, 9, 134, '', 0, 'NULL', 'NULL', 'NULL', 'NULL', 'NULL', 0, 0),
(1615, 9, 135, 'NULL', 0, 'NULL', 'NULL', 'NULL', '', 'NULL', 0, 0),
(1616, 9, 136, 'NULL', 0, 'NULL', 'NULL', 'NULL', '', 'NULL', 0, 0),
(1617, 9, 137, 'NULL', 0, 'NULL', 'NULL', 'NULL', '', 'NULL', 0, 0),
(1618, 9, 138, 'NULL', 0, 'NULL', 'NULL', 'NULL', '', 'NULL', 0, 0),
(1619, 9, 139, 'NULL', 0, '', 'NULL', 'NULL', 'NULL', 'NULL', 0, 0),
(1620, 9, 140, '', 0, 'NULL', 'NULL', 'NULL', 'NULL', 'NULL', 0, 0),
(1621, 9, 141, '', 0, 'NULL', 'NULL', 'NULL', 'NULL', 'NULL', 0, 0),
(1622, 9, 142, 'NULL', 0, 'NULL', 'NULL', 'NULL', 'NULL', 'NULL', 0, 0),
(1623, 9, 143, 'NULL', 0, 'NULL', 'NULL', 'NULL', 'NULL', 'NULL', 0, 0),
(1624, 9, 144, '', 0, 'NULL', 'NULL', 'NULL', 'NULL', 'NULL', 0, 0),
(1625, 9, 145, 'NULL', 0, 'NULL', 'NULL', 'NULL', 'NULL', '', 0, 0),
(1626, 9, 146, 'NULL', 0, 'NULL', 'NULL', 'NULL', '', 'NULL', 0, 0),
(1627, 9, 147, '', 0, 'NULL', 'NULL', 'NULL', 'NULL', 'NULL', 0, 0),
(1628, 9, 148, '', 0, 'NULL', 'NULL', 'NULL', 'NULL', 'NULL', 0, 0),
(1629, 9, 149, '', 0, 'NULL', 'NULL', 'NULL', 'NULL', 'NULL', 0, 0),
(1630, 9, 150, '', 0, 'NULL', 'NULL', 'NULL', 'NULL', 'NULL', 0, 0),
(1631, 9, 151, 'NULL', 0, 'NULL', 'NULL', 'NULL', 'NULL', 'NULL', 0, 0),
(1632, 9, 152, '', 0, 'NULL', 'NULL', 'NULL', 'NULL', 'NULL', 0, 0),
(1633, 9, 153, '', 0, 'NULL', 'NULL', 'NULL', 'NULL', 'NULL', 0, 0),
(1634, 9, 154, '', 0, 'NULL', 'NULL', 'NULL', 'NULL', 'NULL', 0, 0),
(1635, 9, 155, 'NULL', 0, 'NULL', 'NULL', 'NULL', 'NULL', '', 0, 0),
(1636, 9, 156, 'NULL', 0, 'NULL', 'NULL', 'NULL', 'NULL', '', 0, 0),
(1637, 9, 157, 'NULL', 0, 'NULL', 'NULL', 'NULL', 'NULL', '', 0, 0),
(1638, 9, 158, 'NULL', 0, 'NULL', 'NULL', 'NULL', 'NULL', '', 0, 0),
(1639, 9, 159, 'NULL', 0, 'NULL', 'NULL', 'NULL', 'NULL', '', 0, 0),
(1640, 9, 160, 'NULL', 0, 'NULL', 'NULL', 'NULL', 'NULL', '', 0, 0),
(1641, 9, 161, 'NULL', 0, 'NULL', 'NULL', 'NULL', 'NULL', '', 0, 0),
(1642, 9, 162, 'NULL', 0, 'NULL', 'NULL', 'NULL', 'NULL', '', 0, 0),
(1643, 9, 163, 'NULL', 0, 'NULL', 'NULL', 'NULL', 'NULL', '', 0, 0),
(1644, 9, 164, 'NULL', 0, 'NULL', 'NULL', 'NULL', 'NULL', '', 0, 0),
(1645, 9, 165, 'NULL', 0, 'NULL', 'NULL', 'NULL', 'NULL', '', 0, 0),
(1646, 9, 166, 'NULL', 0, 'NULL', 'NULL', 'NULL', 'NULL', '', 0, 0),
(1647, 9, 167, 'NULL', 0, 'NULL', 'NULL', '', 'NULL', 'NULL', 0, 0),
(1648, 9, 168, 'NULL', 0, 'NULL', 'NULL', 'NULL', 'NULL', 'NULL', 0, 0),
(1649, 9, 169, 'NULL', 0, 'NULL', 'NULL', 'NULL', 'NULL', 'NULL', 0, 0),
(1650, 9, 170, 'NULL', 0, 'NULL', 'NULL', 'NULL', 'NULL', 'NULL', 0, 0),
(1651, 9, 171, 'NULL', 0, 'NULL', 'NULL', 'NULL', 'NULL', 'NULL', 0, 0),
(1652, 9, 172, 'NULL', 0, 'NULL', 'NULL', 'NULL', 'NULL', 'NULL', 0, 0),
(1653, 9, 173, 'NULL', 0, 'NULL', 'NULL', 'NULL', 'NULL', 'NULL', 0, 0),
(1654, 9, 174, '', 0, 'NULL', 'NULL', 'NULL', 'NULL', 'NULL', 0, 0),
(1655, 9, 175, '', 0, 'NULL', 'NULL', 'NULL', 'NULL', 'NULL', 0, 0),
(1656, 9, 176, 'NULL', 0, 'NULL', 'NULL', 'NULL', 'NULL', '', 0, 0),
(1657, 9, 177, 'NULL', 0, 'NULL', 'NULL', 'NULL', 'NULL', '', 0, 0),
(1658, 9, 178, 'NULL', 0, 'NULL', 'NULL', 'NULL', 'NULL', '', 0, 0),
(1659, 9, 179, 'NULL', 0, 'NULL', 'NULL', 'NULL', 'NULL', '', 0, 0),
(1660, 9, 180, 'NULL', 0, 'NULL', 'NULL', 'NULL', 'NULL', '', 0, 0),
(1661, 9, 181, 'NULL', 0, 'NULL', 'NULL', 'NULL', 'NULL', '', 0, 0),
(1662, 9, 182, 'NULL', 0, 'NULL', 'NULL', 'NULL', 'NULL', '', 0, 0),
(1663, 9, 183, 'NULL', 0, 'NULL', 'NULL', 'NULL', 'NULL', '', 0, 0),
(1664, 9, 184, 'NULL', 0, 'NULL', 'NULL', 'NULL', 'NULL', '', 0, 0),
(1665, 9, 185, 'NULL', 0, 'NULL', 'NULL', 'NULL', 'NULL', '', 0, 0),
(1666, 10, 107, '', 0, 'NULL', 'NULL', 'NULL', 'NULL', 'NULL', 0, 0),
(1667, 10, 108, 'NULL', 0, 'NULL', 'NULL', 'NULL', 'NULL', '', 0, 0),
(1668, 10, 109, '', 0, 'NULL', 'NULL', 'NULL', 'NULL', 'NULL', 0, 0),
(1669, 10, 110, 'NULL', 0, 'NULL', 'NULL', '', 'NULL', 'NULL', 0, 0),
(1670, 10, 111, 'NULL', 0, 'NULL', 'NULL', 'NULL', 'NULL', '', 0, 0),
(1671, 10, 112, 'NULL', 0, '', '', 'NULL', 'NULL', 'NULL', 0, 0),
(1672, 10, 113, '', 0, 'NULL', 'NULL', 'NULL', 'NULL', 'NULL', 0, 0),
(1673, 10, 114, 'NULL', 0, '', 'NULL', 'NULL', 'NULL', 'NULL', 0, 0),
(1674, 10, 10, 'NULL', 0, 'NULL', 'NULL', 'NULL', 'NULL', '', 0, 0),
(1675, 10, 11, 'NULL', 0, 'NULL', 'NULL', 'NULL', 'NULL', '', 0, 0),
(1676, 10, 12, 'NULL', 0, 'NULL', 'NULL', 'NULL', 'NULL', '', 0, 0),
(1677, 10, 13, 'NULL', 0, 'NULL', 'NULL', 'NULL', 'NULL', '', 0, 0),
(1678, 10, 14, 'NULL', 0, 'NULL', 'NULL', 'NULL', 'NULL', '', 0, 0),
(1679, 10, 15, 'NULL', 0, 'NULL', 'NULL', 'NULL', 'NULL', '', 0, 0),
(1680, 10, 16, 'NULL', 0, 'NULL', 'NULL', 'NULL', 'NULL', '', 0, 0),
(1681, 10, 17, 'NULL', 0, 'NULL', 'NULL', 'NULL', 'NULL', '', 0, 0),
(1682, 10, 18, 'NULL', 0, 'NULL', 'NULL', 'NULL', 'NULL', '', 0, 0),
(1683, 10, 19, 'NULL', 0, 'NULL', 'NULL', 'NULL', 'NULL', '', 0, 0),
(1684, 10, 20, 'NULL', 0, 'NULL', 'NULL', 'NULL', 'NULL', '', 0, 0),
(1685, 10, 21, 'NULL', 0, 'NULL', 'NULL', 'NULL', 'NULL', '', 0, 0),
(1686, 10, 22, 'NULL', 0, 'NULL', 'NULL', 'NULL', 'NULL', '', 0, 0),
(1687, 10, 23, 'NULL', 0, 'NULL', 'NULL', 'NULL', 'NULL', '', 0, 0),
(1688, 10, 24, 'NULL', 0, 'NULL', 'NULL', 'NULL', 'NULL', '', 0, 0),
(1689, 10, 25, 'NULL', 0, 'NULL', 'NULL', 'NULL', 'NULL', '', 0, 0),
(1690, 10, 26, 'NULL', 0, 'NULL', 'NULL', 'NULL', 'NULL', '', 0, 0),
(1691, 10, 27, 'NULL', 0, 'NULL', 'NULL', 'NULL', 'NULL', '', 0, 0),
(1692, 10, 28, 'NULL', 0, 'NULL', 'NULL', 'NULL', 'NULL', '', 0, 0),
(1693, 10, 29, 'NULL', 0, 'NULL', 'NULL', 'NULL', 'NULL', '', 0, 0),
(1694, 10, 30, 'NULL', 0, 'NULL', 'NULL', 'NULL', 'NULL', '', 0, 0),
(1695, 10, 31, 'NULL', 0, 'NULL', 'NULL', 'NULL', 'NULL', '', 0, 0),
(1696, 10, 32, 'NULL', 0, 'NULL', 'NULL', 'NULL', 'NULL', '', 0, 0),
(1697, 10, 33, 'NULL', 0, 'NULL', 'NULL', 'NULL', 'NULL', '', 0, 0),
(1698, 10, 34, 'NULL', 0, 'NULL', 'NULL', 'NULL', 'NULL', '', 0, 0),
(1699, 10, 35, 'NULL', 0, 'NULL', 'NULL', 'NULL', 'NULL', '', 0, 0),
(1700, 10, 36, 'NULL', 0, 'NULL', 'NULL', 'NULL', 'NULL', '', 0, 0),
(1701, 10, 37, 'NULL', 0, 'NULL', 'NULL', 'NULL', 'NULL', '', 0, 0),
(1702, 10, 38, 'NULL', 0, 'NULL', 'NULL', 'NULL', 'NULL', '', 0, 0),
(1703, 10, 39, 'NULL', 0, 'NULL', 'NULL', 'NULL', 'NULL', '', 0, 0),
(1704, 10, 40, 'NULL', 0, 'NULL', 'NULL', 'NULL', 'NULL', '', 0, 0),
(1705, 10, 41, 'NULL', 0, 'NULL', 'NULL', 'NULL', 'NULL', '', 0, 0),
(1706, 10, 42, 'NULL', 0, 'NULL', 'NULL', 'NULL', 'NULL', '', 0, 0),
(1707, 10, 43, 'NULL', 0, 'NULL', 'NULL', 'NULL', 'NULL', '', 0, 0),
(1708, 10, 44, 'NULL', 0, 'NULL', 'NULL', 'NULL', 'NULL', '', 0, 0),
(1709, 10, 45, 'NULL', 0, 'NULL', 'NULL', 'NULL', 'NULL', '', 0, 0),
(1710, 10, 46, 'NULL', 0, 'NULL', 'NULL', 'NULL', 'NULL', '', 0, 0),
(1711, 10, 47, 'NULL', 0, 'NULL', 'NULL', 'NULL', 'NULL', '', 0, 0),
(1712, 10, 48, 'NULL', 0, 'NULL', 'NULL', 'NULL', 'NULL', '', 0, 0),
(1713, 10, 49, 'NULL', 0, 'NULL', 'NULL', 'NULL', 'NULL', '', 0, 0),
(1714, 10, 50, 'NULL', 0, 'NULL', 'NULL', 'NULL', 'NULL', '', 0, 0),
(1715, 10, 51, 'NULL', 0, 'NULL', 'NULL', 'NULL', 'NULL', '', 0, 0),
(1716, 10, 52, 'NULL', 0, 'NULL', 'NULL', 'NULL', 'NULL', '', 0, 0),
(1717, 10, 53, 'NULL', 0, 'NULL', 'NULL', 'NULL', 'NULL', '', 0, 0),
(1718, 10, 54, 'NULL', 0, 'NULL', 'NULL', 'NULL', 'NULL', '', 0, 0),
(1719, 10, 55, 'NULL', 0, 'NULL', 'NULL', 'NULL', 'NULL', '', 0, 0),
(1720, 10, 56, 'NULL', 0, 'NULL', 'NULL', 'NULL', 'NULL', '', 0, 0),
(1721, 10, 57, 'NULL', 0, 'NULL', 'NULL', 'NULL', 'NULL', '', 0, 0),
(1722, 10, 58, 'NULL', 0, 'NULL', 'NULL', 'NULL', 'NULL', '', 0, 0),
(1723, 10, 59, 'NULL', 0, 'NULL', 'NULL', 'NULL', 'NULL', '', 0, 0),
(1724, 10, 60, 'NULL', 0, 'NULL', 'NULL', 'NULL', 'NULL', '', 0, 0),
(1725, 10, 61, 'NULL', 0, 'NULL', 'NULL', 'NULL', 'NULL', '', 0, 0),
(1726, 10, 62, 'NULL', 0, 'NULL', 'NULL', 'NULL', 'NULL', '', 0, 0),
(1727, 10, 63, 'NULL', 0, 'NULL', 'NULL', 'NULL', 'NULL', '', 0, 0),
(1728, 10, 64, 'NULL', 0, 'NULL', 'NULL', 'NULL', 'NULL', '', 0, 0),
(1729, 10, 65, 'NULL', 0, 'NULL', 'NULL', 'NULL', 'NULL', '', 0, 0),
(1730, 10, 66, 'NULL', 0, 'NULL', 'NULL', 'NULL', 'NULL', '', 0, 0),
(1731, 10, 67, 'NULL', 0, 'NULL', 'NULL', 'NULL', 'NULL', '', 0, 0),
(1732, 10, 68, 'NULL', 0, 'NULL', 'NULL', 'NULL', 'NULL', '', 0, 0),
(1733, 10, 69, 'NULL', 0, 'NULL', 'NULL', 'NULL', 'NULL', '', 0, 0),
(1734, 10, 70, 'NULL', 0, 'NULL', 'NULL', 'NULL', 'NULL', '', 0, 0),
(1735, 10, 71, 'NULL', 0, 'NULL', 'NULL', 'NULL', 'NULL', '', 0, 0),
(1736, 10, 72, 'NULL', 0, 'NULL', 'NULL', 'NULL', 'NULL', '', 0, 0),
(1737, 10, 73, 'NULL', 0, 'NULL', 'NULL', 'NULL', 'NULL', '', 0, 0),
(1738, 10, 74, 'NULL', 0, 'NULL', 'NULL', 'NULL', 'NULL', '', 0, 0),
(1739, 10, 75, 'NULL', 0, 'NULL', 'NULL', 'NULL', 'NULL', '', 0, 0),
(1740, 10, 76, 'NULL', 0, 'NULL', 'NULL', 'NULL', 'NULL', '', 0, 0),
(1741, 10, 77, 'NULL', 0, 'NULL', 'NULL', 'NULL', 'NULL', '', 0, 0),
(1742, 10, 78, 'NULL', 0, 'NULL', 'NULL', 'NULL', 'NULL', '', 0, 0),
(1743, 10, 79, 'NULL', 0, 'NULL', 'NULL', 'NULL', 'NULL', '', 0, 0),
(1744, 10, 80, 'NULL', 0, 'NULL', 'NULL', 'NULL', 'NULL', '', 0, 0),
(1745, 10, 81, 'NULL', 0, 'NULL', 'NULL', 'NULL', 'NULL', '', 0, 0),
(1746, 10, 82, 'NULL', 0, 'NULL', 'NULL', 'NULL', 'NULL', '', 0, 0),
(1747, 10, 83, 'NULL', 0, 'NULL', 'NULL', 'NULL', 'NULL', '', 0, 0),
(1748, 10, 84, 'NULL', 0, 'NULL', 'NULL', 'NULL', 'NULL', '', 0, 0),
(1749, 10, 85, 'NULL', 0, 'NULL', 'NULL', 'NULL', 'NULL', '', 0, 0),
(1750, 10, 86, 'NULL', 0, 'NULL', 'NULL', 'NULL', 'NULL', '', 0, 0),
(1751, 10, 87, 'NULL', 0, 'NULL', 'NULL', 'NULL', 'NULL', '', 0, 0),
(1752, 10, 88, 'NULL', 0, 'NULL', 'NULL', 'NULL', 'NULL', '', 0, 0),
(1753, 10, 89, 'NULL', 0, 'NULL', 'NULL', 'NULL', 'NULL', '', 0, 0),
(1754, 10, 90, 'NULL', 0, 'NULL', 'NULL', 'NULL', 'NULL', '', 0, 0),
(1755, 10, 91, 'NULL', 0, 'NULL', 'NULL', 'NULL', 'NULL', '', 0, 0),
(1756, 10, 92, 'NULL', 0, 'NULL', 'NULL', 'NULL', 'NULL', '', 0, 0),
(1757, 10, 93, 'NULL', 0, 'NULL', 'NULL', 'NULL', 'NULL', '', 0, 0),
(1758, 10, 94, 'NULL', 0, 'NULL', 'NULL', 'NULL', 'NULL', '', 0, 0),
(1759, 10, 95, 'NULL', 0, 'NULL', 'NULL', 'NULL', 'NULL', '', 0, 0),
(1760, 10, 96, 'NULL', 0, 'NULL', 'NULL', 'NULL', 'NULL', '', 0, 0),
(1761, 10, 97, 'NULL', 0, 'NULL', 'NULL', 'NULL', 'NULL', '', 0, 0),
(1762, 10, 98, 'NULL', 0, 'NULL', 'NULL', 'NULL', 'NULL', '', 0, 0),
(1763, 10, 99, 'NULL', 0, 'NULL', 'NULL', 'NULL', 'NULL', '', 0, 0),
(1764, 10, 100, 'NULL', 0, 'NULL', 'NULL', 'NULL', 'NULL', '', 0, 0),
(1765, 10, 101, 'NULL', 0, 'NULL', 'NULL', 'NULL', 'NULL', '', 0, 0),
(1766, 10, 102, 'NULL', 0, 'NULL', '', 'NULL', 'NULL', 'NULL', 0, 0),
(1767, 10, 103, 'NULL', 0, 'NULL', '', 'NULL', 'NULL', 'NULL', 0, 0),
(1768, 10, 104, 'NULL', 0, 'NULL', 'NULL', 'NULL', 'NULL', '', 0, 0),
(1769, 10, 105, 'NULL', 0, 'NULL', 'NULL', 'NULL', 'NULL', '', 0, 0),
(1770, 10, 106, 'NULL', 0, 'NULL', 'NULL', 'NULL', 'NULL', '', 0, 0),
(1771, 10, 1, 'NULL', 0, '', 'NULL', 'NULL', 'NULL', 'NULL', 0, 0),
(1772, 10, 2, 'NULL', 0, 'NULL', 'NULL', 'NULL', 'NULL', 'NULL', 0, 0),
(1773, 10, 3, '', 0, 'NULL', 'NULL', 'NULL', 'NULL', 'NULL', 0, 0),
(1774, 10, 4, '', 0, 'NULL', 'NULL', 'NULL', 'NULL', 'NULL', 0, 0),
(1775, 10, 5, '', 0, 'NULL', 'NULL', 'NULL', 'NULL', 'NULL', 0, 0),
(1776, 10, 6, '', 0, 'NULL', 'NULL', 'NULL', 'NULL', 'NULL', 0, 0),
(1777, 10, 7, '', 0, 'NULL', 'NULL', 'NULL', 'NULL', 'NULL', 0, 0),
(1778, 10, 8, '', 0, 'NULL', 'NULL', 'NULL', 'NULL', 'NULL', 0, 0),
(1779, 10, 9, '', 0, 'NULL', 'NULL', 'NULL', 'NULL', 'NULL', 0, 0),
(1780, 10, 115, '', 0, 'NULL', 'NULL', 'NULL', 'NULL', 'NULL', 0, 0),
(1781, 10, 116, 'NULL', 0, 'NULL', 'NULL', 'NULL', 'NULL', 'NULL', 0, 0),
(1782, 10, 117, '', 0, 'NULL', 'NULL', 'NULL', 'NULL', 'NULL', 0, 0),
(1783, 10, 118, '', 0, 'NULL', 'NULL', 'NULL', 'NULL', 'NULL', 0, 0),
(1784, 10, 119, '', 0, 'NULL', 'NULL', 'NULL', 'NULL', 'NULL', 0, 0),
(1785, 10, 120, 'NULL', 0, 'NULL', 'NULL', 'NULL', 'NULL', 'NULL', 0, 0),
(1786, 10, 121, '', 0, 'NULL', 'NULL', 'NULL', 'NULL', 'NULL', 0, 0),
(1787, 10, 122, '', 0, 'NULL', 'NULL', 'NULL', 'NULL', 'NULL', 0, 0),
(1788, 10, 123, '', 0, 'NULL', 'NULL', 'NULL', 'NULL', 'NULL', 0, 0),
(1789, 10, 124, '', 0, 'NULL', 'NULL', 'NULL', 'NULL', 'NULL', 0, 0),
(1790, 10, 125, 'NULL', 0, 'NULL', 'NULL', 'NULL', 'NULL', 'NULL', 0, 0),
(1791, 10, 126, '', 0, 'NULL', 'NULL', 'NULL', 'NULL', 'NULL', 0, 0),
(1792, 10, 127, '', 0, 'NULL', 'NULL', 'NULL', 'NULL', 'NULL', 0, 0),
(1793, 10, 128, '', 0, 'NULL', 'NULL', 'NULL', 'NULL', 'NULL', 0, 0),
(1794, 10, 129, '', 0, 'NULL', 'NULL', 'NULL', 'NULL', 'NULL', 0, 0),
(1795, 10, 130, '', 0, 'NULL', 'NULL', 'NULL', 'NULL', 'NULL', 0, 0),
(1796, 10, 131, 'NULL', 0, 'NULL', 'NULL', '', 'NULL', 'NULL', 0, 0),
(1797, 10, 132, 'NULL', 0, 'NULL', 'NULL', 'NULL', '', 'NULL', 0, 0),
(1798, 10, 133, 'NULL', 0, 'NULL', 'NULL', 'NULL', '', 'NULL', 0, 0),
(1799, 10, 134, '', 0, 'NULL', 'NULL', 'NULL', 'NULL', 'NULL', 0, 0),
(1800, 10, 135, 'NULL', 0, 'NULL', 'NULL', 'NULL', '', 'NULL', 0, 0),
(1801, 10, 136, 'NULL', 0, 'NULL', 'NULL', 'NULL', '', 'NULL', 0, 0),
(1802, 10, 137, 'NULL', 0, 'NULL', 'NULL', 'NULL', '', 'NULL', 0, 0),
(1803, 10, 138, 'NULL', 0, 'NULL', 'NULL', 'NULL', '', 'NULL', 0, 0),
(1804, 10, 139, 'NULL', 0, '', 'NULL', 'NULL', 'NULL', 'NULL', 0, 0),
(1805, 10, 140, '', 0, 'NULL', 'NULL', 'NULL', 'NULL', 'NULL', 0, 0),
(1806, 10, 141, '', 0, 'NULL', 'NULL', 'NULL', 'NULL', 'NULL', 0, 0),
(1807, 10, 142, 'NULL', 0, 'NULL', 'NULL', 'NULL', 'NULL', 'NULL', 0, 0),
(1808, 10, 143, 'NULL', 0, 'NULL', 'NULL', 'NULL', 'NULL', 'NULL', 0, 0),
(1809, 10, 144, '', 0, 'NULL', 'NULL', 'NULL', 'NULL', 'NULL', 0, 0),
(1810, 10, 145, 'NULL', 0, 'NULL', 'NULL', 'NULL', 'NULL', '', 0, 0),
(1811, 10, 146, 'NULL', 0, 'NULL', 'NULL', 'NULL', '', 'NULL', 0, 0),
(1812, 10, 147, '', 0, 'NULL', 'NULL', 'NULL', 'NULL', 'NULL', 0, 0),
(1813, 10, 148, '', 0, 'NULL', 'NULL', 'NULL', 'NULL', 'NULL', 0, 0),
(1814, 10, 149, '', 0, 'NULL', 'NULL', 'NULL', 'NULL', 'NULL', 0, 0),
(1815, 10, 150, '', 0, 'NULL', 'NULL', 'NULL', 'NULL', 'NULL', 0, 0),
(1816, 10, 151, 'NULL', 0, 'NULL', 'NULL', 'NULL', 'NULL', 'NULL', 0, 0),
(1817, 10, 152, '', 0, 'NULL', 'NULL', 'NULL', 'NULL', 'NULL', 0, 0),
(1818, 10, 153, '', 0, 'NULL', 'NULL', 'NULL', 'NULL', 'NULL', 0, 0),
(1819, 10, 154, '', 0, 'NULL', 'NULL', 'NULL', 'NULL', 'NULL', 0, 0),
(1820, 10, 155, 'NULL', 0, 'NULL', 'NULL', 'NULL', 'NULL', '', 0, 0),
(1821, 10, 156, 'NULL', 0, 'NULL', 'NULL', 'NULL', 'NULL', '', 0, 0),
(1822, 10, 157, 'NULL', 0, 'NULL', 'NULL', 'NULL', 'NULL', '', 0, 0),
(1823, 10, 158, 'NULL', 0, 'NULL', 'NULL', 'NULL', 'NULL', '', 0, 0),
(1824, 10, 159, 'NULL', 0, 'NULL', 'NULL', 'NULL', 'NULL', '', 0, 0),
(1825, 10, 160, 'NULL', 0, 'NULL', 'NULL', 'NULL', 'NULL', '', 0, 0),
(1826, 10, 161, 'NULL', 0, 'NULL', 'NULL', 'NULL', 'NULL', '', 0, 0),
(1827, 10, 162, 'NULL', 0, 'NULL', 'NULL', 'NULL', 'NULL', '', 0, 0),
(1828, 10, 163, 'NULL', 0, 'NULL', 'NULL', 'NULL', 'NULL', '', 0, 0),
(1829, 10, 164, 'NULL', 0, 'NULL', 'NULL', 'NULL', 'NULL', '', 0, 0),
(1830, 10, 165, 'NULL', 0, 'NULL', 'NULL', 'NULL', 'NULL', '', 0, 0),
(1831, 10, 166, 'NULL', 0, 'NULL', 'NULL', 'NULL', 'NULL', '', 0, 0),
(1832, 10, 167, 'NULL', 0, 'NULL', 'NULL', '', 'NULL', 'NULL', 0, 0),
(1833, 10, 168, 'NULL', 0, 'NULL', 'NULL', 'NULL', 'NULL', 'NULL', 0, 0),
(1834, 10, 169, 'NULL', 0, 'NULL', 'NULL', 'NULL', 'NULL', 'NULL', 0, 0),
(1835, 10, 170, 'NULL', 0, 'NULL', 'NULL', 'NULL', 'NULL', 'NULL', 0, 0),
(1836, 10, 171, 'NULL', 0, 'NULL', 'NULL', 'NULL', 'NULL', 'NULL', 0, 0),
(1837, 10, 172, 'NULL', 0, 'NULL', 'NULL', 'NULL', 'NULL', 'NULL', 0, 0),
(1838, 10, 173, 'NULL', 0, 'NULL', 'NULL', 'NULL', 'NULL', 'NULL', 0, 0),
(1839, 10, 174, '', 0, 'NULL', 'NULL', 'NULL', 'NULL', 'NULL', 0, 0),
(1840, 10, 175, '', 0, 'NULL', 'NULL', 'NULL', 'NULL', 'NULL', 0, 0),
(1841, 10, 176, 'NULL', 0, 'NULL', 'NULL', 'NULL', 'NULL', '', 0, 0),
(1842, 10, 177, 'NULL', 0, 'NULL', 'NULL', 'NULL', 'NULL', '', 0, 0),
(1843, 10, 178, 'NULL', 0, 'NULL', 'NULL', 'NULL', 'NULL', '', 0, 0),
(1844, 10, 179, 'NULL', 0, 'NULL', 'NULL', 'NULL', 'NULL', '', 0, 0),
(1845, 10, 180, 'NULL', 0, 'NULL', 'NULL', 'NULL', 'NULL', '', 0, 0),
(1846, 10, 181, 'NULL', 0, 'NULL', 'NULL', 'NULL', 'NULL', '', 0, 0),
(1847, 10, 182, 'NULL', 0, 'NULL', 'NULL', 'NULL', 'NULL', '', 0, 0),
(1848, 10, 183, 'NULL', 0, 'NULL', 'NULL', 'NULL', 'NULL', '', 0, 0),
(1849, 10, 184, 'NULL', 0, 'NULL', 'NULL', 'NULL', 'NULL', '', 0, 0),
(1850, 10, 185, 'NULL', 0, 'NULL', 'NULL', 'NULL', 'NULL', '', 0, 0),
(1851, 11, 107, 'dor febre', 0, 'NULL', 'NULL', 'NULL', 'NULL', 'NULL', 0, 0),
(1852, 11, 108, 'NULL', 0, 'NULL', 'NULL', 'NULL', 'NULL', 'teste', 0, 0),
(1853, 11, 109, 'nao', 0, 'NULL', 'NULL', 'NULL', 'NULL', 'NULL', 0, 0),
(1854, 11, 110, 'NULL', 1, 'NULL', 'NULL', 'aaa', 'NULL', 'NULL', 0, 0),
(1855, 11, 111, 'NULL', 0, 'NULL', 'NULL', 'NULL', 'NULL', ' 1 vez', 0, 0),
(1856, 11, 112, 'NULL', 1, 'septo', '2010', 'NULL', 'NULL', 'NULL', 0, 0),
(1857, 11, 113, '', 0, 'NULL', 'NULL', 'NULL', 'NULL', 'NULL', 0, 0),
(1858, 11, 114, 'NULL', 1, '', 'NULL', 'NULL', 'NULL', 'NULL', 0, 0),
(1859, 11, 10, 'NULL', 1, 'NULL', 'NULL', 'NULL', 'NULL', '', 0, 0),
(1860, 11, 11, 'NULL', 0, 'NULL', 'NULL', 'NULL', 'NULL', '', 0, 0),
(1861, 11, 12, 'NULL', 1, 'NULL', 'NULL', 'NULL', 'NULL', '', 0, 0),
(1862, 11, 13, 'NULL', 0, 'NULL', 'NULL', 'NULL', 'NULL', '', 0, 0),
(1863, 11, 14, 'NULL', 0, 'NULL', 'NULL', 'NULL', 'NULL', '', 0, 0),
(1864, 11, 15, 'NULL', 0, 'NULL', 'NULL', 'NULL', 'NULL', '', 0, 0),
(1865, 11, 16, 'NULL', 1, 'NULL', 'NULL', 'NULL', 'NULL', '', 0, 0),
(1866, 11, 17, 'NULL', 0, 'NULL', 'NULL', 'NULL', 'NULL', '', 0, 0),
(1867, 11, 18, 'NULL', 0, 'NULL', 'NULL', 'NULL', 'NULL', '', 0, 0),
(1868, 11, 19, 'NULL', 0, 'NULL', 'NULL', 'NULL', 'NULL', '', 0, 0),
(1869, 11, 20, 'NULL', 0, 'NULL', 'NULL', 'NULL', 'NULL', '', 0, 0),
(1870, 11, 21, 'NULL', 0, 'NULL', 'NULL', 'NULL', 'NULL', '', 0, 0),
(1871, 11, 22, 'NULL', 0, 'NULL', 'NULL', 'NULL', 'NULL', '', 0, 0),
(1872, 11, 23, 'NULL', 0, 'NULL', 'NULL', 'NULL', 'NULL', '', 0, 0),
(1873, 11, 24, 'NULL', 0, 'NULL', 'NULL', 'NULL', 'NULL', '', 0, 0),
(1874, 11, 25, 'NULL', 0, 'NULL', 'NULL', 'NULL', 'NULL', '', 0, 0),
(1875, 11, 26, 'NULL', 1, 'NULL', 'NULL', 'NULL', 'NULL', '', 0, 0),
(1876, 11, 27, 'NULL', 0, 'NULL', 'NULL', 'NULL', 'NULL', '', 0, 0),
(1877, 11, 28, 'NULL', 0, 'NULL', 'NULL', 'NULL', 'NULL', '', 0, 0),
(1878, 11, 29, 'NULL', 0, 'NULL', 'NULL', 'NULL', 'NULL', '', 0, 0),
(1879, 11, 30, 'NULL', 0, 'NULL', 'NULL', 'NULL', 'NULL', '', 0, 0),
(1880, 11, 31, 'NULL', 0, 'NULL', 'NULL', 'NULL', 'NULL', '', 0, 0),
(1881, 11, 32, 'NULL', 0, 'NULL', 'NULL', 'NULL', 'NULL', '', 0, 0),
(1882, 11, 33, 'NULL', 1, 'NULL', 'NULL', 'NULL', 'NULL', '', 0, 0),
(1883, 11, 34, 'NULL', 0, 'NULL', 'NULL', 'NULL', 'NULL', '', 0, 0),
(1884, 11, 35, 'NULL', 0, 'NULL', 'NULL', 'NULL', 'NULL', '', 0, 0),
(1885, 11, 36, 'NULL', 0, 'NULL', 'NULL', 'NULL', 'NULL', '', 0, 0),
(1886, 11, 37, 'NULL', 0, 'NULL', 'NULL', 'NULL', 'NULL', '', 0, 0),
(1887, 11, 38, 'NULL', 0, 'NULL', 'NULL', 'NULL', 'NULL', '', 0, 0),
(1888, 11, 39, 'NULL', 0, 'NULL', 'NULL', 'NULL', 'NULL', '', 0, 0),
(1889, 11, 40, 'NULL', 0, 'NULL', 'NULL', 'NULL', 'NULL', '', 0, 0),
(1890, 11, 41, 'NULL', 1, 'NULL', 'NULL', 'NULL', 'NULL', '', 0, 0),
(1891, 11, 42, 'NULL', 0, 'NULL', 'NULL', 'NULL', 'NULL', '', 0, 0),
(1892, 11, 43, 'NULL', 0, 'NULL', 'NULL', 'NULL', 'NULL', '', 0, 0),
(1893, 11, 44, 'NULL', 0, 'NULL', 'NULL', 'NULL', 'NULL', '', 0, 0),
(1894, 11, 45, 'NULL', 0, 'NULL', 'NULL', 'NULL', 'NULL', '', 0, 0),
(1895, 11, 46, 'NULL', 0, 'NULL', 'NULL', 'NULL', 'NULL', '', 0, 0),
(1896, 11, 47, 'NULL', 0, 'NULL', 'NULL', 'NULL', 'NULL', '', 0, 0),
(1897, 11, 48, 'NULL', 0, 'NULL', 'NULL', 'NULL', 'NULL', '', 0, 0),
(1898, 11, 49, 'NULL', 0, 'NULL', 'NULL', 'NULL', 'NULL', '', 0, 0),
(1899, 11, 50, 'NULL', 0, 'NULL', 'NULL', 'NULL', 'NULL', '', 0, 0),
(1900, 11, 51, 'NULL', 0, 'NULL', 'NULL', 'NULL', 'NULL', '', 0, 0),
(1901, 11, 52, 'NULL', 0, 'NULL', 'NULL', 'NULL', 'NULL', '', 0, 0),
(1902, 11, 53, 'NULL', 0, 'NULL', 'NULL', 'NULL', 'NULL', '', 0, 0),
(1903, 11, 54, 'NULL', 0, 'NULL', 'NULL', 'NULL', 'NULL', '', 0, 0),
(1904, 11, 55, 'NULL', 0, 'NULL', 'NULL', 'NULL', 'NULL', '', 0, 0),
(1905, 11, 56, 'NULL', 0, 'NULL', 'NULL', 'NULL', 'NULL', '', 0, 0),
(1906, 11, 57, 'NULL', 0, 'NULL', 'NULL', 'NULL', 'NULL', '', 0, 0),
(1907, 11, 58, 'NULL', 0, 'NULL', 'NULL', 'NULL', 'NULL', '', 0, 0),
(1908, 11, 59, 'NULL', 0, 'NULL', 'NULL', 'NULL', 'NULL', '', 0, 0),
(1909, 11, 60, 'NULL', 0, 'NULL', 'NULL', 'NULL', 'NULL', '', 0, 0),
(1910, 11, 61, 'NULL', 1, 'NULL', 'NULL', 'NULL', 'NULL', '', 0, 0),
(1911, 11, 62, 'NULL', 0, 'NULL', 'NULL', 'NULL', 'NULL', '', 0, 0),
(1912, 11, 63, 'NULL', 0, 'NULL', 'NULL', 'NULL', 'NULL', '', 0, 0),
(1913, 11, 64, 'NULL', 0, 'NULL', 'NULL', 'NULL', 'NULL', '', 0, 0),
(1914, 11, 65, 'NULL', 0, 'NULL', 'NULL', 'NULL', 'NULL', '', 0, 0),
(1915, 11, 66, 'NULL', 0, 'NULL', 'NULL', 'NULL', 'NULL', '', 0, 0),
(1916, 11, 67, 'NULL', 0, 'NULL', 'NULL', 'NULL', 'NULL', '', 0, 0),
(1917, 11, 68, 'NULL', 0, 'NULL', 'NULL', 'NULL', 'NULL', '', 0, 0),
(1918, 11, 69, 'NULL', 0, 'NULL', 'NULL', 'NULL', 'NULL', '', 0, 0),
(1919, 11, 70, 'NULL', 0, 'NULL', 'NULL', 'NULL', 'NULL', '', 0, 0),
(1920, 11, 71, 'NULL', 0, 'NULL', 'NULL', 'NULL', 'NULL', '', 0, 0),
(1921, 11, 72, 'NULL', 0, 'NULL', 'NULL', 'NULL', 'NULL', '', 0, 0),
(1922, 11, 73, 'NULL', 0, 'NULL', 'NULL', 'NULL', 'NULL', '', 0, 0),
(1923, 11, 74, 'NULL', 0, 'NULL', 'NULL', 'NULL', 'NULL', '', 0, 0),
(1924, 11, 75, 'NULL', 0, 'NULL', 'NULL', 'NULL', 'NULL', '', 0, 0),
(1925, 11, 76, 'NULL', 0, 'NULL', 'NULL', 'NULL', 'NULL', '', 0, 0),
(1926, 11, 77, 'NULL', 0, 'NULL', 'NULL', 'NULL', 'NULL', '', 0, 0),
(1927, 11, 78, 'NULL', 0, 'NULL', 'NULL', 'NULL', 'NULL', '', 0, 0),
(1928, 11, 79, 'NULL', 0, 'NULL', 'NULL', 'NULL', 'NULL', '', 0, 0),
(1929, 11, 80, 'NULL', 0, 'NULL', 'NULL', 'NULL', 'NULL', '', 0, 0),
(1930, 11, 81, 'NULL', 0, 'NULL', 'NULL', 'NULL', 'NULL', '', 0, 0),
(1931, 11, 82, 'NULL', 0, 'NULL', 'NULL', 'NULL', 'NULL', '', 0, 0),
(1932, 11, 83, 'NULL', 0, 'NULL', 'NULL', 'NULL', 'NULL', '', 0, 0),
(1933, 11, 84, 'NULL', 0, 'NULL', 'NULL', 'NULL', 'NULL', '', 0, 0),
(1934, 11, 85, 'NULL', 0, 'NULL', 'NULL', 'NULL', 'NULL', '', 0, 0),
(1935, 11, 86, 'NULL', 0, 'NULL', 'NULL', 'NULL', 'NULL', '', 0, 0),
(1936, 11, 87, 'NULL', 0, 'NULL', 'NULL', 'NULL', 'NULL', '', 0, 0),
(1937, 11, 88, 'NULL', 0, 'NULL', 'NULL', 'NULL', 'NULL', '', 0, 0),
(1938, 11, 89, 'NULL', 0, 'NULL', 'NULL', 'NULL', 'NULL', '', 0, 0),
(1939, 11, 90, 'NULL', 0, 'NULL', 'NULL', 'NULL', 'NULL', '', 0, 0),
(1940, 11, 91, 'NULL', 0, 'NULL', 'NULL', 'NULL', 'NULL', '', 0, 0),
(1941, 11, 92, 'NULL', 0, 'NULL', 'NULL', 'NULL', 'NULL', '', 0, 0),
(1942, 11, 93, 'NULL', 0, 'NULL', 'NULL', 'NULL', 'NULL', '', 0, 0),
(1943, 11, 94, 'NULL', 0, 'NULL', 'NULL', 'NULL', 'NULL', '', 0, 0),
(1944, 11, 95, 'NULL', 0, 'NULL', 'NULL', 'NULL', 'NULL', '', 0, 0),
(1945, 11, 96, 'NULL', 0, 'NULL', 'NULL', 'NULL', 'NULL', '', 0, 0),
(1946, 11, 97, 'NULL', 0, 'NULL', 'NULL', 'NULL', 'NULL', '', 0, 0),
(1947, 11, 98, 'NULL', 0, 'NULL', 'NULL', 'NULL', 'NULL', '', 0, 0),
(1948, 11, 99, 'NULL', 0, 'NULL', 'NULL', 'NULL', 'NULL', '', 0, 0),
(1949, 11, 100, 'NULL', 0, 'NULL', 'NULL', 'NULL', 'NULL', '', 0, 0),
(1950, 11, 101, 'NULL', 0, 'NULL', 'NULL', 'NULL', 'NULL', '', 0, 0),
(1951, 11, 102, 'NULL', 0, 'NULL', '', 'NULL', 'NULL', 'NULL', 0, 0),
(1952, 11, 103, 'NULL', 0, 'NULL', '', 'NULL', 'NULL', 'NULL', 0, 0),
(1953, 11, 104, 'NULL', 0, 'NULL', 'NULL', 'NULL', 'NULL', '', 0, 0),
(1954, 11, 105, 'NULL', 0, 'NULL', 'NULL', 'NULL', 'NULL', '', 0, 0),
(1955, 11, 106, 'NULL', 0, 'NULL', 'NULL', 'NULL', 'NULL', '', 0, 0),
(1956, 11, 1, 'NULL', 0, '', 'NULL', 'NULL', 'NULL', 'NULL', 0, 0),
(1957, 11, 2, 'NULL', 0, 'NULL', 'NULL', 'NULL', 'NULL', 'NULL', 0, 0),
(1958, 11, 3, '', 0, 'NULL', 'NULL', 'NULL', 'NULL', 'NULL', 0, 0),
(1959, 11, 4, '', 0, 'NULL', 'NULL', 'NULL', 'NULL', 'NULL', 0, 0),
(1960, 11, 5, '', 0, 'NULL', 'NULL', 'NULL', 'NULL', 'NULL', 0, 0),
(1961, 11, 6, '', 0, 'NULL', 'NULL', 'NULL', 'NULL', 'NULL', 0, 0),
(1962, 11, 7, '', 0, 'NULL', 'NULL', 'NULL', 'NULL', 'NULL', 0, 0),
(1963, 11, 8, '', 0, 'NULL', 'NULL', 'NULL', 'NULL', 'NULL', 0, 0),
(1964, 11, 9, '', 0, 'NULL', 'NULL', 'NULL', 'NULL', 'NULL', 0, 0),
(1965, 11, 115, '', 0, 'NULL', 'NULL', 'NULL', 'NULL', 'NULL', 0, 0),
(1966, 11, 116, 'NULL', 0, 'NULL', 'NULL', 'NULL', 'NULL', 'NULL', 0, 0),
(1967, 11, 117, '', 0, 'NULL', 'NULL', 'NULL', 'NULL', 'NULL', 0, 0),
(1968, 11, 118, '', 0, 'NULL', 'NULL', 'NULL', 'NULL', 'NULL', 0, 0),
(1969, 11, 119, '', 0, 'NULL', 'NULL', 'NULL', 'NULL', 'NULL', 0, 0),
(1970, 11, 120, 'NULL', 0, 'NULL', 'NULL', 'NULL', 'NULL', 'NULL', 0, 0),
(1971, 11, 121, '', 0, 'NULL', 'NULL', 'NULL', 'NULL', 'NULL', 0, 0),
(1972, 11, 122, '', 0, 'NULL', 'NULL', 'NULL', 'NULL', 'NULL', 0, 0),
(1973, 11, 123, '', 0, 'NULL', 'NULL', 'NULL', 'NULL', 'NULL', 0, 0),
(1974, 11, 124, '', 0, 'NULL', 'NULL', 'NULL', 'NULL', 'NULL', 0, 0),
(1975, 11, 125, 'NULL', 0, 'NULL', 'NULL', 'NULL', 'NULL', 'NULL', 0, 0),
(1976, 11, 126, '', 0, 'NULL', 'NULL', 'NULL', 'NULL', 'NULL', 0, 0),
(1977, 11, 127, '', 0, 'NULL', 'NULL', 'NULL', 'NULL', 'NULL', 0, 0),
(1978, 11, 128, '', 0, 'NULL', 'NULL', 'NULL', 'NULL', 'NULL', 0, 0),
(1979, 11, 129, '', 0, 'NULL', 'NULL', 'NULL', 'NULL', 'NULL', 0, 0),
(1980, 11, 130, '', 0, 'NULL', 'NULL', 'NULL', 'NULL', 'NULL', 0, 0),
(1981, 11, 131, 'NULL', 0, 'NULL', 'NULL', '', 'NULL', 'NULL', 0, 0),
(1982, 11, 132, 'NULL', 0, 'NULL', 'NULL', 'NULL', '', 'NULL', 0, 0),
(1983, 11, 133, 'NULL', 0, 'NULL', 'NULL', 'NULL', '', 'NULL', 0, 0),
(1984, 11, 134, '', 0, 'NULL', 'NULL', 'NULL', 'NULL', 'NULL', 0, 0),
(1985, 11, 135, 'NULL', 0, 'NULL', 'NULL', 'NULL', '', 'NULL', 0, 0),
(1986, 11, 136, 'NULL', 0, 'NULL', 'NULL', 'NULL', '', 'NULL', 0, 0),
(1987, 11, 137, 'NULL', 0, 'NULL', 'NULL', 'NULL', '', 'NULL', 0, 0),
(1988, 11, 138, 'NULL', 0, 'NULL', 'NULL', 'NULL', '', 'NULL', 0, 0),
(1989, 11, 139, 'NULL', 0, '', 'NULL', 'NULL', 'NULL', 'NULL', 0, 0),
(1990, 11, 140, '', 0, 'NULL', 'NULL', 'NULL', 'NULL', 'NULL', 0, 0),
(1991, 11, 141, '', 0, 'NULL', 'NULL', 'NULL', 'NULL', 'NULL', 0, 0),
(1992, 11, 142, 'NULL', 0, 'NULL', 'NULL', 'NULL', 'NULL', 'NULL', 0, 0),
(1993, 11, 143, 'NULL', 0, 'NULL', 'NULL', 'NULL', 'NULL', 'NULL', 0, 0),
(1994, 11, 144, '', 0, 'NULL', 'NULL', 'NULL', 'NULL', 'NULL', 0, 0),
(1995, 11, 145, 'NULL', 0, 'NULL', 'NULL', 'NULL', 'NULL', '', 0, 0),
(1996, 11, 146, 'NULL', 0, 'NULL', 'NULL', 'NULL', '', 'NULL', 0, 0),
(1997, 11, 147, '', 0, 'NULL', 'NULL', 'NULL', 'NULL', 'NULL', 0, 0),
(1998, 11, 148, '', 0, 'NULL', 'NULL', 'NULL', 'NULL', 'NULL', 0, 0),
(1999, 11, 149, '', 0, 'NULL', 'NULL', 'NULL', 'NULL', 'NULL', 0, 0),
(2000, 11, 150, '', 0, 'NULL', 'NULL', 'NULL', 'NULL', 'NULL', 0, 0),
(2001, 11, 151, 'NULL', 0, 'NULL', 'NULL', 'NULL', 'NULL', 'NULL', 0, 0),
(2002, 11, 152, '', 0, 'NULL', 'NULL', 'NULL', 'NULL', 'NULL', 0, 0),
(2003, 11, 153, '', 0, 'NULL', 'NULL', 'NULL', 'NULL', 'NULL', 0, 0),
(2004, 11, 154, '', 0, 'NULL', 'NULL', 'NULL', 'NULL', 'NULL', 0, 0),
(2005, 11, 155, 'NULL', 0, 'NULL', 'NULL', 'NULL', 'NULL', '', 0, 0),
(2006, 11, 156, 'NULL', 0, 'NULL', 'NULL', 'NULL', 'NULL', '', 0, 0),
(2007, 11, 157, 'NULL', 0, 'NULL', 'NULL', 'NULL', 'NULL', '', 0, 0),
(2008, 11, 158, 'NULL', 0, 'NULL', 'NULL', 'NULL', 'NULL', '', 0, 0),
(2009, 11, 159, 'NULL', 0, 'NULL', 'NULL', 'NULL', 'NULL', '', 0, 0),
(2010, 11, 160, 'NULL', 0, 'NULL', 'NULL', 'NULL', 'NULL', '', 0, 0),
(2011, 11, 161, 'NULL', 0, 'NULL', 'NULL', 'NULL', 'NULL', '', 0, 0),
(2012, 11, 162, 'NULL', 0, 'NULL', 'NULL', 'NULL', 'NULL', '', 0, 0),
(2013, 11, 163, 'NULL', 0, 'NULL', 'NULL', 'NULL', 'NULL', '', 0, 0),
(2014, 11, 164, 'NULL', 0, 'NULL', 'NULL', 'NULL', 'NULL', '', 0, 0),
(2015, 11, 165, 'NULL', 0, 'NULL', 'NULL', 'NULL', 'NULL', '', 0, 0),
(2016, 11, 166, 'NULL', 0, 'NULL', 'NULL', 'NULL', 'NULL', '', 0, 0),
(2017, 11, 167, 'NULL', 0, 'NULL', 'NULL', '', 'NULL', 'NULL', 0, 0),
(2018, 11, 168, 'NULL', 0, 'NULL', 'NULL', 'NULL', 'NULL', 'NULL', 0, 0),
(2019, 11, 169, 'NULL', 0, 'NULL', 'NULL', 'NULL', 'NULL', 'NULL', 0, 0),
(2020, 11, 170, 'NULL', 0, 'NULL', 'NULL', 'NULL', 'NULL', 'NULL', 0, 0),
(2021, 11, 171, 'NULL', 0, 'NULL', 'NULL', 'NULL', 'NULL', 'NULL', 0, 0),
(2022, 11, 172, 'NULL', 0, 'NULL', 'NULL', 'NULL', 'NULL', 'NULL', 0, 0),
(2023, 11, 173, 'NULL', 0, 'NULL', 'NULL', 'NULL', 'NULL', 'NULL', 0, 0),
(2024, 11, 174, '', 0, 'NULL', 'NULL', 'NULL', 'NULL', 'NULL', 0, 0),
(2025, 11, 175, '', 0, 'NULL', 'NULL', 'NULL', 'NULL', 'NULL', 0, 0),
(2026, 11, 176, 'NULL', 0, 'NULL', 'NULL', 'NULL', 'NULL', '', 0, 0),
(2027, 11, 177, 'NULL', 0, 'NULL', 'NULL', 'NULL', 'NULL', '', 0, 0),
(2028, 11, 178, 'NULL', 0, 'NULL', 'NULL', 'NULL', 'NULL', '', 0, 0),
(2029, 11, 179, 'NULL', 0, 'NULL', 'NULL', 'NULL', 'NULL', '', 0, 0),
(2030, 11, 180, 'NULL', 0, 'NULL', 'NULL', 'NULL', 'NULL', '', 0, 0),
(2031, 11, 181, 'NULL', 0, 'NULL', 'NULL', 'NULL', 'NULL', '', 0, 0),
(2032, 11, 182, 'NULL', 0, 'NULL', 'NULL', 'NULL', 'NULL', '', 0, 0),
(2033, 11, 183, 'NULL', 0, 'NULL', 'NULL', 'NULL', 'NULL', '', 0, 0),
(2034, 11, 184, 'NULL', 0, 'NULL', 'NULL', 'NULL', 'NULL', '', 0, 0),
(2035, 11, 185, 'NULL', 0, 'NULL', 'NULL', 'NULL', 'NULL', '', 0, 0),
(2036, 12, 107, 'dor febre', 0, 'NULL', 'NULL', 'NULL', 'NULL', 'NULL', 0, 0),
(2037, 12, 108, 'NULL', 0, 'NULL', 'NULL', 'NULL', 'NULL', 'teste', 0, 0),
(2038, 12, 109, 'nao', 0, 'NULL', 'NULL', 'NULL', 'NULL', 'NULL', 0, 0),
(2039, 12, 110, 'NULL', 0, 'NULL', 'NULL', 'aaa', 'NULL', 'NULL', 0, 0),
(2040, 12, 111, 'NULL', 0, 'NULL', 'NULL', 'NULL', 'NULL', ' 1 vez', 0, 0),
(2041, 12, 112, 'NULL', 0, 'septo', '2010', 'NULL', 'NULL', 'NULL', 0, 0),
(2042, 12, 113, '', 0, 'NULL', 'NULL', 'NULL', 'NULL', 'NULL', 0, 0),
(2043, 12, 114, 'NULL', 0, '', 'NULL', 'NULL', 'NULL', 'NULL', 0, 0),
(2044, 12, 10, 'NULL', 0, 'NULL', 'NULL', 'NULL', 'NULL', '', 0, 0),
(2045, 12, 11, 'NULL', 0, 'NULL', 'NULL', 'NULL', 'NULL', '', 0, 0),
(2046, 12, 12, 'NULL', 0, 'NULL', 'NULL', 'NULL', 'NULL', '', 0, 0),
(2047, 12, 13, 'NULL', 0, 'NULL', 'NULL', 'NULL', 'NULL', '', 0, 0),
(2048, 12, 14, 'NULL', 0, 'NULL', 'NULL', 'NULL', 'NULL', '', 0, 0),
(2049, 12, 15, 'NULL', 0, 'NULL', 'NULL', 'NULL', 'NULL', '', 0, 0),
(2050, 12, 16, 'NULL', 0, 'NULL', 'NULL', 'NULL', 'NULL', '', 0, 0),
(2051, 12, 17, 'NULL', 0, 'NULL', 'NULL', 'NULL', 'NULL', '', 0, 0),
(2052, 12, 18, 'NULL', 0, 'NULL', 'NULL', 'NULL', 'NULL', '', 0, 0),
(2053, 12, 19, 'NULL', 0, 'NULL', 'NULL', 'NULL', 'NULL', '', 0, 0),
(2054, 12, 20, 'NULL', 0, 'NULL', 'NULL', 'NULL', 'NULL', '', 0, 0),
(2055, 12, 21, 'NULL', 0, 'NULL', 'NULL', 'NULL', 'NULL', '', 0, 0),
(2056, 12, 22, 'NULL', 0, 'NULL', 'NULL', 'NULL', 'NULL', '', 0, 0),
(2057, 12, 23, 'NULL', 0, 'NULL', 'NULL', 'NULL', 'NULL', '', 0, 0),
(2058, 12, 24, 'NULL', 0, 'NULL', 'NULL', 'NULL', 'NULL', '', 0, 0),
(2059, 12, 25, 'NULL', 0, 'NULL', 'NULL', 'NULL', 'NULL', '', 0, 0),
(2060, 12, 26, 'NULL', 0, 'NULL', 'NULL', 'NULL', 'NULL', '', 0, 0),
(2061, 12, 27, 'NULL', 0, 'NULL', 'NULL', 'NULL', 'NULL', '', 0, 0),
(2062, 12, 28, 'NULL', 0, 'NULL', 'NULL', 'NULL', 'NULL', '', 0, 0),
(2063, 12, 29, 'NULL', 0, 'NULL', 'NULL', 'NULL', 'NULL', '', 0, 0),
(2064, 12, 30, 'NULL', 0, 'NULL', 'NULL', 'NULL', 'NULL', '', 0, 0),
(2065, 12, 31, 'NULL', 0, 'NULL', 'NULL', 'NULL', 'NULL', '', 0, 0),
(2066, 12, 32, 'NULL', 0, 'NULL', 'NULL', 'NULL', 'NULL', '', 0, 0),
(2067, 12, 33, 'NULL', 0, 'NULL', 'NULL', 'NULL', 'NULL', '', 0, 0),
(2068, 12, 34, 'NULL', 0, 'NULL', 'NULL', 'NULL', 'NULL', '', 0, 0),
(2069, 12, 35, 'NULL', 0, 'NULL', 'NULL', 'NULL', 'NULL', '', 0, 0),
(2070, 12, 36, 'NULL', 0, 'NULL', 'NULL', 'NULL', 'NULL', '', 0, 0),
(2071, 12, 37, 'NULL', 0, 'NULL', 'NULL', 'NULL', 'NULL', '', 0, 0),
(2072, 12, 38, 'NULL', 0, 'NULL', 'NULL', 'NULL', 'NULL', '', 0, 0),
(2073, 12, 39, 'NULL', 0, 'NULL', 'NULL', 'NULL', 'NULL', '', 0, 0),
(2074, 12, 40, 'NULL', 0, 'NULL', 'NULL', 'NULL', 'NULL', '', 0, 0),
(2075, 12, 41, 'NULL', 0, 'NULL', 'NULL', 'NULL', 'NULL', '', 0, 0),
(2076, 12, 42, 'NULL', 0, 'NULL', 'NULL', 'NULL', 'NULL', '', 0, 0),
(2077, 12, 43, 'NULL', 0, 'NULL', 'NULL', 'NULL', 'NULL', '', 0, 0),
(2078, 12, 44, 'NULL', 0, 'NULL', 'NULL', 'NULL', 'NULL', '', 0, 0),
(2079, 12, 45, 'NULL', 0, 'NULL', 'NULL', 'NULL', 'NULL', '', 0, 0),
(2080, 12, 46, 'NULL', 0, 'NULL', 'NULL', 'NULL', 'NULL', '', 0, 0),
(2081, 12, 47, 'NULL', 0, 'NULL', 'NULL', 'NULL', 'NULL', '', 0, 0),
(2082, 12, 48, 'NULL', 0, 'NULL', 'NULL', 'NULL', 'NULL', '', 0, 0),
(2083, 12, 49, 'NULL', 0, 'NULL', 'NULL', 'NULL', 'NULL', '', 0, 0),
(2084, 12, 50, 'NULL', 0, 'NULL', 'NULL', 'NULL', 'NULL', '', 0, 0),
(2085, 12, 51, 'NULL', 0, 'NULL', 'NULL', 'NULL', 'NULL', '', 0, 0),
(2086, 12, 52, 'NULL', 0, 'NULL', 'NULL', 'NULL', 'NULL', '', 0, 0),
(2087, 12, 53, 'NULL', 0, 'NULL', 'NULL', 'NULL', 'NULL', '', 0, 0),
(2088, 12, 54, 'NULL', 0, 'NULL', 'NULL', 'NULL', 'NULL', '', 0, 0),
(2089, 12, 55, 'NULL', 0, 'NULL', 'NULL', 'NULL', 'NULL', '', 0, 0),
(2090, 12, 56, 'NULL', 0, 'NULL', 'NULL', 'NULL', 'NULL', '', 0, 0),
(2091, 12, 57, 'NULL', 0, 'NULL', 'NULL', 'NULL', 'NULL', '', 0, 0),
(2092, 12, 58, 'NULL', 0, 'NULL', 'NULL', 'NULL', 'NULL', '', 0, 0),
(2093, 12, 59, 'NULL', 0, 'NULL', 'NULL', 'NULL', 'NULL', '', 0, 0),
(2094, 12, 60, 'NULL', 0, 'NULL', 'NULL', 'NULL', 'NULL', '', 0, 0),
(2095, 12, 61, 'NULL', 0, 'NULL', 'NULL', 'NULL', 'NULL', '', 0, 0),
(2096, 12, 62, 'NULL', 0, 'NULL', 'NULL', 'NULL', 'NULL', '', 0, 0),
(2097, 12, 63, 'NULL', 0, 'NULL', 'NULL', 'NULL', 'NULL', '', 0, 0),
(2098, 12, 64, 'NULL', 0, 'NULL', 'NULL', 'NULL', 'NULL', '', 0, 0),
(2099, 12, 65, 'NULL', 0, 'NULL', 'NULL', 'NULL', 'NULL', '', 0, 0),
(2100, 12, 66, 'NULL', 0, 'NULL', 'NULL', 'NULL', 'NULL', '', 0, 0),
(2101, 12, 67, 'NULL', 0, 'NULL', 'NULL', 'NULL', 'NULL', '', 0, 0),
(2102, 12, 68, 'NULL', 0, 'NULL', 'NULL', 'NULL', 'NULL', '', 0, 0),
(2103, 12, 69, 'NULL', 0, 'NULL', 'NULL', 'NULL', 'NULL', '', 0, 0),
(2104, 12, 70, 'NULL', 0, 'NULL', 'NULL', 'NULL', 'NULL', '', 0, 0),
(2105, 12, 71, 'NULL', 0, 'NULL', 'NULL', 'NULL', 'NULL', '', 0, 0),
(2106, 12, 72, 'NULL', 0, 'NULL', 'NULL', 'NULL', 'NULL', '', 0, 0),
(2107, 12, 73, 'NULL', 0, 'NULL', 'NULL', 'NULL', 'NULL', '', 0, 0),
(2108, 12, 74, 'NULL', 0, 'NULL', 'NULL', 'NULL', 'NULL', '', 0, 0),
(2109, 12, 75, 'NULL', 0, 'NULL', 'NULL', 'NULL', 'NULL', '', 0, 0),
(2110, 12, 76, 'NULL', 0, 'NULL', 'NULL', 'NULL', 'NULL', '', 0, 0),
(2111, 12, 77, 'NULL', 0, 'NULL', 'NULL', 'NULL', 'NULL', '', 0, 0),
(2112, 12, 78, 'NULL', 0, 'NULL', 'NULL', 'NULL', 'NULL', '', 0, 0),
(2113, 12, 79, 'NULL', 0, 'NULL', 'NULL', 'NULL', 'NULL', '', 0, 0),
(2114, 12, 80, 'NULL', 0, 'NULL', 'NULL', 'NULL', 'NULL', '', 0, 0),
(2115, 12, 81, 'NULL', 0, 'NULL', 'NULL', 'NULL', 'NULL', '', 0, 0),
(2116, 12, 82, 'NULL', 0, 'NULL', 'NULL', 'NULL', 'NULL', '', 0, 0),
(2117, 12, 83, 'NULL', 0, 'NULL', 'NULL', 'NULL', 'NULL', '', 0, 0),
(2118, 12, 84, 'NULL', 0, 'NULL', 'NULL', 'NULL', 'NULL', '', 0, 0),
(2119, 12, 85, 'NULL', 0, 'NULL', 'NULL', 'NULL', 'NULL', '', 0, 0),
(2120, 12, 86, 'NULL', 0, 'NULL', 'NULL', 'NULL', 'NULL', '', 0, 0),
(2121, 12, 87, 'NULL', 0, 'NULL', 'NULL', 'NULL', 'NULL', '', 0, 0),
(2122, 12, 88, 'NULL', 0, 'NULL', 'NULL', 'NULL', 'NULL', '', 0, 0),
(2123, 12, 89, 'NULL', 0, 'NULL', 'NULL', 'NULL', 'NULL', '', 0, 0),
(2124, 12, 90, 'NULL', 0, 'NULL', 'NULL', 'NULL', 'NULL', '', 0, 0),
(2125, 12, 91, 'NULL', 0, 'NULL', 'NULL', 'NULL', 'NULL', '', 0, 0),
(2126, 12, 92, 'NULL', 0, 'NULL', 'NULL', 'NULL', 'NULL', '', 0, 0),
(2127, 12, 93, 'NULL', 0, 'NULL', 'NULL', 'NULL', 'NULL', '', 0, 0),
(2128, 12, 94, 'NULL', 0, 'NULL', 'NULL', 'NULL', 'NULL', '', 0, 0),
(2129, 12, 95, 'NULL', 0, 'NULL', 'NULL', 'NULL', 'NULL', '', 0, 0),
(2130, 12, 96, 'NULL', 0, 'NULL', 'NULL', 'NULL', 'NULL', '', 0, 0),
(2131, 12, 97, 'NULL', 0, 'NULL', 'NULL', 'NULL', 'NULL', '', 0, 0),
(2132, 12, 98, 'NULL', 0, 'NULL', 'NULL', 'NULL', 'NULL', '', 0, 0),
(2133, 12, 99, 'NULL', 0, 'NULL', 'NULL', 'NULL', 'NULL', '', 0, 0),
(2134, 12, 100, 'NULL', 0, 'NULL', 'NULL', 'NULL', 'NULL', '', 0, 0),
(2135, 12, 101, 'NULL', 0, 'NULL', 'NULL', 'NULL', 'NULL', '', 0, 0),
(2136, 12, 102, 'NULL', 0, 'NULL', '', 'NULL', 'NULL', 'NULL', 0, 0),
(2137, 12, 103, 'NULL', 0, 'NULL', '', 'NULL', 'NULL', 'NULL', 0, 0),
(2138, 12, 104, 'NULL', 0, 'NULL', 'NULL', 'NULL', 'NULL', '', 0, 0),
(2139, 12, 105, 'NULL', 0, 'NULL', 'NULL', 'NULL', 'NULL', '', 0, 0),
(2140, 12, 106, 'NULL', 0, 'NULL', 'NULL', 'NULL', 'NULL', '', 0, 0),
(2141, 12, 1, 'NULL', 0, '', 'NULL', 'NULL', 'NULL', 'NULL', 0, 0),
(2142, 12, 2, 'NULL', 0, 'NULL', 'NULL', 'NULL', 'NULL', 'NULL', 0, 0),
(2143, 12, 3, '', 0, 'NULL', 'NULL', 'NULL', 'NULL', 'NULL', 0, 0),
(2144, 12, 4, '', 0, 'NULL', 'NULL', 'NULL', 'NULL', 'NULL', 0, 0),
(2145, 12, 5, '', 0, 'NULL', 'NULL', 'NULL', 'NULL', 'NULL', 0, 0),
(2146, 12, 6, '', 0, 'NULL', 'NULL', 'NULL', 'NULL', 'NULL', 0, 0),
(2147, 12, 7, '', 0, 'NULL', 'NULL', 'NULL', 'NULL', 'NULL', 0, 0),
(2148, 12, 8, '', 0, 'NULL', 'NULL', 'NULL', 'NULL', 'NULL', 0, 0),
(2149, 12, 9, '', 0, 'NULL', 'NULL', 'NULL', 'NULL', 'NULL', 0, 0),
(2150, 12, 115, '', 0, 'NULL', 'NULL', 'NULL', 'NULL', 'NULL', 0, 0),
(2151, 12, 116, 'NULL', 0, 'NULL', 'NULL', 'NULL', 'NULL', 'NULL', 0, 0),
(2152, 12, 117, '', 0, 'NULL', 'NULL', 'NULL', 'NULL', 'NULL', 0, 0),
(2153, 12, 118, '', 0, 'NULL', 'NULL', 'NULL', 'NULL', 'NULL', 0, 0),
(2154, 12, 119, '', 0, 'NULL', 'NULL', 'NULL', 'NULL', 'NULL', 0, 0),
(2155, 12, 120, 'NULL', 0, 'NULL', 'NULL', 'NULL', 'NULL', 'NULL', 0, 0),
(2156, 12, 121, '', 0, 'NULL', 'NULL', 'NULL', 'NULL', 'NULL', 0, 0),
(2157, 12, 122, '', 0, 'NULL', 'NULL', 'NULL', 'NULL', 'NULL', 0, 0),
(2158, 12, 123, '', 0, 'NULL', 'NULL', 'NULL', 'NULL', 'NULL', 0, 0),
(2159, 12, 124, '', 0, 'NULL', 'NULL', 'NULL', 'NULL', 'NULL', 0, 0),
(2160, 12, 125, 'NULL', 0, 'NULL', 'NULL', 'NULL', 'NULL', 'NULL', 0, 0),
(2161, 12, 126, '', 0, 'NULL', 'NULL', 'NULL', 'NULL', 'NULL', 0, 0),
(2162, 12, 127, '', 0, 'NULL', 'NULL', 'NULL', 'NULL', 'NULL', 0, 0),
(2163, 12, 128, '', 0, 'NULL', 'NULL', 'NULL', 'NULL', 'NULL', 0, 0),
(2164, 12, 129, '', 0, 'NULL', 'NULL', 'NULL', 'NULL', 'NULL', 0, 0),
(2165, 12, 130, '', 0, 'NULL', 'NULL', 'NULL', 'NULL', 'NULL', 0, 0),
(2166, 12, 131, 'NULL', 0, 'NULL', 'NULL', '', 'NULL', 'NULL', 0, 0),
(2167, 12, 132, 'NULL', 0, 'NULL', 'NULL', 'NULL', '', 'NULL', 0, 0),
(2168, 12, 133, 'NULL', 0, 'NULL', 'NULL', 'NULL', '', 'NULL', 0, 0),
(2169, 12, 134, '', 0, 'NULL', 'NULL', 'NULL', 'NULL', 'NULL', 0, 0),
(2170, 12, 135, 'NULL', 0, 'NULL', 'NULL', 'NULL', '', 'NULL', 0, 0),
(2171, 12, 136, 'NULL', 0, 'NULL', 'NULL', 'NULL', '', 'NULL', 0, 0),
(2172, 12, 137, 'NULL', 0, 'NULL', 'NULL', 'NULL', '', 'NULL', 0, 0),
(2173, 12, 138, 'NULL', 0, 'NULL', 'NULL', 'NULL', '', 'NULL', 0, 0),
(2174, 12, 139, 'NULL', 0, '', 'NULL', 'NULL', 'NULL', 'NULL', 0, 0),
(2175, 12, 140, '', 0, 'NULL', 'NULL', 'NULL', 'NULL', 'NULL', 0, 0),
(2176, 12, 141, '', 0, 'NULL', 'NULL', 'NULL', 'NULL', 'NULL', 0, 0),
(2177, 12, 142, 'NULL', 0, 'NULL', 'NULL', 'NULL', 'NULL', 'NULL', 0, 0),
(2178, 12, 143, 'NULL', 0, 'NULL', 'NULL', 'NULL', 'NULL', 'NULL', 0, 0),
(2179, 12, 144, '', 0, 'NULL', 'NULL', 'NULL', 'NULL', 'NULL', 0, 0),
(2180, 12, 145, 'NULL', 0, 'NULL', 'NULL', 'NULL', 'NULL', '', 0, 0),
(2181, 12, 146, 'NULL', 0, 'NULL', 'NULL', 'NULL', '', 'NULL', 0, 0),
(2182, 12, 147, '', 0, 'NULL', 'NULL', 'NULL', 'NULL', 'NULL', 0, 0),
(2183, 12, 148, '', 0, 'NULL', 'NULL', 'NULL', 'NULL', 'NULL', 0, 0),
(2184, 12, 149, '', 0, 'NULL', 'NULL', 'NULL', 'NULL', 'NULL', 0, 0),
(2185, 12, 150, '', 0, 'NULL', 'NULL', 'NULL', 'NULL', 'NULL', 0, 0),
(2186, 12, 151, 'NULL', 0, 'NULL', 'NULL', 'NULL', 'NULL', 'NULL', 0, 0),
(2187, 12, 152, '', 0, 'NULL', 'NULL', 'NULL', 'NULL', 'NULL', 0, 0),
(2188, 12, 153, '', 0, 'NULL', 'NULL', 'NULL', 'NULL', 'NULL', 0, 0),
(2189, 12, 154, '', 0, 'NULL', 'NULL', 'NULL', 'NULL', 'NULL', 0, 0),
(2190, 12, 155, 'NULL', 0, 'NULL', 'NULL', 'NULL', 'NULL', '', 0, 0),
(2191, 12, 156, 'NULL', 0, 'NULL', 'NULL', 'NULL', 'NULL', '', 0, 0),
(2192, 12, 157, 'NULL', 0, 'NULL', 'NULL', 'NULL', 'NULL', '', 0, 0),
(2193, 12, 158, 'NULL', 0, 'NULL', 'NULL', 'NULL', 'NULL', '', 0, 0),
(2194, 12, 159, 'NULL', 0, 'NULL', 'NULL', 'NULL', 'NULL', '', 0, 0),
(2195, 12, 160, 'NULL', 0, 'NULL', 'NULL', 'NULL', 'NULL', '', 0, 0),
(2196, 12, 161, 'NULL', 0, 'NULL', 'NULL', 'NULL', 'NULL', '', 0, 0),
(2197, 12, 162, 'NULL', 0, 'NULL', 'NULL', 'NULL', 'NULL', '', 0, 0),
(2198, 12, 163, 'NULL', 0, 'NULL', 'NULL', 'NULL', 'NULL', '', 0, 0),
(2199, 12, 164, 'NULL', 0, 'NULL', 'NULL', 'NULL', 'NULL', '', 0, 0),
(2200, 12, 165, 'NULL', 0, 'NULL', 'NULL', 'NULL', 'NULL', '', 0, 0),
(2201, 12, 166, 'NULL', 0, 'NULL', 'NULL', 'NULL', 'NULL', '', 0, 0),
(2202, 12, 167, 'NULL', 0, 'NULL', 'NULL', '', 'NULL', 'NULL', 0, 0),
(2203, 12, 168, 'NULL', 0, 'NULL', 'NULL', 'NULL', 'NULL', 'NULL', 0, 0),
(2204, 12, 169, 'NULL', 0, 'NULL', 'NULL', 'NULL', 'NULL', 'NULL', 0, 0),
(2205, 12, 170, 'NULL', 0, 'NULL', 'NULL', 'NULL', 'NULL', 'NULL', 0, 0),
(2206, 12, 171, 'NULL', 0, 'NULL', 'NULL', 'NULL', 'NULL', 'NULL', 0, 0),
(2207, 12, 172, 'NULL', 0, 'NULL', 'NULL', 'NULL', 'NULL', 'NULL', 0, 0),
(2208, 12, 173, 'NULL', 0, 'NULL', 'NULL', 'NULL', 'NULL', 'NULL', 0, 0),
(2209, 12, 174, '', 0, 'NULL', 'NULL', 'NULL', 'NULL', 'NULL', 0, 0),
(2210, 12, 175, '', 0, 'NULL', 'NULL', 'NULL', 'NULL', 'NULL', 0, 0),
(2211, 12, 176, 'NULL', 0, 'NULL', 'NULL', 'NULL', 'NULL', '', 0, 0),
(2212, 12, 177, 'NULL', 0, 'NULL', 'NULL', 'NULL', 'NULL', '', 0, 0),
(2213, 12, 178, 'NULL', 0, 'NULL', 'NULL', 'NULL', 'NULL', '', 0, 0),
(2214, 12, 179, 'NULL', 0, 'NULL', 'NULL', 'NULL', 'NULL', '', 0, 0),
(2215, 12, 180, 'NULL', 0, 'NULL', 'NULL', 'NULL', 'NULL', '', 0, 0),
(2216, 12, 181, 'NULL', 0, 'NULL', 'NULL', 'NULL', 'NULL', '', 0, 0),
(2217, 12, 182, 'NULL', 0, 'NULL', 'NULL', 'NULL', 'NULL', '', 0, 0),
(2218, 12, 183, 'NULL', 0, 'NULL', 'NULL', 'NULL', 'NULL', '', 0, 0),
(2219, 12, 184, 'NULL', 0, 'NULL', 'NULL', 'NULL', 'NULL', '', 0, 0),
(2220, 12, 185, 'NULL', 0, 'NULL', 'NULL', 'NULL', 'NULL', '', 0, 0),
(2221, 13, 107, 'dor febreaaaaa', 0, 'NULL', 'NULL', 'NULL', 'NULL', 'NULL', 0, 0),
(2222, 13, 108, 'NULL', 0, 'NULL', 'NULL', 'NULL', 'NULL', 'teste', 0, 0),
(2223, 13, 109, 'nao', 0, 'NULL', 'NULL', 'NULL', 'NULL', 'NULL', 0, 0),
(2224, 13, 110, 'NULL', 0, 'NULL', 'NULL', 'aaa', 'NULL', 'NULL', 0, 0),
(2225, 13, 111, 'NULL', 0, 'NULL', 'NULL', 'NULL', 'NULL', ' 1 vez', 0, 0),
(2226, 13, 112, 'NULL', 0, 'septo', '2010', 'NULL', 'NULL', 'NULL', 0, 0),
(2227, 13, 113, '', 0, 'NULL', 'NULL', 'NULL', 'NULL', 'NULL', 0, 0),
(2228, 13, 114, 'NULL', 0, '', 'NULL', 'NULL', 'NULL', 'NULL', 0, 0),
(2229, 13, 10, 'NULL', 0, 'NULL', 'NULL', 'NULL', 'NULL', '', 0, 0),
(2230, 13, 11, 'NULL', 0, 'NULL', 'NULL', 'NULL', 'NULL', '', 0, 0),
(2231, 13, 12, 'NULL', 0, 'NULL', 'NULL', 'NULL', 'NULL', '', 0, 0),
(2232, 13, 13, 'NULL', 0, 'NULL', 'NULL', 'NULL', 'NULL', '', 0, 0),
(2233, 13, 14, 'NULL', 0, 'NULL', 'NULL', 'NULL', 'NULL', '', 0, 0),
(2234, 13, 15, 'NULL', 0, 'NULL', 'NULL', 'NULL', 'NULL', '', 0, 0),
(2235, 13, 16, 'NULL', 0, 'NULL', 'NULL', 'NULL', 'NULL', '', 0, 0),
(2236, 13, 17, 'NULL', 0, 'NULL', 'NULL', 'NULL', 'NULL', '', 0, 0);
INSERT INTO `tb_resposta` (`Cod_Resposta_Prontuario`, `Num_Prontuario`, `Cod_Pergunta`, `Des_Resposta_Aberta`, `Ind_Resposta_SimNao`, `Des_Resposta_Qual`, `Des_Resposta_Quando`, `Des_Resposta_Outros`, `Des_Resposta_Cite`, `Des_Resposta_Observacao`, `Cod_Resposta_ComboBox`, `Cod_Resposta_Radio`) VALUES
(2237, 13, 18, 'NULL', 0, 'NULL', 'NULL', 'NULL', 'NULL', '', 0, 0),
(2238, 13, 19, 'NULL', 0, 'NULL', 'NULL', 'NULL', 'NULL', '', 0, 0),
(2239, 13, 20, 'NULL', 0, 'NULL', 'NULL', 'NULL', 'NULL', '', 0, 0),
(2240, 13, 21, 'NULL', 0, 'NULL', 'NULL', 'NULL', 'NULL', '', 0, 0),
(2241, 13, 22, 'NULL', 0, 'NULL', 'NULL', 'NULL', 'NULL', '', 0, 0),
(2242, 13, 23, 'NULL', 0, 'NULL', 'NULL', 'NULL', 'NULL', '', 0, 0),
(2243, 13, 24, 'NULL', 0, 'NULL', 'NULL', 'NULL', 'NULL', '', 0, 0),
(2244, 13, 25, 'NULL', 0, 'NULL', 'NULL', 'NULL', 'NULL', '', 0, 0),
(2245, 13, 26, 'NULL', 0, 'NULL', 'NULL', 'NULL', 'NULL', '', 0, 0),
(2246, 13, 27, 'NULL', 0, 'NULL', 'NULL', 'NULL', 'NULL', '', 0, 0),
(2247, 13, 28, 'NULL', 0, 'NULL', 'NULL', 'NULL', 'NULL', '', 0, 0),
(2248, 13, 29, 'NULL', 0, 'NULL', 'NULL', 'NULL', 'NULL', '', 0, 0),
(2249, 13, 30, 'NULL', 0, 'NULL', 'NULL', 'NULL', 'NULL', '', 0, 0),
(2250, 13, 31, 'NULL', 0, 'NULL', 'NULL', 'NULL', 'NULL', '', 0, 0),
(2251, 13, 32, 'NULL', 0, 'NULL', 'NULL', 'NULL', 'NULL', '', 0, 0),
(2252, 13, 33, 'NULL', 0, 'NULL', 'NULL', 'NULL', 'NULL', '', 0, 0),
(2253, 13, 34, 'NULL', 0, 'NULL', 'NULL', 'NULL', 'NULL', '', 0, 0),
(2254, 13, 35, 'NULL', 0, 'NULL', 'NULL', 'NULL', 'NULL', '', 0, 0),
(2255, 13, 36, 'NULL', 0, 'NULL', 'NULL', 'NULL', 'NULL', '', 0, 0),
(2256, 13, 37, 'NULL', 0, 'NULL', 'NULL', 'NULL', 'NULL', '', 0, 0),
(2257, 13, 38, 'NULL', 0, 'NULL', 'NULL', 'NULL', 'NULL', '', 0, 0),
(2258, 13, 39, 'NULL', 0, 'NULL', 'NULL', 'NULL', 'NULL', '', 0, 0),
(2259, 13, 40, 'NULL', 0, 'NULL', 'NULL', 'NULL', 'NULL', '', 0, 0),
(2260, 13, 41, 'NULL', 0, 'NULL', 'NULL', 'NULL', 'NULL', '', 0, 0),
(2261, 13, 42, 'NULL', 0, 'NULL', 'NULL', 'NULL', 'NULL', '', 0, 0),
(2262, 13, 43, 'NULL', 0, 'NULL', 'NULL', 'NULL', 'NULL', '', 0, 0),
(2263, 13, 44, 'NULL', 0, 'NULL', 'NULL', 'NULL', 'NULL', '', 0, 0),
(2264, 13, 45, 'NULL', 0, 'NULL', 'NULL', 'NULL', 'NULL', '', 0, 0),
(2265, 13, 46, 'NULL', 0, 'NULL', 'NULL', 'NULL', 'NULL', '', 0, 0),
(2266, 13, 47, 'NULL', 0, 'NULL', 'NULL', 'NULL', 'NULL', '', 0, 0),
(2267, 13, 48, 'NULL', 0, 'NULL', 'NULL', 'NULL', 'NULL', '', 0, 0),
(2268, 13, 49, 'NULL', 0, 'NULL', 'NULL', 'NULL', 'NULL', '', 0, 0),
(2269, 13, 50, 'NULL', 0, 'NULL', 'NULL', 'NULL', 'NULL', '', 0, 0),
(2270, 13, 51, 'NULL', 0, 'NULL', 'NULL', 'NULL', 'NULL', '', 0, 0),
(2271, 13, 52, 'NULL', 0, 'NULL', 'NULL', 'NULL', 'NULL', '', 0, 0),
(2272, 13, 53, 'NULL', 0, 'NULL', 'NULL', 'NULL', 'NULL', '', 0, 0),
(2273, 13, 54, 'NULL', 0, 'NULL', 'NULL', 'NULL', 'NULL', '', 0, 0),
(2274, 13, 55, 'NULL', 0, 'NULL', 'NULL', 'NULL', 'NULL', '', 0, 0),
(2275, 13, 56, 'NULL', 0, 'NULL', 'NULL', 'NULL', 'NULL', '', 0, 0),
(2276, 13, 57, 'NULL', 0, 'NULL', 'NULL', 'NULL', 'NULL', '', 0, 0),
(2277, 13, 58, 'NULL', 0, 'NULL', 'NULL', 'NULL', 'NULL', '', 0, 0),
(2278, 13, 59, 'NULL', 0, 'NULL', 'NULL', 'NULL', 'NULL', '', 0, 0),
(2279, 13, 60, 'NULL', 0, 'NULL', 'NULL', 'NULL', 'NULL', '', 0, 0),
(2280, 13, 61, 'NULL', 0, 'NULL', 'NULL', 'NULL', 'NULL', '', 0, 0),
(2281, 13, 62, 'NULL', 0, 'NULL', 'NULL', 'NULL', 'NULL', '', 0, 0),
(2282, 13, 63, 'NULL', 0, 'NULL', 'NULL', 'NULL', 'NULL', '', 0, 0),
(2283, 13, 64, 'NULL', 0, 'NULL', 'NULL', 'NULL', 'NULL', '', 0, 0),
(2284, 13, 65, 'NULL', 0, 'NULL', 'NULL', 'NULL', 'NULL', '', 0, 0),
(2285, 13, 66, 'NULL', 0, 'NULL', 'NULL', 'NULL', 'NULL', '', 0, 0),
(2286, 13, 67, 'NULL', 0, 'NULL', 'NULL', 'NULL', 'NULL', '', 0, 0),
(2287, 13, 68, 'NULL', 0, 'NULL', 'NULL', 'NULL', 'NULL', '', 0, 0),
(2288, 13, 69, 'NULL', 0, 'NULL', 'NULL', 'NULL', 'NULL', '', 0, 0),
(2289, 13, 70, 'NULL', 0, 'NULL', 'NULL', 'NULL', 'NULL', '', 0, 0),
(2290, 13, 71, 'NULL', 0, 'NULL', 'NULL', 'NULL', 'NULL', '', 0, 0),
(2291, 13, 72, 'NULL', 0, 'NULL', 'NULL', 'NULL', 'NULL', '', 0, 0),
(2292, 13, 73, 'NULL', 0, 'NULL', 'NULL', 'NULL', 'NULL', '', 0, 0),
(2293, 13, 74, 'NULL', 0, 'NULL', 'NULL', 'NULL', 'NULL', '', 0, 0),
(2294, 13, 75, 'NULL', 0, 'NULL', 'NULL', 'NULL', 'NULL', '', 0, 0),
(2295, 13, 76, 'NULL', 0, 'NULL', 'NULL', 'NULL', 'NULL', '', 0, 0),
(2296, 13, 77, 'NULL', 0, 'NULL', 'NULL', 'NULL', 'NULL', '', 0, 0),
(2297, 13, 78, 'NULL', 0, 'NULL', 'NULL', 'NULL', 'NULL', '', 0, 0),
(2298, 13, 79, 'NULL', 0, 'NULL', 'NULL', 'NULL', 'NULL', '', 0, 0),
(2299, 13, 80, 'NULL', 0, 'NULL', 'NULL', 'NULL', 'NULL', '', 0, 0),
(2300, 13, 81, 'NULL', 0, 'NULL', 'NULL', 'NULL', 'NULL', '', 0, 0),
(2301, 13, 82, 'NULL', 0, 'NULL', 'NULL', 'NULL', 'NULL', '', 0, 0),
(2302, 13, 83, 'NULL', 0, 'NULL', 'NULL', 'NULL', 'NULL', '', 0, 0),
(2303, 13, 84, 'NULL', 0, 'NULL', 'NULL', 'NULL', 'NULL', '', 0, 0),
(2304, 13, 85, 'NULL', 0, 'NULL', 'NULL', 'NULL', 'NULL', '', 0, 0),
(2305, 13, 86, 'NULL', 0, 'NULL', 'NULL', 'NULL', 'NULL', '', 0, 0),
(2306, 13, 87, 'NULL', 0, 'NULL', 'NULL', 'NULL', 'NULL', '', 0, 0),
(2307, 13, 88, 'NULL', 0, 'NULL', 'NULL', 'NULL', 'NULL', '', 0, 0),
(2308, 13, 89, 'NULL', 0, 'NULL', 'NULL', 'NULL', 'NULL', '', 0, 0),
(2309, 13, 90, 'NULL', 0, 'NULL', 'NULL', 'NULL', 'NULL', '', 0, 0),
(2310, 13, 91, 'NULL', 0, 'NULL', 'NULL', 'NULL', 'NULL', '', 0, 0),
(2311, 13, 92, 'NULL', 0, 'NULL', 'NULL', 'NULL', 'NULL', '', 0, 0),
(2312, 13, 93, 'NULL', 0, 'NULL', 'NULL', 'NULL', 'NULL', '', 0, 0),
(2313, 13, 94, 'NULL', 0, 'NULL', 'NULL', 'NULL', 'NULL', '', 0, 0),
(2314, 13, 95, 'NULL', 0, 'NULL', 'NULL', 'NULL', 'NULL', '', 0, 0),
(2315, 13, 96, 'NULL', 0, 'NULL', 'NULL', 'NULL', 'NULL', '', 0, 0),
(2316, 13, 97, 'NULL', 0, 'NULL', 'NULL', 'NULL', 'NULL', '', 0, 0),
(2317, 13, 98, 'NULL', 0, 'NULL', 'NULL', 'NULL', 'NULL', '', 0, 0),
(2318, 13, 99, 'NULL', 0, 'NULL', 'NULL', 'NULL', 'NULL', '', 0, 0),
(2319, 13, 100, 'NULL', 0, 'NULL', 'NULL', 'NULL', 'NULL', '', 0, 0),
(2320, 13, 101, 'NULL', 0, 'NULL', 'NULL', 'NULL', 'NULL', '', 0, 0),
(2321, 13, 102, 'NULL', 0, 'NULL', '', 'NULL', 'NULL', 'NULL', 0, 0),
(2322, 13, 103, 'NULL', 0, 'NULL', '', 'NULL', 'NULL', 'NULL', 0, 0),
(2323, 13, 104, 'NULL', 0, 'NULL', 'NULL', 'NULL', 'NULL', '', 0, 0),
(2324, 13, 105, 'NULL', 0, 'NULL', 'NULL', 'NULL', 'NULL', '', 0, 0),
(2325, 13, 106, 'NULL', 0, 'NULL', 'NULL', 'NULL', 'NULL', '', 0, 0),
(2326, 13, 1, 'NULL', 0, '', 'NULL', 'NULL', 'NULL', 'NULL', 0, 0),
(2327, 13, 2, 'NULL', 0, 'NULL', 'NULL', 'NULL', 'NULL', 'NULL', 0, 0),
(2328, 13, 3, '', 0, 'NULL', 'NULL', 'NULL', 'NULL', 'NULL', 0, 0),
(2329, 13, 4, '', 0, 'NULL', 'NULL', 'NULL', 'NULL', 'NULL', 0, 0),
(2330, 13, 5, '', 0, 'NULL', 'NULL', 'NULL', 'NULL', 'NULL', 0, 0),
(2331, 13, 6, '', 0, 'NULL', 'NULL', 'NULL', 'NULL', 'NULL', 0, 0),
(2332, 13, 7, '', 0, 'NULL', 'NULL', 'NULL', 'NULL', 'NULL', 0, 0),
(2333, 13, 8, '', 0, 'NULL', 'NULL', 'NULL', 'NULL', 'NULL', 0, 0),
(2334, 13, 9, '', 0, 'NULL', 'NULL', 'NULL', 'NULL', 'NULL', 0, 0),
(2335, 13, 115, '', 0, 'NULL', 'NULL', 'NULL', 'NULL', 'NULL', 0, 0),
(2336, 13, 116, 'NULL', 0, 'NULL', 'NULL', 'NULL', 'NULL', 'NULL', 0, 0),
(2337, 13, 117, '', 0, 'NULL', 'NULL', 'NULL', 'NULL', 'NULL', 0, 0),
(2338, 13, 118, '', 0, 'NULL', 'NULL', 'NULL', 'NULL', 'NULL', 0, 0),
(2339, 13, 119, '', 0, 'NULL', 'NULL', 'NULL', 'NULL', 'NULL', 0, 0),
(2340, 13, 120, 'NULL', 0, 'NULL', 'NULL', 'NULL', 'NULL', 'NULL', 0, 0),
(2341, 13, 121, '', 0, 'NULL', 'NULL', 'NULL', 'NULL', 'NULL', 0, 0),
(2342, 13, 122, '', 0, 'NULL', 'NULL', 'NULL', 'NULL', 'NULL', 0, 0),
(2343, 13, 123, '', 0, 'NULL', 'NULL', 'NULL', 'NULL', 'NULL', 0, 0),
(2344, 13, 124, '', 0, 'NULL', 'NULL', 'NULL', 'NULL', 'NULL', 0, 0),
(2345, 13, 125, 'NULL', 0, 'NULL', 'NULL', 'NULL', 'NULL', 'NULL', 0, 0),
(2346, 13, 126, '', 0, 'NULL', 'NULL', 'NULL', 'NULL', 'NULL', 0, 0),
(2347, 13, 127, '', 0, 'NULL', 'NULL', 'NULL', 'NULL', 'NULL', 0, 0),
(2348, 13, 128, '', 0, 'NULL', 'NULL', 'NULL', 'NULL', 'NULL', 0, 0),
(2349, 13, 129, '', 0, 'NULL', 'NULL', 'NULL', 'NULL', 'NULL', 0, 0),
(2350, 13, 130, '', 0, 'NULL', 'NULL', 'NULL', 'NULL', 'NULL', 0, 0),
(2351, 13, 131, 'NULL', 0, 'NULL', 'NULL', '', 'NULL', 'NULL', 0, 0),
(2352, 13, 132, 'NULL', 0, 'NULL', 'NULL', 'NULL', '', 'NULL', 0, 0),
(2353, 13, 133, 'NULL', 0, 'NULL', 'NULL', 'NULL', '', 'NULL', 0, 0),
(2354, 13, 134, '', 0, 'NULL', 'NULL', 'NULL', 'NULL', 'NULL', 0, 0),
(2355, 13, 135, 'NULL', 0, 'NULL', 'NULL', 'NULL', '', 'NULL', 0, 0),
(2356, 13, 136, 'NULL', 0, 'NULL', 'NULL', 'NULL', '', 'NULL', 0, 0),
(2357, 13, 137, 'NULL', 0, 'NULL', 'NULL', 'NULL', '', 'NULL', 0, 0),
(2358, 13, 138, 'NULL', 0, 'NULL', 'NULL', 'NULL', '', 'NULL', 0, 0),
(2359, 13, 139, 'NULL', 0, '', 'NULL', 'NULL', 'NULL', 'NULL', 0, 0),
(2360, 13, 140, '', 0, 'NULL', 'NULL', 'NULL', 'NULL', 'NULL', 0, 0),
(2361, 13, 141, '', 0, 'NULL', 'NULL', 'NULL', 'NULL', 'NULL', 0, 0),
(2362, 13, 142, 'NULL', 0, 'NULL', 'NULL', 'NULL', 'NULL', 'NULL', 0, 0),
(2363, 13, 143, 'NULL', 0, 'NULL', 'NULL', 'NULL', 'NULL', 'NULL', 0, 0),
(2364, 13, 144, '', 0, 'NULL', 'NULL', 'NULL', 'NULL', 'NULL', 0, 0),
(2365, 13, 145, 'NULL', 0, 'NULL', 'NULL', 'NULL', 'NULL', '', 0, 0),
(2366, 13, 146, 'NULL', 0, 'NULL', 'NULL', 'NULL', '', 'NULL', 0, 0),
(2367, 13, 147, '', 0, 'NULL', 'NULL', 'NULL', 'NULL', 'NULL', 0, 0),
(2368, 13, 148, '', 0, 'NULL', 'NULL', 'NULL', 'NULL', 'NULL', 0, 0),
(2369, 13, 149, '', 0, 'NULL', 'NULL', 'NULL', 'NULL', 'NULL', 0, 0),
(2370, 13, 150, '', 0, 'NULL', 'NULL', 'NULL', 'NULL', 'NULL', 0, 0),
(2371, 13, 151, 'NULL', 0, 'NULL', 'NULL', 'NULL', 'NULL', 'NULL', 0, 0),
(2372, 13, 152, '', 0, 'NULL', 'NULL', 'NULL', 'NULL', 'NULL', 0, 0),
(2373, 13, 153, '', 0, 'NULL', 'NULL', 'NULL', 'NULL', 'NULL', 0, 0),
(2374, 13, 154, '', 0, 'NULL', 'NULL', 'NULL', 'NULL', 'NULL', 0, 0),
(2375, 13, 155, 'NULL', 0, 'NULL', 'NULL', 'NULL', 'NULL', '', 0, 0),
(2376, 13, 156, 'NULL', 0, 'NULL', 'NULL', 'NULL', 'NULL', '', 0, 0),
(2377, 13, 157, 'NULL', 0, 'NULL', 'NULL', 'NULL', 'NULL', '', 0, 0),
(2378, 13, 158, 'NULL', 0, 'NULL', 'NULL', 'NULL', 'NULL', '', 0, 0),
(2379, 13, 159, 'NULL', 0, 'NULL', 'NULL', 'NULL', 'NULL', '', 0, 0),
(2380, 13, 160, 'NULL', 0, 'NULL', 'NULL', 'NULL', 'NULL', '', 0, 0),
(2381, 13, 161, 'NULL', 0, 'NULL', 'NULL', 'NULL', 'NULL', '', 0, 0),
(2382, 13, 162, 'NULL', 0, 'NULL', 'NULL', 'NULL', 'NULL', '', 0, 0),
(2383, 13, 163, 'NULL', 0, 'NULL', 'NULL', 'NULL', 'NULL', '', 0, 0),
(2384, 13, 164, 'NULL', 0, 'NULL', 'NULL', 'NULL', 'NULL', '', 0, 0),
(2385, 13, 165, 'NULL', 0, 'NULL', 'NULL', 'NULL', 'NULL', '', 0, 0),
(2386, 13, 166, 'NULL', 0, 'NULL', 'NULL', 'NULL', 'NULL', '', 0, 0),
(2387, 13, 167, 'NULL', 0, 'NULL', 'NULL', '', 'NULL', 'NULL', 0, 0),
(2388, 13, 168, 'NULL', 0, 'NULL', 'NULL', 'NULL', 'NULL', 'NULL', 0, 0),
(2389, 13, 169, 'NULL', 0, 'NULL', 'NULL', 'NULL', 'NULL', 'NULL', 0, 0),
(2390, 13, 170, 'NULL', 0, 'NULL', 'NULL', 'NULL', 'NULL', 'NULL', 0, 0),
(2391, 13, 171, 'NULL', 0, 'NULL', 'NULL', 'NULL', 'NULL', 'NULL', 0, 0),
(2392, 13, 172, 'NULL', 0, 'NULL', 'NULL', 'NULL', 'NULL', 'NULL', 0, 0),
(2393, 13, 173, 'NULL', 0, 'NULL', 'NULL', 'NULL', 'NULL', 'NULL', 0, 0),
(2394, 13, 174, '', 0, 'NULL', 'NULL', 'NULL', 'NULL', 'NULL', 0, 0),
(2395, 13, 175, '', 0, 'NULL', 'NULL', 'NULL', 'NULL', 'NULL', 0, 0),
(2396, 13, 176, 'NULL', 0, 'NULL', 'NULL', 'NULL', 'NULL', '', 0, 0),
(2397, 13, 177, 'NULL', 0, 'NULL', 'NULL', 'NULL', 'NULL', '', 0, 0),
(2398, 13, 178, 'NULL', 0, 'NULL', 'NULL', 'NULL', 'NULL', '', 0, 0),
(2399, 13, 179, 'NULL', 0, 'NULL', 'NULL', 'NULL', 'NULL', '', 0, 0),
(2400, 13, 180, 'NULL', 0, 'NULL', 'NULL', 'NULL', 'NULL', '', 0, 0),
(2401, 13, 181, 'NULL', 0, 'NULL', 'NULL', 'NULL', 'NULL', '', 0, 0),
(2402, 13, 182, 'NULL', 0, 'NULL', 'NULL', 'NULL', 'NULL', '', 0, 0),
(2403, 13, 183, 'NULL', 0, 'NULL', 'NULL', 'NULL', 'NULL', '', 0, 0),
(2404, 13, 184, 'NULL', 0, 'NULL', 'NULL', 'NULL', 'NULL', '', 0, 0),
(2405, 13, 185, 'NULL', 0, 'NULL', 'NULL', 'NULL', 'NULL', '', 0, 0),
(2406, 14, 107, 'dor febreaaaaa', 0, 'NULL', 'NULL', 'NULL', 'NULL', 'NULL', 0, 0),
(2407, 14, 108, 'NULL', 0, 'NULL', 'NULL', 'NULL', 'NULL', 'teste', 0, 0),
(2408, 14, 109, 'nao', 0, 'NULL', 'NULL', 'NULL', 'NULL', 'NULL', 0, 0),
(2409, 14, 110, 'NULL', 0, 'NULL', 'NULL', 'aaa', 'NULL', 'NULL', 0, 0),
(2410, 14, 111, 'NULL', 0, 'NULL', 'NULL', 'NULL', 'NULL', ' 1 vez', 0, 0),
(2411, 14, 112, 'NULL', 0, 'septo', '2010', 'NULL', 'NULL', 'NULL', 0, 0),
(2412, 14, 113, '', 0, 'NULL', 'NULL', 'NULL', 'NULL', 'NULL', 0, 0),
(2413, 14, 114, 'NULL', 0, '', 'NULL', 'NULL', 'NULL', 'NULL', 0, 0),
(2414, 14, 10, 'NULL', 0, 'NULL', 'NULL', 'NULL', 'NULL', '', 0, 0),
(2415, 14, 11, 'NULL', 0, 'NULL', 'NULL', 'NULL', 'NULL', '', 0, 0),
(2416, 14, 12, 'NULL', 0, 'NULL', 'NULL', 'NULL', 'NULL', '', 0, 0),
(2417, 14, 13, 'NULL', 0, 'NULL', 'NULL', 'NULL', 'NULL', '', 0, 0),
(2418, 14, 14, 'NULL', 0, 'NULL', 'NULL', 'NULL', 'NULL', '', 0, 0),
(2419, 14, 15, 'NULL', 0, 'NULL', 'NULL', 'NULL', 'NULL', '', 0, 0),
(2420, 14, 16, 'NULL', 0, 'NULL', 'NULL', 'NULL', 'NULL', '', 0, 0),
(2421, 14, 17, 'NULL', 0, 'NULL', 'NULL', 'NULL', 'NULL', '', 0, 0),
(2422, 14, 18, 'NULL', 0, 'NULL', 'NULL', 'NULL', 'NULL', '', 0, 0),
(2423, 14, 19, 'NULL', 0, 'NULL', 'NULL', 'NULL', 'NULL', '', 0, 0),
(2424, 14, 20, 'NULL', 0, 'NULL', 'NULL', 'NULL', 'NULL', '', 0, 0),
(2425, 14, 21, 'NULL', 0, 'NULL', 'NULL', 'NULL', 'NULL', '', 0, 0),
(2426, 14, 22, 'NULL', 0, 'NULL', 'NULL', 'NULL', 'NULL', '', 0, 0),
(2427, 14, 23, 'NULL', 0, 'NULL', 'NULL', 'NULL', 'NULL', '', 0, 0),
(2428, 14, 24, 'NULL', 0, 'NULL', 'NULL', 'NULL', 'NULL', '', 0, 0),
(2429, 14, 25, 'NULL', 0, 'NULL', 'NULL', 'NULL', 'NULL', '', 0, 0),
(2430, 14, 26, 'NULL', 0, 'NULL', 'NULL', 'NULL', 'NULL', '', 0, 0),
(2431, 14, 27, 'NULL', 0, 'NULL', 'NULL', 'NULL', 'NULL', '', 0, 0),
(2432, 14, 28, 'NULL', 0, 'NULL', 'NULL', 'NULL', 'NULL', '', 0, 0),
(2433, 14, 29, 'NULL', 0, 'NULL', 'NULL', 'NULL', 'NULL', '', 0, 0),
(2434, 14, 30, 'NULL', 0, 'NULL', 'NULL', 'NULL', 'NULL', '', 0, 0),
(2435, 14, 31, 'NULL', 0, 'NULL', 'NULL', 'NULL', 'NULL', '', 0, 0),
(2436, 14, 32, 'NULL', 0, 'NULL', 'NULL', 'NULL', 'NULL', '', 0, 0),
(2437, 14, 33, 'NULL', 0, 'NULL', 'NULL', 'NULL', 'NULL', '', 0, 0),
(2438, 14, 34, 'NULL', 0, 'NULL', 'NULL', 'NULL', 'NULL', '', 0, 0),
(2439, 14, 35, 'NULL', 0, 'NULL', 'NULL', 'NULL', 'NULL', '', 0, 0),
(2440, 14, 36, 'NULL', 0, 'NULL', 'NULL', 'NULL', 'NULL', '', 0, 0),
(2441, 14, 37, 'NULL', 0, 'NULL', 'NULL', 'NULL', 'NULL', '', 0, 0),
(2442, 14, 38, 'NULL', 0, 'NULL', 'NULL', 'NULL', 'NULL', '', 0, 0),
(2443, 14, 39, 'NULL', 0, 'NULL', 'NULL', 'NULL', 'NULL', '', 0, 0),
(2444, 14, 40, 'NULL', 0, 'NULL', 'NULL', 'NULL', 'NULL', '', 0, 0),
(2445, 14, 41, 'NULL', 0, 'NULL', 'NULL', 'NULL', 'NULL', '', 0, 0),
(2446, 14, 42, 'NULL', 0, 'NULL', 'NULL', 'NULL', 'NULL', '', 0, 0),
(2447, 14, 43, 'NULL', 0, 'NULL', 'NULL', 'NULL', 'NULL', '', 0, 0),
(2448, 14, 44, 'NULL', 0, 'NULL', 'NULL', 'NULL', 'NULL', '', 0, 0),
(2449, 14, 45, 'NULL', 0, 'NULL', 'NULL', 'NULL', 'NULL', '', 0, 0),
(2450, 14, 46, 'NULL', 0, 'NULL', 'NULL', 'NULL', 'NULL', '', 0, 0),
(2451, 14, 47, 'NULL', 0, 'NULL', 'NULL', 'NULL', 'NULL', '', 0, 0),
(2452, 14, 48, 'NULL', 0, 'NULL', 'NULL', 'NULL', 'NULL', '', 0, 0),
(2453, 14, 49, 'NULL', 0, 'NULL', 'NULL', 'NULL', 'NULL', '', 0, 0),
(2454, 14, 50, 'NULL', 0, 'NULL', 'NULL', 'NULL', 'NULL', '', 0, 0),
(2455, 14, 51, 'NULL', 0, 'NULL', 'NULL', 'NULL', 'NULL', '', 0, 0),
(2456, 14, 52, 'NULL', 0, 'NULL', 'NULL', 'NULL', 'NULL', '', 0, 0),
(2457, 14, 53, 'NULL', 0, 'NULL', 'NULL', 'NULL', 'NULL', '', 0, 0),
(2458, 14, 54, 'NULL', 0, 'NULL', 'NULL', 'NULL', 'NULL', '', 0, 0),
(2459, 14, 55, 'NULL', 0, 'NULL', 'NULL', 'NULL', 'NULL', '', 0, 0),
(2460, 14, 56, 'NULL', 0, 'NULL', 'NULL', 'NULL', 'NULL', '', 0, 0),
(2461, 14, 57, 'NULL', 0, 'NULL', 'NULL', 'NULL', 'NULL', '', 0, 0),
(2462, 14, 58, 'NULL', 0, 'NULL', 'NULL', 'NULL', 'NULL', '', 0, 0),
(2463, 14, 59, 'NULL', 0, 'NULL', 'NULL', 'NULL', 'NULL', '', 0, 0),
(2464, 14, 60, 'NULL', 0, 'NULL', 'NULL', 'NULL', 'NULL', '', 0, 0),
(2465, 14, 61, 'NULL', 0, 'NULL', 'NULL', 'NULL', 'NULL', '', 0, 0),
(2466, 14, 62, 'NULL', 0, 'NULL', 'NULL', 'NULL', 'NULL', '', 0, 0),
(2467, 14, 63, 'NULL', 0, 'NULL', 'NULL', 'NULL', 'NULL', '', 0, 0),
(2468, 14, 64, 'NULL', 0, 'NULL', 'NULL', 'NULL', 'NULL', '', 0, 0),
(2469, 14, 65, 'NULL', 0, 'NULL', 'NULL', 'NULL', 'NULL', '', 0, 0),
(2470, 14, 66, 'NULL', 0, 'NULL', 'NULL', 'NULL', 'NULL', '', 0, 0),
(2471, 14, 67, 'NULL', 0, 'NULL', 'NULL', 'NULL', 'NULL', '', 0, 0),
(2472, 14, 68, 'NULL', 0, 'NULL', 'NULL', 'NULL', 'NULL', '', 0, 0),
(2473, 14, 69, 'NULL', 0, 'NULL', 'NULL', 'NULL', 'NULL', '', 0, 0),
(2474, 14, 70, 'NULL', 0, 'NULL', 'NULL', 'NULL', 'NULL', '', 0, 0),
(2475, 14, 71, 'NULL', 0, 'NULL', 'NULL', 'NULL', 'NULL', '', 0, 0),
(2476, 14, 72, 'NULL', 0, 'NULL', 'NULL', 'NULL', 'NULL', '', 0, 0),
(2477, 14, 73, 'NULL', 0, 'NULL', 'NULL', 'NULL', 'NULL', '', 0, 0),
(2478, 14, 74, 'NULL', 0, 'NULL', 'NULL', 'NULL', 'NULL', '', 0, 0),
(2479, 14, 75, 'NULL', 0, 'NULL', 'NULL', 'NULL', 'NULL', '', 0, 0),
(2480, 14, 76, 'NULL', 0, 'NULL', 'NULL', 'NULL', 'NULL', '', 0, 0),
(2481, 14, 77, 'NULL', 0, 'NULL', 'NULL', 'NULL', 'NULL', '', 0, 0),
(2482, 14, 78, 'NULL', 0, 'NULL', 'NULL', 'NULL', 'NULL', '', 0, 0),
(2483, 14, 79, 'NULL', 0, 'NULL', 'NULL', 'NULL', 'NULL', '', 0, 0),
(2484, 14, 80, 'NULL', 0, 'NULL', 'NULL', 'NULL', 'NULL', '', 0, 0),
(2485, 14, 81, 'NULL', 0, 'NULL', 'NULL', 'NULL', 'NULL', '', 0, 0),
(2486, 14, 82, 'NULL', 0, 'NULL', 'NULL', 'NULL', 'NULL', '', 0, 0),
(2487, 14, 83, 'NULL', 0, 'NULL', 'NULL', 'NULL', 'NULL', '', 0, 0),
(2488, 14, 84, 'NULL', 0, 'NULL', 'NULL', 'NULL', 'NULL', '', 0, 0),
(2489, 14, 85, 'NULL', 0, 'NULL', 'NULL', 'NULL', 'NULL', '', 0, 0),
(2490, 14, 86, 'NULL', 0, 'NULL', 'NULL', 'NULL', 'NULL', '', 0, 0),
(2491, 14, 87, 'NULL', 0, 'NULL', 'NULL', 'NULL', 'NULL', '', 0, 0),
(2492, 14, 88, 'NULL', 0, 'NULL', 'NULL', 'NULL', 'NULL', '', 0, 0),
(2493, 14, 89, 'NULL', 0, 'NULL', 'NULL', 'NULL', 'NULL', '', 0, 0),
(2494, 14, 90, 'NULL', 0, 'NULL', 'NULL', 'NULL', 'NULL', '', 0, 0),
(2495, 14, 91, 'NULL', 0, 'NULL', 'NULL', 'NULL', 'NULL', '', 0, 0),
(2496, 14, 92, 'NULL', 0, 'NULL', 'NULL', 'NULL', 'NULL', '', 0, 0),
(2497, 14, 93, 'NULL', 0, 'NULL', 'NULL', 'NULL', 'NULL', '', 0, 0),
(2498, 14, 94, 'NULL', 0, 'NULL', 'NULL', 'NULL', 'NULL', '', 0, 0),
(2499, 14, 95, 'NULL', 0, 'NULL', 'NULL', 'NULL', 'NULL', '', 0, 0),
(2500, 14, 96, 'NULL', 0, 'NULL', 'NULL', 'NULL', 'NULL', '', 0, 0),
(2501, 14, 97, 'NULL', 0, 'NULL', 'NULL', 'NULL', 'NULL', '', 0, 0),
(2502, 14, 98, 'NULL', 0, 'NULL', 'NULL', 'NULL', 'NULL', '', 0, 0),
(2503, 14, 99, 'NULL', 0, 'NULL', 'NULL', 'NULL', 'NULL', '', 0, 0),
(2504, 14, 100, 'NULL', 0, 'NULL', 'NULL', 'NULL', 'NULL', '', 0, 0),
(2505, 14, 101, 'NULL', 0, 'NULL', 'NULL', 'NULL', 'NULL', '', 0, 0),
(2506, 14, 102, 'NULL', 0, 'NULL', '', 'NULL', 'NULL', 'NULL', 0, 0),
(2507, 14, 103, 'NULL', 0, 'NULL', '', 'NULL', 'NULL', 'NULL', 0, 0),
(2508, 14, 104, 'NULL', 0, 'NULL', 'NULL', 'NULL', 'NULL', '', 0, 0),
(2509, 14, 105, 'NULL', 0, 'NULL', 'NULL', 'NULL', 'NULL', '', 0, 0),
(2510, 14, 106, 'NULL', 0, 'NULL', 'NULL', 'NULL', 'NULL', '', 0, 0),
(2511, 14, 1, 'NULL', 0, '', 'NULL', 'NULL', 'NULL', 'NULL', 0, 0),
(2512, 14, 2, 'NULL', 0, 'NULL', 'NULL', 'NULL', 'NULL', 'NULL', 0, 0),
(2513, 14, 3, '', 0, 'NULL', 'NULL', 'NULL', 'NULL', 'NULL', 0, 0),
(2514, 14, 4, '', 0, 'NULL', 'NULL', 'NULL', 'NULL', 'NULL', 0, 0),
(2515, 14, 5, '', 0, 'NULL', 'NULL', 'NULL', 'NULL', 'NULL', 0, 0),
(2516, 14, 6, '', 0, 'NULL', 'NULL', 'NULL', 'NULL', 'NULL', 0, 0),
(2517, 14, 7, '', 0, 'NULL', 'NULL', 'NULL', 'NULL', 'NULL', 0, 0),
(2518, 14, 8, '', 0, 'NULL', 'NULL', 'NULL', 'NULL', 'NULL', 0, 0),
(2519, 14, 9, '', 0, 'NULL', 'NULL', 'NULL', 'NULL', 'NULL', 0, 0),
(2520, 14, 115, '', 0, 'NULL', 'NULL', 'NULL', 'NULL', 'NULL', 0, 0),
(2521, 14, 116, 'NULL', 0, 'NULL', 'NULL', 'NULL', 'NULL', 'NULL', 0, 0),
(2522, 14, 117, '', 0, 'NULL', 'NULL', 'NULL', 'NULL', 'NULL', 0, 0),
(2523, 14, 118, '', 0, 'NULL', 'NULL', 'NULL', 'NULL', 'NULL', 0, 0),
(2524, 14, 119, '', 0, 'NULL', 'NULL', 'NULL', 'NULL', 'NULL', 0, 0),
(2525, 14, 120, 'NULL', 0, 'NULL', 'NULL', 'NULL', 'NULL', 'NULL', 0, 0),
(2526, 14, 121, '', 0, 'NULL', 'NULL', 'NULL', 'NULL', 'NULL', 0, 0),
(2527, 14, 122, '', 0, 'NULL', 'NULL', 'NULL', 'NULL', 'NULL', 0, 0),
(2528, 14, 123, '', 0, 'NULL', 'NULL', 'NULL', 'NULL', 'NULL', 0, 0),
(2529, 14, 124, '', 0, 'NULL', 'NULL', 'NULL', 'NULL', 'NULL', 0, 0),
(2530, 14, 125, 'NULL', 0, 'NULL', 'NULL', 'NULL', 'NULL', 'NULL', 0, 0),
(2531, 14, 126, '', 0, 'NULL', 'NULL', 'NULL', 'NULL', 'NULL', 0, 0),
(2532, 14, 127, '', 0, 'NULL', 'NULL', 'NULL', 'NULL', 'NULL', 0, 0),
(2533, 14, 128, '', 0, 'NULL', 'NULL', 'NULL', 'NULL', 'NULL', 0, 0),
(2534, 14, 129, '', 0, 'NULL', 'NULL', 'NULL', 'NULL', 'NULL', 0, 0),
(2535, 14, 130, '', 0, 'NULL', 'NULL', 'NULL', 'NULL', 'NULL', 0, 0),
(2536, 14, 131, 'NULL', 0, 'NULL', 'NULL', '', 'NULL', 'NULL', 0, 0),
(2537, 14, 132, 'NULL', 0, 'NULL', 'NULL', 'NULL', '', 'NULL', 0, 0),
(2538, 14, 133, 'NULL', 0, 'NULL', 'NULL', 'NULL', '', 'NULL', 0, 0),
(2539, 14, 134, '', 0, 'NULL', 'NULL', 'NULL', 'NULL', 'NULL', 0, 0),
(2540, 14, 135, 'NULL', 0, 'NULL', 'NULL', 'NULL', '', 'NULL', 0, 0),
(2541, 14, 136, 'NULL', 0, 'NULL', 'NULL', 'NULL', '', 'NULL', 0, 0),
(2542, 14, 137, 'NULL', 0, 'NULL', 'NULL', 'NULL', '', 'NULL', 0, 0),
(2543, 14, 138, 'NULL', 0, 'NULL', 'NULL', 'NULL', '', 'NULL', 0, 0),
(2544, 14, 139, 'NULL', 0, '', 'NULL', 'NULL', 'NULL', 'NULL', 0, 0),
(2545, 14, 140, '', 0, 'NULL', 'NULL', 'NULL', 'NULL', 'NULL', 0, 0),
(2546, 14, 141, '', 0, 'NULL', 'NULL', 'NULL', 'NULL', 'NULL', 0, 0),
(2547, 14, 142, 'NULL', 0, 'NULL', 'NULL', 'NULL', 'NULL', 'NULL', 0, 0),
(2548, 14, 143, 'NULL', 0, 'NULL', 'NULL', 'NULL', 'NULL', 'NULL', 0, 0),
(2549, 14, 144, '', 0, 'NULL', 'NULL', 'NULL', 'NULL', 'NULL', 0, 0),
(2550, 14, 145, 'NULL', 0, 'NULL', 'NULL', 'NULL', 'NULL', '', 0, 0),
(2551, 14, 146, 'NULL', 0, 'NULL', 'NULL', 'NULL', '', 'NULL', 0, 0),
(2552, 14, 147, '', 0, 'NULL', 'NULL', 'NULL', 'NULL', 'NULL', 0, 0),
(2553, 14, 148, '', 0, 'NULL', 'NULL', 'NULL', 'NULL', 'NULL', 0, 0),
(2554, 14, 149, '', 0, 'NULL', 'NULL', 'NULL', 'NULL', 'NULL', 0, 0),
(2555, 14, 150, '', 0, 'NULL', 'NULL', 'NULL', 'NULL', 'NULL', 0, 0),
(2556, 14, 151, 'NULL', 0, 'NULL', 'NULL', 'NULL', 'NULL', 'NULL', 0, 0),
(2557, 14, 152, '', 0, 'NULL', 'NULL', 'NULL', 'NULL', 'NULL', 0, 0),
(2558, 14, 153, '', 0, 'NULL', 'NULL', 'NULL', 'NULL', 'NULL', 0, 0),
(2559, 14, 154, '', 0, 'NULL', 'NULL', 'NULL', 'NULL', 'NULL', 0, 0),
(2560, 14, 155, 'NULL', 0, 'NULL', 'NULL', 'NULL', 'NULL', '', 0, 0),
(2561, 14, 156, 'NULL', 0, 'NULL', 'NULL', 'NULL', 'NULL', '', 0, 0),
(2562, 14, 157, 'NULL', 0, 'NULL', 'NULL', 'NULL', 'NULL', '', 0, 0),
(2563, 14, 158, 'NULL', 0, 'NULL', 'NULL', 'NULL', 'NULL', '', 0, 0),
(2564, 14, 159, 'NULL', 0, 'NULL', 'NULL', 'NULL', 'NULL', '', 0, 0),
(2565, 14, 160, 'NULL', 0, 'NULL', 'NULL', 'NULL', 'NULL', '', 0, 0),
(2566, 14, 161, 'NULL', 0, 'NULL', 'NULL', 'NULL', 'NULL', '', 0, 0),
(2567, 14, 162, 'NULL', 0, 'NULL', 'NULL', 'NULL', 'NULL', '', 0, 0),
(2568, 14, 163, 'NULL', 0, 'NULL', 'NULL', 'NULL', 'NULL', '', 0, 0),
(2569, 14, 164, 'NULL', 0, 'NULL', 'NULL', 'NULL', 'NULL', '', 0, 0),
(2570, 14, 165, 'NULL', 0, 'NULL', 'NULL', 'NULL', 'NULL', '', 0, 0),
(2571, 14, 166, 'NULL', 0, 'NULL', 'NULL', 'NULL', 'NULL', '', 0, 0),
(2572, 14, 167, 'NULL', 0, 'NULL', 'NULL', '', 'NULL', 'NULL', 0, 0),
(2573, 14, 168, 'NULL', 0, 'NULL', 'NULL', 'NULL', 'NULL', 'NULL', 0, 0),
(2574, 14, 169, 'NULL', 0, 'NULL', 'NULL', 'NULL', 'NULL', 'NULL', 0, 0),
(2575, 14, 170, 'NULL', 0, 'NULL', 'NULL', 'NULL', 'NULL', 'NULL', 0, 0),
(2576, 14, 171, 'NULL', 0, 'NULL', 'NULL', 'NULL', 'NULL', 'NULL', 0, 0),
(2577, 14, 172, 'NULL', 0, 'NULL', 'NULL', 'NULL', 'NULL', 'NULL', 0, 0),
(2578, 14, 173, 'NULL', 0, 'NULL', 'NULL', 'NULL', 'NULL', 'NULL', 0, 0),
(2579, 14, 174, '', 0, 'NULL', 'NULL', 'NULL', 'NULL', 'NULL', 0, 0),
(2580, 14, 175, '', 0, 'NULL', 'NULL', 'NULL', 'NULL', 'NULL', 0, 0),
(2581, 14, 176, 'NULL', 0, 'NULL', 'NULL', 'NULL', 'NULL', '', 0, 0),
(2582, 14, 177, 'NULL', 0, 'NULL', 'NULL', 'NULL', 'NULL', '', 0, 0),
(2583, 14, 178, 'NULL', 0, 'NULL', 'NULL', 'NULL', 'NULL', '', 0, 0),
(2584, 14, 179, 'NULL', 0, 'NULL', 'NULL', 'NULL', 'NULL', '', 0, 0),
(2585, 14, 180, 'NULL', 0, 'NULL', 'NULL', 'NULL', 'NULL', '', 0, 0),
(2586, 14, 181, 'NULL', 0, 'NULL', 'NULL', 'NULL', 'NULL', '', 0, 0),
(2587, 14, 182, 'NULL', 0, 'NULL', 'NULL', 'NULL', 'NULL', '', 0, 0),
(2588, 14, 183, 'NULL', 0, 'NULL', 'NULL', 'NULL', 'NULL', '', 0, 0),
(2589, 14, 184, 'NULL', 0, 'NULL', 'NULL', 'NULL', 'NULL', '', 0, 0),
(2590, 14, 185, 'NULL', 0, 'NULL', 'NULL', 'NULL', 'NULL', '', 0, 0),
(2591, 15, 107, 'dor febreaaaaa', 0, 'NULL', 'NULL', 'NULL', 'NULL', 'NULL', 0, 0),
(2592, 15, 108, 'NULL', 0, 'NULL', 'NULL', 'NULL', 'NULL', 'teste', 0, 0),
(2593, 15, 109, 'nao', 0, 'NULL', 'NULL', 'NULL', 'NULL', 'NULL', 0, 0),
(2594, 15, 110, 'NULL', 0, 'NULL', 'NULL', 'aaa', 'NULL', 'NULL', 0, 0),
(2595, 15, 111, 'NULL', 0, 'NULL', 'NULL', 'NULL', 'NULL', ' 1 vez', 0, 0),
(2596, 15, 112, 'NULL', 0, 'septo', '2010', 'NULL', 'NULL', 'NULL', 0, 0),
(2597, 15, 113, '', 0, 'NULL', 'NULL', 'NULL', 'NULL', 'NULL', 0, 0),
(2598, 15, 114, 'NULL', 0, '', 'NULL', 'NULL', 'NULL', 'NULL', 0, 0),
(2599, 15, 10, 'NULL', 0, 'NULL', 'NULL', 'NULL', 'NULL', '', 0, 0),
(2600, 15, 11, 'NULL', 0, 'NULL', 'NULL', 'NULL', 'NULL', '', 0, 0),
(2601, 15, 12, 'NULL', 0, 'NULL', 'NULL', 'NULL', 'NULL', '', 0, 0),
(2602, 15, 13, 'NULL', 0, 'NULL', 'NULL', 'NULL', 'NULL', '', 0, 0),
(2603, 15, 14, 'NULL', 0, 'NULL', 'NULL', 'NULL', 'NULL', '', 0, 0),
(2604, 15, 15, 'NULL', 0, 'NULL', 'NULL', 'NULL', 'NULL', '', 0, 0),
(2605, 15, 16, 'NULL', 0, 'NULL', 'NULL', 'NULL', 'NULL', '', 0, 0),
(2606, 15, 17, 'NULL', 0, 'NULL', 'NULL', 'NULL', 'NULL', '', 0, 0),
(2607, 15, 18, 'NULL', 0, 'NULL', 'NULL', 'NULL', 'NULL', '', 0, 0),
(2608, 15, 19, 'NULL', 0, 'NULL', 'NULL', 'NULL', 'NULL', '', 0, 0),
(2609, 15, 20, 'NULL', 0, 'NULL', 'NULL', 'NULL', 'NULL', '', 0, 0),
(2610, 15, 21, 'NULL', 0, 'NULL', 'NULL', 'NULL', 'NULL', '', 0, 0),
(2611, 15, 22, 'NULL', 0, 'NULL', 'NULL', 'NULL', 'NULL', '', 0, 0),
(2612, 15, 23, 'NULL', 0, 'NULL', 'NULL', 'NULL', 'NULL', '', 0, 0),
(2613, 15, 24, 'NULL', 0, 'NULL', 'NULL', 'NULL', 'NULL', '', 0, 0),
(2614, 15, 25, 'NULL', 0, 'NULL', 'NULL', 'NULL', 'NULL', '', 0, 0),
(2615, 15, 26, 'NULL', 0, 'NULL', 'NULL', 'NULL', 'NULL', '', 0, 0),
(2616, 15, 27, 'NULL', 0, 'NULL', 'NULL', 'NULL', 'NULL', '', 0, 0),
(2617, 15, 28, 'NULL', 0, 'NULL', 'NULL', 'NULL', 'NULL', '', 0, 0),
(2618, 15, 29, 'NULL', 0, 'NULL', 'NULL', 'NULL', 'NULL', '', 0, 0),
(2619, 15, 30, 'NULL', 0, 'NULL', 'NULL', 'NULL', 'NULL', '', 0, 0),
(2620, 15, 31, 'NULL', 0, 'NULL', 'NULL', 'NULL', 'NULL', '', 0, 0),
(2621, 15, 32, 'NULL', 0, 'NULL', 'NULL', 'NULL', 'NULL', '', 0, 0),
(2622, 15, 33, 'NULL', 0, 'NULL', 'NULL', 'NULL', 'NULL', '', 0, 0),
(2623, 15, 34, 'NULL', 0, 'NULL', 'NULL', 'NULL', 'NULL', '', 0, 0),
(2624, 15, 35, 'NULL', 0, 'NULL', 'NULL', 'NULL', 'NULL', '', 0, 0),
(2625, 15, 36, 'NULL', 0, 'NULL', 'NULL', 'NULL', 'NULL', '', 0, 0),
(2626, 15, 37, 'NULL', 0, 'NULL', 'NULL', 'NULL', 'NULL', '', 0, 0),
(2627, 15, 38, 'NULL', 0, 'NULL', 'NULL', 'NULL', 'NULL', '', 0, 0),
(2628, 15, 39, 'NULL', 0, 'NULL', 'NULL', 'NULL', 'NULL', '', 0, 0),
(2629, 15, 40, 'NULL', 0, 'NULL', 'NULL', 'NULL', 'NULL', '', 0, 0),
(2630, 15, 41, 'NULL', 0, 'NULL', 'NULL', 'NULL', 'NULL', '', 0, 0),
(2631, 15, 42, 'NULL', 0, 'NULL', 'NULL', 'NULL', 'NULL', '', 0, 0),
(2632, 15, 43, 'NULL', 0, 'NULL', 'NULL', 'NULL', 'NULL', '', 0, 0),
(2633, 15, 44, 'NULL', 0, 'NULL', 'NULL', 'NULL', 'NULL', '', 0, 0),
(2634, 15, 45, 'NULL', 0, 'NULL', 'NULL', 'NULL', 'NULL', '', 0, 0),
(2635, 15, 46, 'NULL', 0, 'NULL', 'NULL', 'NULL', 'NULL', '', 0, 0),
(2636, 15, 47, 'NULL', 0, 'NULL', 'NULL', 'NULL', 'NULL', '', 0, 0),
(2637, 15, 48, 'NULL', 0, 'NULL', 'NULL', 'NULL', 'NULL', '', 0, 0),
(2638, 15, 49, 'NULL', 0, 'NULL', 'NULL', 'NULL', 'NULL', '', 0, 0),
(2639, 15, 50, 'NULL', 0, 'NULL', 'NULL', 'NULL', 'NULL', '', 0, 0),
(2640, 15, 51, 'NULL', 0, 'NULL', 'NULL', 'NULL', 'NULL', '', 0, 0),
(2641, 15, 52, 'NULL', 0, 'NULL', 'NULL', 'NULL', 'NULL', '', 0, 0),
(2642, 15, 53, 'NULL', 0, 'NULL', 'NULL', 'NULL', 'NULL', '', 0, 0),
(2643, 15, 54, 'NULL', 0, 'NULL', 'NULL', 'NULL', 'NULL', '', 0, 0),
(2644, 15, 55, 'NULL', 0, 'NULL', 'NULL', 'NULL', 'NULL', '', 0, 0),
(2645, 15, 56, 'NULL', 0, 'NULL', 'NULL', 'NULL', 'NULL', '', 0, 0),
(2646, 15, 57, 'NULL', 0, 'NULL', 'NULL', 'NULL', 'NULL', '', 0, 0),
(2647, 15, 58, 'NULL', 0, 'NULL', 'NULL', 'NULL', 'NULL', '', 0, 0),
(2648, 15, 59, 'NULL', 0, 'NULL', 'NULL', 'NULL', 'NULL', '', 0, 0),
(2649, 15, 60, 'NULL', 0, 'NULL', 'NULL', 'NULL', 'NULL', '', 0, 0),
(2650, 15, 61, 'NULL', 0, 'NULL', 'NULL', 'NULL', 'NULL', '', 0, 0),
(2651, 15, 62, 'NULL', 0, 'NULL', 'NULL', 'NULL', 'NULL', '', 0, 0),
(2652, 15, 63, 'NULL', 0, 'NULL', 'NULL', 'NULL', 'NULL', '', 0, 0),
(2653, 15, 64, 'NULL', 0, 'NULL', 'NULL', 'NULL', 'NULL', '', 0, 0),
(2654, 15, 65, 'NULL', 0, 'NULL', 'NULL', 'NULL', 'NULL', '', 0, 0),
(2655, 15, 66, 'NULL', 0, 'NULL', 'NULL', 'NULL', 'NULL', '', 0, 0),
(2656, 15, 67, 'NULL', 0, 'NULL', 'NULL', 'NULL', 'NULL', '', 0, 0),
(2657, 15, 68, 'NULL', 0, 'NULL', 'NULL', 'NULL', 'NULL', '', 0, 0),
(2658, 15, 69, 'NULL', 0, 'NULL', 'NULL', 'NULL', 'NULL', '', 0, 0),
(2659, 15, 70, 'NULL', 0, 'NULL', 'NULL', 'NULL', 'NULL', '', 0, 0),
(2660, 15, 71, 'NULL', 0, 'NULL', 'NULL', 'NULL', 'NULL', '', 0, 0),
(2661, 15, 72, 'NULL', 0, 'NULL', 'NULL', 'NULL', 'NULL', '', 0, 0),
(2662, 15, 73, 'NULL', 0, 'NULL', 'NULL', 'NULL', 'NULL', '', 0, 0),
(2663, 15, 74, 'NULL', 0, 'NULL', 'NULL', 'NULL', 'NULL', '', 0, 0),
(2664, 15, 75, 'NULL', 0, 'NULL', 'NULL', 'NULL', 'NULL', '', 0, 0),
(2665, 15, 76, 'NULL', 0, 'NULL', 'NULL', 'NULL', 'NULL', '', 0, 0),
(2666, 15, 77, 'NULL', 0, 'NULL', 'NULL', 'NULL', 'NULL', '', 0, 0),
(2667, 15, 78, 'NULL', 0, 'NULL', 'NULL', 'NULL', 'NULL', '', 0, 0),
(2668, 15, 79, 'NULL', 0, 'NULL', 'NULL', 'NULL', 'NULL', '', 0, 0),
(2669, 15, 80, 'NULL', 0, 'NULL', 'NULL', 'NULL', 'NULL', '', 0, 0),
(2670, 15, 81, 'NULL', 0, 'NULL', 'NULL', 'NULL', 'NULL', '', 0, 0),
(2671, 15, 82, 'NULL', 0, 'NULL', 'NULL', 'NULL', 'NULL', '', 0, 0),
(2672, 15, 83, 'NULL', 0, 'NULL', 'NULL', 'NULL', 'NULL', '', 0, 0),
(2673, 15, 84, 'NULL', 0, 'NULL', 'NULL', 'NULL', 'NULL', '', 0, 0),
(2674, 15, 85, 'NULL', 0, 'NULL', 'NULL', 'NULL', 'NULL', '', 0, 0),
(2675, 15, 86, 'NULL', 0, 'NULL', 'NULL', 'NULL', 'NULL', '', 0, 0),
(2676, 15, 87, 'NULL', 0, 'NULL', 'NULL', 'NULL', 'NULL', '', 0, 0),
(2677, 15, 88, 'NULL', 0, 'NULL', 'NULL', 'NULL', 'NULL', '', 0, 0),
(2678, 15, 89, 'NULL', 0, 'NULL', 'NULL', 'NULL', 'NULL', '', 0, 0),
(2679, 15, 90, 'NULL', 0, 'NULL', 'NULL', 'NULL', 'NULL', '', 0, 0),
(2680, 15, 91, 'NULL', 0, 'NULL', 'NULL', 'NULL', 'NULL', '', 0, 0),
(2681, 15, 92, 'NULL', 0, 'NULL', 'NULL', 'NULL', 'NULL', '', 0, 0),
(2682, 15, 93, 'NULL', 0, 'NULL', 'NULL', 'NULL', 'NULL', '', 0, 0),
(2683, 15, 94, 'NULL', 0, 'NULL', 'NULL', 'NULL', 'NULL', '', 0, 0),
(2684, 15, 95, 'NULL', 0, 'NULL', 'NULL', 'NULL', 'NULL', '', 0, 0),
(2685, 15, 96, 'NULL', 0, 'NULL', 'NULL', 'NULL', 'NULL', '', 0, 0),
(2686, 15, 97, 'NULL', 0, 'NULL', 'NULL', 'NULL', 'NULL', '', 0, 0),
(2687, 15, 98, 'NULL', 0, 'NULL', 'NULL', 'NULL', 'NULL', '', 0, 0),
(2688, 15, 99, 'NULL', 0, 'NULL', 'NULL', 'NULL', 'NULL', '', 0, 0),
(2689, 15, 100, 'NULL', 0, 'NULL', 'NULL', 'NULL', 'NULL', '', 0, 0),
(2690, 15, 101, 'NULL', 0, 'NULL', 'NULL', 'NULL', 'NULL', '', 0, 0),
(2691, 15, 102, 'NULL', 0, 'NULL', '', 'NULL', 'NULL', 'NULL', 0, 0),
(2692, 15, 103, 'NULL', 0, 'NULL', '', 'NULL', 'NULL', 'NULL', 0, 0),
(2693, 15, 104, 'NULL', 0, 'NULL', 'NULL', 'NULL', 'NULL', '', 0, 0),
(2694, 15, 105, 'NULL', 0, 'NULL', 'NULL', 'NULL', 'NULL', '', 0, 0),
(2695, 15, 106, 'NULL', 0, 'NULL', 'NULL', 'NULL', 'NULL', '', 0, 0),
(2696, 15, 1, 'NULL', 0, '', 'NULL', 'NULL', 'NULL', 'NULL', 0, 0),
(2697, 15, 2, 'NULL', 0, 'NULL', 'NULL', 'NULL', 'NULL', 'NULL', 0, 0),
(2698, 15, 3, '', 0, 'NULL', 'NULL', 'NULL', 'NULL', 'NULL', 0, 0),
(2699, 15, 4, '', 0, 'NULL', 'NULL', 'NULL', 'NULL', 'NULL', 0, 0),
(2700, 15, 5, '', 0, 'NULL', 'NULL', 'NULL', 'NULL', 'NULL', 0, 0),
(2701, 15, 6, '', 0, 'NULL', 'NULL', 'NULL', 'NULL', 'NULL', 0, 0),
(2702, 15, 7, '', 0, 'NULL', 'NULL', 'NULL', 'NULL', 'NULL', 0, 0),
(2703, 15, 8, '', 0, 'NULL', 'NULL', 'NULL', 'NULL', 'NULL', 0, 0),
(2704, 15, 9, '', 0, 'NULL', 'NULL', 'NULL', 'NULL', 'NULL', 0, 0),
(2705, 15, 115, '', 0, 'NULL', 'NULL', 'NULL', 'NULL', 'NULL', 0, 0),
(2706, 15, 116, 'NULL', 0, 'NULL', 'NULL', 'NULL', 'NULL', 'NULL', 0, 0),
(2707, 15, 117, '', 0, 'NULL', 'NULL', 'NULL', 'NULL', 'NULL', 0, 0),
(2708, 15, 118, '', 0, 'NULL', 'NULL', 'NULL', 'NULL', 'NULL', 0, 0),
(2709, 15, 119, '', 0, 'NULL', 'NULL', 'NULL', 'NULL', 'NULL', 0, 0),
(2710, 15, 120, 'NULL', 0, 'NULL', 'NULL', 'NULL', 'NULL', 'NULL', 0, 0),
(2711, 15, 121, '', 0, 'NULL', 'NULL', 'NULL', 'NULL', 'NULL', 0, 0),
(2712, 15, 122, '', 0, 'NULL', 'NULL', 'NULL', 'NULL', 'NULL', 0, 0),
(2713, 15, 123, '', 0, 'NULL', 'NULL', 'NULL', 'NULL', 'NULL', 0, 0),
(2714, 15, 124, '', 0, 'NULL', 'NULL', 'NULL', 'NULL', 'NULL', 0, 0),
(2715, 15, 125, 'NULL', 0, 'NULL', 'NULL', 'NULL', 'NULL', 'NULL', 0, 0),
(2716, 15, 126, '', 0, 'NULL', 'NULL', 'NULL', 'NULL', 'NULL', 0, 0),
(2717, 15, 127, '', 0, 'NULL', 'NULL', 'NULL', 'NULL', 'NULL', 0, 0),
(2718, 15, 128, '', 0, 'NULL', 'NULL', 'NULL', 'NULL', 'NULL', 0, 0),
(2719, 15, 129, '', 0, 'NULL', 'NULL', 'NULL', 'NULL', 'NULL', 0, 0),
(2720, 15, 130, '', 0, 'NULL', 'NULL', 'NULL', 'NULL', 'NULL', 0, 0),
(2721, 15, 131, 'NULL', 0, 'NULL', 'NULL', '', 'NULL', 'NULL', 0, 0),
(2722, 15, 132, 'NULL', 0, 'NULL', 'NULL', 'NULL', '', 'NULL', 0, 0),
(2723, 15, 133, 'NULL', 0, 'NULL', 'NULL', 'NULL', '', 'NULL', 0, 0),
(2724, 15, 134, '', 0, 'NULL', 'NULL', 'NULL', 'NULL', 'NULL', 0, 0),
(2725, 15, 135, 'NULL', 0, 'NULL', 'NULL', 'NULL', '', 'NULL', 0, 0),
(2726, 15, 136, 'NULL', 0, 'NULL', 'NULL', 'NULL', '', 'NULL', 0, 0),
(2727, 15, 137, 'NULL', 0, 'NULL', 'NULL', 'NULL', '', 'NULL', 0, 0),
(2728, 15, 138, 'NULL', 0, 'NULL', 'NULL', 'NULL', '', 'NULL', 0, 0),
(2729, 15, 139, 'NULL', 0, '', 'NULL', 'NULL', 'NULL', 'NULL', 0, 0),
(2730, 15, 140, '', 0, 'NULL', 'NULL', 'NULL', 'NULL', 'NULL', 0, 0),
(2731, 15, 141, '', 0, 'NULL', 'NULL', 'NULL', 'NULL', 'NULL', 0, 0),
(2732, 15, 142, 'NULL', 0, 'NULL', 'NULL', 'NULL', 'NULL', 'NULL', 0, 0),
(2733, 15, 143, 'NULL', 0, 'NULL', 'NULL', 'NULL', 'NULL', 'NULL', 0, 0),
(2734, 15, 144, '', 0, 'NULL', 'NULL', 'NULL', 'NULL', 'NULL', 0, 0),
(2735, 15, 145, 'NULL', 0, 'NULL', 'NULL', 'NULL', 'NULL', '', 0, 0),
(2736, 15, 146, 'NULL', 0, 'NULL', 'NULL', 'NULL', '', 'NULL', 0, 0),
(2737, 15, 147, '', 0, 'NULL', 'NULL', 'NULL', 'NULL', 'NULL', 0, 0),
(2738, 15, 148, '', 0, 'NULL', 'NULL', 'NULL', 'NULL', 'NULL', 0, 0),
(2739, 15, 149, '', 0, 'NULL', 'NULL', 'NULL', 'NULL', 'NULL', 0, 0),
(2740, 15, 150, '', 0, 'NULL', 'NULL', 'NULL', 'NULL', 'NULL', 0, 0),
(2741, 15, 151, 'NULL', 0, 'NULL', 'NULL', 'NULL', 'NULL', 'NULL', 0, 0),
(2742, 15, 152, '', 0, 'NULL', 'NULL', 'NULL', 'NULL', 'NULL', 0, 0),
(2743, 15, 153, '', 0, 'NULL', 'NULL', 'NULL', 'NULL', 'NULL', 0, 0),
(2744, 15, 154, '', 0, 'NULL', 'NULL', 'NULL', 'NULL', 'NULL', 0, 0),
(2745, 15, 155, 'NULL', 0, 'NULL', 'NULL', 'NULL', 'NULL', '', 0, 0),
(2746, 15, 156, 'NULL', 0, 'NULL', 'NULL', 'NULL', 'NULL', '', 0, 0),
(2747, 15, 157, 'NULL', 0, 'NULL', 'NULL', 'NULL', 'NULL', '', 0, 0),
(2748, 15, 158, 'NULL', 0, 'NULL', 'NULL', 'NULL', 'NULL', '', 0, 0),
(2749, 15, 159, 'NULL', 0, 'NULL', 'NULL', 'NULL', 'NULL', '', 0, 0),
(2750, 15, 160, 'NULL', 0, 'NULL', 'NULL', 'NULL', 'NULL', '', 0, 0),
(2751, 15, 161, 'NULL', 0, 'NULL', 'NULL', 'NULL', 'NULL', '', 0, 0),
(2752, 15, 162, 'NULL', 0, 'NULL', 'NULL', 'NULL', 'NULL', '', 0, 0),
(2753, 15, 163, 'NULL', 0, 'NULL', 'NULL', 'NULL', 'NULL', '', 0, 0),
(2754, 15, 164, 'NULL', 0, 'NULL', 'NULL', 'NULL', 'NULL', '', 0, 0),
(2755, 15, 165, 'NULL', 0, 'NULL', 'NULL', 'NULL', 'NULL', '', 0, 0),
(2756, 15, 166, 'NULL', 0, 'NULL', 'NULL', 'NULL', 'NULL', '', 0, 0),
(2757, 15, 167, 'NULL', 0, 'NULL', 'NULL', '', 'NULL', 'NULL', 0, 0),
(2758, 15, 168, 'NULL', 0, 'NULL', 'NULL', 'NULL', 'NULL', 'NULL', 0, 0),
(2759, 15, 169, 'NULL', 0, 'NULL', 'NULL', 'NULL', 'NULL', 'NULL', 0, 0),
(2760, 15, 170, 'NULL', 0, 'NULL', 'NULL', 'NULL', 'NULL', 'NULL', 0, 0),
(2761, 15, 171, 'NULL', 0, 'NULL', 'NULL', 'NULL', 'NULL', 'NULL', 0, 0),
(2762, 15, 172, 'NULL', 0, 'NULL', 'NULL', 'NULL', 'NULL', 'NULL', 0, 0),
(2763, 15, 173, 'NULL', 0, 'NULL', 'NULL', 'NULL', 'NULL', 'NULL', 0, 0),
(2764, 15, 174, '', 0, 'NULL', 'NULL', 'NULL', 'NULL', 'NULL', 0, 0),
(2765, 15, 175, '', 0, 'NULL', 'NULL', 'NULL', 'NULL', 'NULL', 0, 0),
(2766, 15, 176, 'NULL', 0, 'NULL', 'NULL', 'NULL', 'NULL', '', 0, 0),
(2767, 15, 177, 'NULL', 0, 'NULL', 'NULL', 'NULL', 'NULL', '', 0, 0),
(2768, 15, 178, 'NULL', 0, 'NULL', 'NULL', 'NULL', 'NULL', '', 0, 0),
(2769, 15, 179, 'NULL', 0, 'NULL', 'NULL', 'NULL', 'NULL', '', 0, 0),
(2770, 15, 180, 'NULL', 0, 'NULL', 'NULL', 'NULL', 'NULL', '', 0, 0),
(2771, 15, 181, 'NULL', 0, 'NULL', 'NULL', 'NULL', 'NULL', '', 0, 0),
(2772, 15, 182, 'NULL', 0, 'NULL', 'NULL', 'NULL', 'NULL', '', 0, 0),
(2773, 15, 183, 'NULL', 0, 'NULL', 'NULL', 'NULL', 'NULL', '', 0, 0),
(2774, 15, 184, 'NULL', 0, 'NULL', 'NULL', 'NULL', 'NULL', '', 0, 0),
(2775, 15, 185, 'NULL', 0, 'NULL', 'NULL', 'NULL', 'NULL', '', 0, 0),
(2776, 16, 107, 'Bruxismo ', 0, 'NULL', 'NULL', 'NULL', 'NULL', 'NULL', 0, 0),
(2777, 16, 108, 'NULL', 0, 'NULL', 'NULL', 'NULL', 'NULL', 'Omeprazol 20 Mg, Doxazosina 2 Mg', 0, 0),
(2778, 16, 109, 'Bruxismo', 0, 'NULL', 'NULL', 'NULL', 'NULL', 'NULL', 0, 0),
(2779, 16, 110, 'NULL', 0, 'NULL', 'NULL', '', 'NULL', 'NULL', 0, 0),
(2780, 16, 111, 'NULL', 0, 'NULL', 'NULL', 'NULL', 'NULL', '', 0, 0),
(2781, 16, 112, 'NULL', 1, 'Fêmur ', '1982', 'NULL', 'NULL', 'NULL', 0, 0),
(2782, 16, 113, 'Abril 2017', 0, 'NULL', 'NULL', 'NULL', 'NULL', 'NULL', 0, 0),
(2783, 16, 114, 'NULL', 0, '', 'NULL', 'NULL', 'NULL', 'NULL', 0, 0),
(2784, 16, 10, 'NULL', 0, 'NULL', 'NULL', 'NULL', 'NULL', '', 0, 0),
(2785, 16, 11, 'NULL', 0, 'NULL', 'NULL', 'NULL', 'NULL', '', 0, 0),
(2786, 16, 12, 'NULL', 1, 'NULL', 'NULL', 'NULL', 'NULL', 'Aproximadamente 10 anos ', 0, 0),
(2787, 16, 13, 'NULL', 0, 'NULL', 'NULL', 'NULL', 'NULL', '', 0, 0),
(2788, 16, 14, 'NULL', 0, 'NULL', 'NULL', 'NULL', 'NULL', '', 0, 0),
(2789, 16, 15, 'NULL', 0, 'NULL', 'NULL', 'NULL', 'NULL', '', 0, 0),
(2790, 16, 16, 'NULL', 0, 'NULL', 'NULL', 'NULL', 'NULL', '', 0, 0),
(2791, 16, 17, 'NULL', 0, 'NULL', 'NULL', 'NULL', 'NULL', '', 0, 0),
(2792, 16, 18, 'NULL', 0, 'NULL', 'NULL', 'NULL', 'NULL', '', 0, 0),
(2793, 16, 19, 'NULL', 0, 'NULL', 'NULL', 'NULL', 'NULL', '', 0, 0),
(2794, 16, 20, 'NULL', 0, 'NULL', 'NULL', 'NULL', 'NULL', '', 0, 0),
(2795, 16, 21, 'NULL', 0, 'NULL', 'NULL', 'NULL', 'NULL', '', 0, 0),
(2796, 16, 22, 'NULL', 0, 'NULL', 'NULL', 'NULL', 'NULL', '', 0, 0),
(2797, 16, 23, 'NULL', 0, 'NULL', 'NULL', 'NULL', 'NULL', '', 0, 0),
(2798, 16, 24, 'NULL', 0, 'NULL', 'NULL', 'NULL', 'NULL', '', 0, 0),
(2799, 16, 25, 'NULL', 0, 'NULL', 'NULL', 'NULL', 'NULL', '', 0, 0),
(2800, 16, 26, 'NULL', 0, 'NULL', 'NULL', 'NULL', 'NULL', '', 0, 0),
(2801, 16, 27, 'NULL', 0, 'NULL', 'NULL', 'NULL', 'NULL', '', 0, 0),
(2802, 16, 28, 'NULL', 0, 'NULL', 'NULL', 'NULL', 'NULL', '', 0, 0),
(2803, 16, 29, 'NULL', 0, 'NULL', 'NULL', 'NULL', 'NULL', '', 0, 0),
(2804, 16, 30, 'NULL', 0, 'NULL', 'NULL', 'NULL', 'NULL', '', 0, 0),
(2805, 16, 31, 'NULL', 1, 'NULL', 'NULL', 'NULL', 'NULL', 'As vezes por medicação e alimentos ', 0, 0),
(2806, 16, 32, 'NULL', 1, 'NULL', 'NULL', 'NULL', 'NULL', 'Gastrite Nervosa ', 0, 0),
(2807, 16, 33, 'NULL', 0, 'NULL', 'NULL', 'NULL', 'NULL', '', 0, 0),
(2808, 16, 34, 'NULL', 0, 'NULL', 'NULL', 'NULL', 'NULL', '', 0, 0),
(2809, 16, 35, 'NULL', 0, 'NULL', 'NULL', 'NULL', 'NULL', '', 0, 0),
(2810, 16, 36, 'NULL', 0, 'NULL', 'NULL', 'NULL', 'NULL', '', 0, 0),
(2811, 16, 37, 'NULL', 0, 'NULL', 'NULL', 'NULL', 'NULL', '', 0, 0),
(2812, 16, 38, 'NULL', 0, 'NULL', 'NULL', 'NULL', 'NULL', '', 0, 0),
(2813, 16, 39, 'NULL', 0, 'NULL', 'NULL', 'NULL', 'NULL', '', 0, 0),
(2814, 16, 40, 'NULL', 0, 'NULL', 'NULL', 'NULL', 'NULL', '', 0, 0),
(2815, 16, 41, 'NULL', 0, 'NULL', 'NULL', 'NULL', 'NULL', '', 0, 0),
(2816, 16, 42, 'NULL', 0, 'NULL', 'NULL', 'NULL', 'NULL', '', 0, 0),
(2817, 16, 43, 'NULL', 0, 'NULL', 'NULL', 'NULL', 'NULL', '', 0, 0),
(2818, 16, 44, 'NULL', 0, 'NULL', 'NULL', 'NULL', 'NULL', '', 0, 0),
(2819, 16, 45, 'NULL', 0, 'NULL', 'NULL', 'NULL', 'NULL', '', 0, 0),
(2820, 16, 46, 'NULL', 0, 'NULL', 'NULL', 'NULL', 'NULL', '', 0, 0),
(2821, 16, 47, 'NULL', 0, 'NULL', 'NULL', 'NULL', 'NULL', '', 0, 0),
(2822, 16, 48, 'NULL', 0, 'NULL', 'NULL', 'NULL', 'NULL', '', 0, 0),
(2823, 16, 49, 'NULL', 0, 'NULL', 'NULL', 'NULL', 'NULL', '', 0, 0),
(2824, 16, 50, 'NULL', 0, 'NULL', 'NULL', 'NULL', 'NULL', '', 0, 0),
(2825, 16, 51, 'NULL', 0, 'NULL', 'NULL', 'NULL', 'NULL', '', 0, 0),
(2826, 16, 52, 'NULL', 0, 'NULL', 'NULL', 'NULL', 'NULL', '', 0, 0),
(2827, 16, 53, 'NULL', 0, 'NULL', 'NULL', 'NULL', 'NULL', '', 0, 0),
(2828, 16, 54, 'NULL', 0, 'NULL', 'NULL', 'NULL', 'NULL', '', 0, 0),
(2829, 16, 55, 'NULL', 0, 'NULL', 'NULL', 'NULL', 'NULL', '', 0, 0),
(2830, 16, 56, 'NULL', 0, 'NULL', 'NULL', 'NULL', 'NULL', '', 0, 0),
(2831, 16, 57, 'NULL', 0, 'NULL', 'NULL', 'NULL', 'NULL', '', 0, 0),
(2832, 16, 58, 'NULL', 0, 'NULL', 'NULL', 'NULL', 'NULL', '', 0, 0),
(2833, 16, 59, 'NULL', 0, 'NULL', 'NULL', 'NULL', 'NULL', '', 0, 0),
(2834, 16, 60, 'NULL', 0, 'NULL', 'NULL', 'NULL', 'NULL', '', 0, 0),
(2835, 16, 61, 'NULL', 0, 'NULL', 'NULL', 'NULL', 'NULL', '', 0, 0),
(2836, 16, 62, 'NULL', 0, 'NULL', 'NULL', 'NULL', 'NULL', '', 0, 0),
(2837, 16, 63, 'NULL', 0, 'NULL', 'NULL', 'NULL', 'NULL', '', 0, 0),
(2838, 16, 64, 'NULL', 0, 'NULL', 'NULL', 'NULL', 'NULL', '', 0, 0),
(2839, 16, 65, 'NULL', 0, 'NULL', 'NULL', 'NULL', 'NULL', '', 0, 0),
(2840, 16, 66, 'NULL', 0, 'NULL', 'NULL', 'NULL', 'NULL', '', 0, 0),
(2841, 16, 67, 'NULL', 0, 'NULL', 'NULL', 'NULL', 'NULL', '', 0, 0),
(2842, 16, 68, 'NULL', 0, 'NULL', 'NULL', 'NULL', 'NULL', '', 0, 0),
(2843, 16, 69, 'NULL', 0, 'NULL', 'NULL', 'NULL', 'NULL', '', 0, 0),
(2844, 16, 70, 'NULL', 0, 'NULL', 'NULL', 'NULL', 'NULL', '', 0, 0),
(2845, 16, 71, 'NULL', 0, 'NULL', 'NULL', 'NULL', 'NULL', '', 0, 0),
(2846, 16, 72, 'NULL', 0, 'NULL', 'NULL', 'NULL', 'NULL', '', 0, 0),
(2847, 16, 73, 'NULL', 0, 'NULL', 'NULL', 'NULL', 'NULL', '', 0, 0),
(2848, 16, 74, 'NULL', 0, 'NULL', 'NULL', 'NULL', 'NULL', '', 0, 0),
(2849, 16, 75, 'NULL', 0, 'NULL', 'NULL', 'NULL', 'NULL', '', 0, 0),
(2850, 16, 76, 'NULL', 0, 'NULL', 'NULL', 'NULL', 'NULL', '', 0, 0),
(2851, 16, 77, 'NULL', 0, 'NULL', 'NULL', 'NULL', 'NULL', '', 0, 0),
(2852, 16, 78, 'NULL', 0, 'NULL', 'NULL', 'NULL', 'NULL', '', 0, 0),
(2853, 16, 79, 'NULL', 0, 'NULL', 'NULL', 'NULL', 'NULL', '', 0, 0),
(2854, 16, 80, 'NULL', 0, 'NULL', 'NULL', 'NULL', 'NULL', '', 0, 0),
(2855, 16, 81, 'NULL', 0, 'NULL', 'NULL', 'NULL', 'NULL', '', 0, 0),
(2856, 16, 82, 'NULL', 0, 'NULL', 'NULL', 'NULL', 'NULL', '', 0, 0),
(2857, 16, 83, 'NULL', 0, 'NULL', 'NULL', 'NULL', 'NULL', '', 0, 0),
(2858, 16, 84, 'NULL', 0, 'NULL', 'NULL', 'NULL', 'NULL', '', 0, 0),
(2859, 16, 85, 'NULL', 0, 'NULL', 'NULL', 'NULL', 'NULL', '', 0, 0),
(2860, 16, 86, 'NULL', 0, 'NULL', 'NULL', 'NULL', 'NULL', '', 0, 0),
(2861, 16, 87, 'NULL', 0, 'NULL', 'NULL', 'NULL', 'NULL', '', 0, 0),
(2862, 16, 88, 'NULL', 0, 'NULL', 'NULL', 'NULL', 'NULL', '', 0, 0),
(2863, 16, 89, 'NULL', 0, 'NULL', 'NULL', 'NULL', 'NULL', '', 0, 0),
(2864, 16, 90, 'NULL', 0, 'NULL', 'NULL', 'NULL', 'NULL', '', 0, 0),
(2865, 16, 91, 'NULL', 0, 'NULL', 'NULL', 'NULL', 'NULL', '', 0, 0),
(2866, 16, 92, 'NULL', 0, 'NULL', 'NULL', 'NULL', 'NULL', '', 0, 0),
(2867, 16, 93, 'NULL', 1, 'NULL', 'NULL', 'NULL', 'NULL', 'Fêmur esquerdo', 0, 0),
(2868, 16, 94, 'NULL', 1, 'NULL', 'NULL', 'NULL', 'NULL', 'Fêmur esquerdo ', 0, 0),
(2869, 16, 95, 'NULL', 1, 'NULL', 'NULL', 'NULL', 'NULL', 'Placa fêmur esquerdo', 0, 0),
(2870, 16, 96, 'NULL', 0, 'NULL', 'NULL', 'NULL', 'NULL', '', 0, 0),
(2871, 16, 97, 'NULL', 0, 'NULL', 'NULL', 'NULL', 'NULL', '', 0, 0),
(2872, 16, 98, 'NULL', 0, 'NULL', 'NULL', 'NULL', 'NULL', '', 0, 0),
(2873, 16, 99, 'NULL', 0, 'NULL', 'NULL', 'NULL', 'NULL', '', 0, 0),
(2874, 16, 100, 'NULL', 0, 'NULL', 'NULL', 'NULL', 'NULL', '', 0, 0),
(2875, 16, 101, 'NULL', 0, 'NULL', 'NULL', 'NULL', 'NULL', '', 0, 0),
(2876, 16, 102, 'NULL', 0, 'NULL', '', 'NULL', 'NULL', 'NULL', 0, 0),
(2877, 16, 103, 'NULL', 1, 'NULL', 'Fêmur esquerdo', 'NULL', 'NULL', 'NULL', 0, 0),
(2878, 16, 104, 'NULL', 0, 'NULL', 'NULL', 'NULL', 'NULL', '', 0, 0),
(2879, 16, 105, 'NULL', 0, 'NULL', 'NULL', 'NULL', 'NULL', '', 0, 0),
(2880, 16, 106, 'NULL', 0, 'NULL', 'NULL', 'NULL', 'NULL', '', 0, 0),
(2881, 16, 1, 'NULL', 1, 'Diabetes ', 'NULL', 'NULL', 'NULL', 'NULL', 0, 0),
(2882, 16, 2, 'NULL', 0, 'NULL', 'NULL', 'NULL', 'NULL', 'NULL', 0, 0),
(2883, 16, 3, 'Tuberculose (pai), Infarto (mãe) ', 0, 'NULL', 'NULL', 'NULL', 'NULL', 'NULL', 0, 0),
(2884, 16, 4, '9', 0, 'NULL', 'NULL', 'NULL', 'NULL', 'NULL', 0, 0),
(2885, 16, 5, '1', 0, 'NULL', 'NULL', 'NULL', 'NULL', 'NULL', 0, 0),
(2886, 16, 6, 'Assassinato', 0, 'NULL', 'NULL', 'NULL', 'NULL', 'NULL', 0, 0),
(2887, 16, 7, '5', 0, 'NULL', 'NULL', 'NULL', 'NULL', 'NULL', 0, 0),
(2888, 16, 8, '0', 0, 'NULL', 'NULL', 'NULL', 'NULL', 'NULL', 0, 0),
(2889, 16, 9, '', 0, 'NULL', 'NULL', 'NULL', 'NULL', 'NULL', 0, 0),
(2890, 16, 115, 'Casa própria. Saneamento básico.', 0, 'NULL', 'NULL', 'NULL', 'NULL', 'NULL', 0, 0),
(2891, 16, 116, 'NULL', 1, 'NULL', 'NULL', 'NULL', 'NULL', 'NULL', 0, 0),
(2892, 16, 117, '8 Anos ', 0, 'NULL', 'NULL', 'NULL', 'NULL', 'NULL', 0, 0),
(2893, 16, 118, '', 0, 'NULL', 'NULL', 'NULL', 'NULL', 'NULL', 0, 0),
(2894, 16, 119, '40 Anos', 0, 'NULL', 'NULL', 'NULL', 'NULL', 'NULL', 0, 0),
(2895, 16, 120, 'NULL', 1, 'NULL', 'NULL', 'NULL', 'NULL', 'NULL', 0, 0),
(2896, 16, 121, 'Destilados e Cerveja ', 0, 'NULL', 'NULL', 'NULL', 'NULL', 'NULL', 0, 0),
(2897, 16, 122, '1 dose ', 0, 'NULL', 'NULL', 'NULL', 'NULL', 'NULL', 0, 0),
(2898, 16, 123, 'Diariamente ', 0, 'NULL', 'NULL', 'NULL', 'NULL', 'NULL', 0, 0),
(2899, 16, 124, '', 0, 'NULL', 'NULL', 'NULL', 'NULL', 'NULL', 0, 0),
(2900, 16, 125, 'NULL', 0, 'NULL', 'NULL', 'NULL', 'NULL', 'NULL', 0, 0),
(2901, 16, 126, '', 0, 'NULL', 'NULL', 'NULL', 'NULL', 'NULL', 0, 0),
(2902, 16, 127, '', 0, 'NULL', 'NULL', 'NULL', 'NULL', 'NULL', 0, 0),
(2903, 16, 128, '', 0, 'NULL', 'NULL', 'NULL', 'NULL', 'NULL', 0, 0),
(2904, 16, 129, '', 0, 'NULL', 'NULL', 'NULL', 'NULL', 'NULL', 0, 0),
(2905, 16, 130, '', 0, 'NULL', 'NULL', 'NULL', 'NULL', 'NULL', 0, 0),
(2906, 16, 131, 'NULL', 1, 'NULL', 'NULL', '', 'NULL', 'NULL', 6, 0),
(2907, 16, 132, 'NULL', 1, 'NULL', 'NULL', 'NULL', 'Membro da igreja e Conselho Municipal de Idoso ', 'NULL', 0, 0),
(2908, 16, 133, 'NULL', 1, 'NULL', 'NULL', 'NULL', '', 'NULL', 0, 0),
(2909, 16, 134, 'Todos os familiares ', 0, 'NULL', 'NULL', 'NULL', 'NULL', 'NULL', 0, 0),
(2910, 16, 135, 'NULL', 0, 'NULL', 'NULL', 'NULL', 'Adora dirigir, participar do Conselho Municipal de Idosos e membro da igreja ', 'NULL', 0, 0),
(2911, 16, 136, 'NULL', 0, 'NULL', 'NULL', 'NULL', '', 'NULL', 0, 0),
(2912, 16, 137, 'NULL', 0, 'NULL', 'NULL', 'NULL', '', 'NULL', 0, 0),
(2913, 16, 138, 'NULL', 1, 'NULL', 'NULL', 'NULL', 'Apneia e ronco', 'NULL', 0, 0),
(2914, 16, 139, 'NULL', 1, 'Caminhada 2x na semana', 'NULL', 'NULL', 'NULL', 'NULL', 0, 0),
(2915, 16, 140, '2 vezes', 0, 'NULL', 'NULL', 'NULL', 'NULL', 'NULL', 0, 0),
(2916, 16, 141, '', 0, 'NULL', 'NULL', 'NULL', 'NULL', 'NULL', 0, 0),
(2917, 16, 142, 'NULL', 0, 'NULL', 'NULL', 'NULL', 'NULL', 'NULL', 0, 0),
(2918, 16, 143, 'NULL', 0, 'NULL', 'NULL', 'NULL', 'NULL', 'NULL', 0, 0),
(2919, 16, 144, '', 0, 'NULL', 'NULL', 'NULL', 'NULL', 'NULL', 0, 0),
(2920, 16, 145, 'NULL', 1, 'NULL', 'NULL', 'NULL', 'NULL', '', 0, 0),
(2921, 16, 146, 'NULL', 0, 'NULL', 'NULL', 'NULL', '', 'NULL', 0, 0),
(2922, 16, 147, '120x80 mmHg', 0, 'NULL', 'NULL', 'NULL', 'NULL', 'NULL', 0, 0),
(2923, 16, 148, '36.5 ºC', 0, 'NULL', 'NULL', 'NULL', 'NULL', 'NULL', 0, 0),
(2924, 16, 149, '60', 0, 'NULL', 'NULL', 'NULL', 'NULL', 'NULL', 0, 0),
(2925, 16, 150, '18', 0, 'NULL', 'NULL', 'NULL', 'NULL', 'NULL', 0, 0),
(2926, 16, 151, 'NULL', 0, 'NULL', 'NULL', 'NULL', 'NULL', 'NULL', 0, 1),
(2927, 16, 152, '29.3', 0, 'NULL', 'NULL', 'NULL', 'NULL', 'NULL', 0, 0),
(2928, 16, 153, '95 Kg', 0, 'NULL', 'NULL', 'NULL', 'NULL', 'NULL', 0, 0),
(2929, 16, 154, '1.80 cm', 0, 'NULL', 'NULL', 'NULL', 'NULL', 'NULL', 0, 0),
(2930, 16, 155, 'NULL', 0, 'NULL', 'NULL', 'NULL', 'NULL', '', 0, 0),
(2931, 16, 156, 'NULL', 0, 'NULL', 'NULL', 'NULL', 'NULL', '', 0, 0),
(2932, 16, 157, 'NULL', 0, 'NULL', 'NULL', 'NULL', 'NULL', '', 0, 0),
(2933, 16, 158, 'NULL', 0, 'NULL', 'NULL', 'NULL', 'NULL', '', 0, 0),
(2934, 16, 159, 'NULL', 0, 'NULL', 'NULL', 'NULL', 'NULL', '', 0, 0),
(2935, 16, 160, 'NULL', 0, 'NULL', 'NULL', 'NULL', 'NULL', '', 0, 0),
(2936, 16, 161, 'NULL', 0, 'NULL', 'NULL', 'NULL', 'NULL', '', 0, 0),
(2937, 16, 162, 'NULL', 0, 'NULL', 'NULL', 'NULL', 'NULL', '', 0, 0),
(2938, 16, 163, 'NULL', 0, 'NULL', 'NULL', 'NULL', 'NULL', '', 0, 0),
(2939, 16, 164, 'NULL', 0, 'NULL', 'NULL', 'NULL', 'NULL', '', 0, 0),
(2940, 16, 165, 'NULL', 0, 'NULL', 'NULL', 'NULL', 'NULL', '', 0, 0),
(2941, 16, 166, 'NULL', 0, 'NULL', 'NULL', 'NULL', 'NULL', '', 0, 0),
(2942, 16, 167, 'NULL', 0, 'NULL', 'NULL', '', 'NULL', 'NULL', 0, 3),
(2943, 16, 168, 'NULL', 0, 'NULL', 'NULL', 'NULL', 'NULL', 'NULL', 0, 0),
(2944, 16, 169, 'NULL', 0, 'NULL', 'NULL', 'NULL', 'NULL', 'NULL', 0, 9),
(2945, 16, 170, 'NULL', 0, 'NULL', 'NULL', 'NULL', 'NULL', 'NULL', 0, 13),
(2946, 16, 171, 'NULL', 0, 'NULL', 'NULL', 'NULL', 'NULL', 'NULL', 0, 14),
(2947, 16, 172, 'NULL', 0, 'NULL', 'NULL', 'NULL', 'NULL', 'NULL', 0, 0),
(2948, 16, 173, 'NULL', 0, 'NULL', 'NULL', 'NULL', 'NULL', 'NULL', 0, 0),
(2949, 16, 174, '', 0, 'NULL', 'NULL', 'NULL', 'NULL', 'NULL', 0, 0),
(2950, 16, 175, '', 0, 'NULL', 'NULL', 'NULL', 'NULL', 'NULL', 0, 0),
(2951, 16, 176, 'NULL', 0, 'NULL', 'NULL', 'NULL', 'NULL', '', 0, 0),
(2952, 16, 177, 'NULL', 0, 'NULL', 'NULL', 'NULL', 'NULL', '', 0, 0),
(2953, 16, 178, 'NULL', 0, 'NULL', 'NULL', 'NULL', 'NULL', '', 0, 0),
(2954, 16, 179, 'NULL', 0, 'NULL', 'NULL', 'NULL', 'NULL', '', 0, 0),
(2955, 16, 180, 'NULL', 0, 'NULL', 'NULL', 'NULL', 'NULL', '', 0, 0),
(2956, 16, 181, 'NULL', 0, 'NULL', 'NULL', 'NULL', 'NULL', '', 0, 0),
(2957, 16, 182, 'NULL', 0, 'NULL', 'NULL', 'NULL', 'NULL', '', 0, 0),
(2958, 16, 183, 'NULL', 0, 'NULL', 'NULL', 'NULL', 'NULL', '', 0, 0),
(2959, 16, 184, 'NULL', 0, 'NULL', 'NULL', 'NULL', 'NULL', '', 0, 0),
(2960, 16, 185, 'NULL', 0, 'NULL', 'NULL', 'NULL', 'NULL', 'Não foi avaliado ', 0, 0);
INSERT INTO `tb_resposta` (`Cod_Resposta_Prontuario`, `Num_Prontuario`, `Cod_Pergunta`, `Des_Resposta_Aberta`, `Ind_Resposta_SimNao`, `Des_Resposta_Qual`, `Des_Resposta_Quando`, `Des_Resposta_Outros`, `Des_Resposta_Cite`, `Des_Resposta_Observacao`, `Cod_Resposta_ComboBox`, `Cod_Resposta_Radio`) VALUES
(2961, 17, 107, 'Nenhuma', 0, 'NULL', 'NULL', 'NULL', 'NULL', 'NULL', 0, 0),
(2962, 17, 108, 'NULL', 0, 'NULL', 'NULL', 'NULL', 'NULL', 'Claus H, Sinvastatina, Glucosamina e Cálcio ', 0, 0),
(2963, 17, 109, 'Nenhuma Alteração ', 0, 'NULL', 'NULL', 'NULL', 'NULL', 'NULL', 0, 0),
(2964, 17, 110, 'NULL', 0, 'NULL', 'NULL', '', 'NULL', 'NULL', 0, 0),
(2965, 17, 111, 'NULL', 0, 'NULL', 'NULL', 'NULL', 'NULL', '', 0, 0),
(2966, 17, 112, 'NULL', 1, '', '', 'NULL', 'NULL', 'NULL', 0, 0),
(2967, 17, 113, 'Março 2017', 0, 'NULL', 'NULL', 'NULL', 'NULL', 'NULL', 0, 0),
(2968, 17, 114, 'NULL', 1, '', 'NULL', 'NULL', 'NULL', 'NULL', 0, 0),
(2969, 17, 10, 'NULL', 0, 'NULL', 'NULL', 'NULL', 'NULL', '', 0, 0),
(2970, 17, 11, 'NULL', 0, 'NULL', 'NULL', 'NULL', 'NULL', '', 0, 0),
(2971, 17, 12, 'NULL', 1, 'NULL', 'NULL', 'NULL', 'NULL', 'Controlada ', 0, 0),
(2972, 17, 13, 'NULL', 0, 'NULL', 'NULL', 'NULL', 'NULL', '', 0, 0),
(2973, 17, 14, 'NULL', 0, 'NULL', 'NULL', 'NULL', 'NULL', '', 0, 0),
(2974, 17, 15, 'NULL', 0, 'NULL', 'NULL', 'NULL', 'NULL', '', 0, 0),
(2975, 17, 16, 'NULL', 0, 'NULL', 'NULL', 'NULL', 'NULL', '', 0, 0),
(2976, 17, 17, 'NULL', 0, 'NULL', 'NULL', 'NULL', 'NULL', '', 0, 0),
(2977, 17, 18, 'NULL', 0, 'NULL', 'NULL', 'NULL', 'NULL', '', 0, 0),
(2978, 17, 19, 'NULL', 0, 'NULL', 'NULL', 'NULL', 'NULL', '', 0, 0),
(2979, 17, 20, 'NULL', 0, 'NULL', 'NULL', 'NULL', 'NULL', '', 0, 0),
(2980, 17, 21, 'NULL', 0, 'NULL', 'NULL', 'NULL', 'NULL', '', 0, 0),
(2981, 17, 22, 'NULL', 0, 'NULL', 'NULL', 'NULL', 'NULL', '', 0, 0),
(2982, 17, 23, 'NULL', 0, 'NULL', 'NULL', 'NULL', 'NULL', '', 0, 0),
(2983, 17, 24, 'NULL', 0, 'NULL', 'NULL', 'NULL', 'NULL', '', 0, 0),
(2984, 17, 25, 'NULL', 0, 'NULL', 'NULL', 'NULL', 'NULL', '', 0, 0),
(2985, 17, 26, 'NULL', 0, 'NULL', 'NULL', 'NULL', 'NULL', '', 0, 0),
(2986, 17, 27, 'NULL', 0, 'NULL', 'NULL', 'NULL', 'NULL', '', 0, 0),
(2987, 17, 28, 'NULL', 1, 'NULL', 'NULL', 'NULL', 'NULL', 'As vezes de noite, mas pouco ', 0, 0),
(2988, 17, 29, 'NULL', 0, 'NULL', 'NULL', 'NULL', 'NULL', '', 0, 0),
(2989, 17, 30, 'NULL', 0, 'NULL', 'NULL', 'NULL', 'NULL', '', 0, 0),
(2990, 17, 31, 'NULL', 0, 'NULL', 'NULL', 'NULL', 'NULL', '', 0, 0),
(2991, 17, 32, 'NULL', 0, 'NULL', 'NULL', 'NULL', 'NULL', '', 0, 0),
(2992, 17, 33, 'NULL', 0, 'NULL', 'NULL', 'NULL', 'NULL', '', 0, 0),
(2993, 17, 34, 'NULL', 0, 'NULL', 'NULL', 'NULL', 'NULL', '', 0, 0),
(2994, 17, 35, 'NULL', 0, 'NULL', 'NULL', 'NULL', 'NULL', '', 0, 0),
(2995, 17, 36, 'NULL', 0, 'NULL', 'NULL', 'NULL', 'NULL', '', 0, 0),
(2996, 17, 37, 'NULL', 0, 'NULL', 'NULL', 'NULL', 'NULL', '', 0, 0),
(2997, 17, 38, 'NULL', 0, 'NULL', 'NULL', 'NULL', 'NULL', '', 0, 0),
(2998, 17, 39, 'NULL', 1, 'NULL', 'NULL', 'NULL', 'NULL', 'Não tem mais ', 0, 0),
(2999, 17, 40, 'NULL', 0, 'NULL', 'NULL', 'NULL', 'NULL', '', 0, 0),
(3000, 17, 41, 'NULL', 0, 'NULL', 'NULL', 'NULL', 'NULL', '', 0, 0),
(3001, 17, 42, 'NULL', 0, 'NULL', 'NULL', 'NULL', 'NULL', '', 0, 0),
(3002, 17, 43, 'NULL', 0, 'NULL', 'NULL', 'NULL', 'NULL', '', 0, 0),
(3003, 17, 44, 'NULL', 0, 'NULL', 'NULL', 'NULL', 'NULL', '', 0, 0),
(3004, 17, 45, 'NULL', 0, 'NULL', 'NULL', 'NULL', 'NULL', '', 0, 0),
(3005, 17, 46, 'NULL', 0, 'NULL', 'NULL', 'NULL', 'NULL', '', 0, 0),
(3006, 17, 47, 'NULL', 0, 'NULL', 'NULL', 'NULL', 'NULL', '', 0, 0),
(3007, 17, 48, 'NULL', 0, 'NULL', 'NULL', 'NULL', 'NULL', '', 0, 0),
(3008, 17, 49, 'NULL', 0, 'NULL', 'NULL', 'NULL', 'NULL', '', 0, 0),
(3009, 17, 50, 'NULL', 0, 'NULL', 'NULL', 'NULL', 'NULL', '', 0, 0),
(3010, 17, 51, 'NULL', 1, 'NULL', 'NULL', 'NULL', 'NULL', '', 0, 0),
(3011, 17, 52, 'NULL', 0, 'NULL', 'NULL', 'NULL', 'NULL', '', 0, 0),
(3012, 17, 53, 'NULL', 0, 'NULL', 'NULL', 'NULL', 'NULL', '', 0, 0),
(3013, 17, 54, 'NULL', 0, 'NULL', 'NULL', 'NULL', 'NULL', '', 0, 0),
(3014, 17, 55, 'NULL', 0, 'NULL', 'NULL', 'NULL', 'NULL', '', 0, 0),
(3015, 17, 56, 'NULL', 0, 'NULL', 'NULL', 'NULL', 'NULL', '', 0, 0),
(3016, 17, 57, 'NULL', 0, 'NULL', 'NULL', 'NULL', 'NULL', '', 0, 0),
(3017, 17, 58, 'NULL', 0, 'NULL', 'NULL', 'NULL', 'NULL', '', 0, 0),
(3018, 17, 59, 'NULL', 0, 'NULL', 'NULL', 'NULL', 'NULL', '', 0, 0),
(3019, 17, 60, 'NULL', 0, 'NULL', 'NULL', 'NULL', 'NULL', '', 0, 0),
(3020, 17, 61, 'NULL', 0, 'NULL', 'NULL', 'NULL', 'NULL', '', 0, 0),
(3021, 17, 62, 'NULL', 0, 'NULL', 'NULL', 'NULL', 'NULL', '', 0, 0),
(3022, 17, 63, 'NULL', 0, 'NULL', 'NULL', 'NULL', 'NULL', '', 0, 0),
(3023, 17, 64, 'NULL', 0, 'NULL', 'NULL', 'NULL', 'NULL', '', 0, 0),
(3024, 17, 65, 'NULL', 0, 'NULL', 'NULL', 'NULL', 'NULL', '', 0, 0),
(3025, 17, 66, 'NULL', 0, 'NULL', 'NULL', 'NULL', 'NULL', '', 0, 0),
(3026, 17, 67, 'NULL', 0, 'NULL', 'NULL', 'NULL', 'NULL', '', 0, 0),
(3027, 17, 68, 'NULL', 0, 'NULL', 'NULL', 'NULL', 'NULL', '', 0, 0),
(3028, 17, 69, 'NULL', 0, 'NULL', 'NULL', 'NULL', 'NULL', '', 0, 0),
(3029, 17, 70, 'NULL', 0, 'NULL', 'NULL', 'NULL', 'NULL', '', 0, 0),
(3030, 17, 71, 'NULL', 0, 'NULL', 'NULL', 'NULL', 'NULL', '', 0, 0),
(3031, 17, 72, 'NULL', 0, 'NULL', 'NULL', 'NULL', 'NULL', '', 0, 0),
(3032, 17, 73, 'NULL', 0, 'NULL', 'NULL', 'NULL', 'NULL', '', 0, 0),
(3033, 17, 74, 'NULL', 0, 'NULL', 'NULL', 'NULL', 'NULL', '', 0, 0),
(3034, 17, 75, 'NULL', 1, 'NULL', 'NULL', 'NULL', 'NULL', 'Mais de 30 anos atrás ', 0, 0),
(3035, 17, 76, 'NULL', 0, 'NULL', 'NULL', 'NULL', 'NULL', '', 0, 0),
(3036, 17, 77, 'NULL', 1, 'NULL', 'NULL', 'NULL', 'NULL', 'Baixo. Utiliza aparelho', 0, 0),
(3037, 17, 78, 'NULL', 0, 'NULL', 'NULL', 'NULL', 'NULL', '', 0, 0),
(3038, 17, 79, 'NULL', 0, 'NULL', 'NULL', 'NULL', 'NULL', '', 0, 0),
(3039, 17, 80, 'NULL', 0, 'NULL', 'NULL', 'NULL', 'NULL', '', 0, 0),
(3040, 17, 81, 'NULL', 0, 'NULL', 'NULL', 'NULL', 'NULL', '', 0, 0),
(3041, 17, 82, 'NULL', 0, 'NULL', 'NULL', 'NULL', 'NULL', '', 0, 0),
(3042, 17, 83, 'NULL', 0, 'NULL', 'NULL', 'NULL', 'NULL', '', 0, 0),
(3043, 17, 84, 'NULL', 0, 'NULL', 'NULL', 'NULL', 'NULL', '', 0, 0),
(3044, 17, 85, 'NULL', 0, 'NULL', 'NULL', 'NULL', 'NULL', '', 0, 0),
(3045, 17, 86, 'NULL', 0, 'NULL', 'NULL', 'NULL', 'NULL', '', 0, 0),
(3046, 17, 87, 'NULL', 0, 'NULL', 'NULL', 'NULL', 'NULL', '', 0, 0),
(3047, 17, 88, 'NULL', 0, 'NULL', 'NULL', 'NULL', 'NULL', '', 0, 0),
(3048, 17, 89, 'NULL', 0, 'NULL', 'NULL', 'NULL', 'NULL', '', 0, 0),
(3049, 17, 90, 'NULL', 0, 'NULL', 'NULL', 'NULL', 'NULL', '', 0, 0),
(3050, 17, 91, 'NULL', 0, 'NULL', 'NULL', 'NULL', 'NULL', '', 0, 0),
(3051, 17, 92, 'NULL', 0, 'NULL', 'NULL', 'NULL', 'NULL', '', 0, 0),
(3052, 17, 93, 'NULL', 0, 'NULL', 'NULL', 'NULL', 'NULL', '', 0, 0),
(3053, 17, 94, 'NULL', 0, 'NULL', 'NULL', 'NULL', 'NULL', '', 0, 0),
(3054, 17, 95, 'NULL', 0, 'NULL', 'NULL', 'NULL', 'NULL', '', 0, 0),
(3055, 17, 96, 'NULL', 0, 'NULL', 'NULL', 'NULL', 'NULL', '', 0, 0),
(3056, 17, 97, 'NULL', 0, 'NULL', 'NULL', 'NULL', 'NULL', '', 0, 0),
(3057, 17, 98, 'NULL', 0, 'NULL', 'NULL', 'NULL', 'NULL', '', 0, 0),
(3058, 17, 99, 'NULL', 0, 'NULL', 'NULL', 'NULL', 'NULL', '', 0, 0),
(3059, 17, 100, 'NULL', 0, 'NULL', 'NULL', 'NULL', 'NULL', '', 0, 0),
(3060, 17, 101, 'NULL', 0, 'NULL', 'NULL', 'NULL', 'NULL', '', 0, 0),
(3061, 17, 102, 'NULL', 0, 'NULL', '', 'NULL', 'NULL', 'NULL', 0, 0),
(3062, 17, 103, 'NULL', 0, 'NULL', '', 'NULL', 'NULL', 'NULL', 0, 0),
(3063, 17, 104, 'NULL', 0, 'NULL', 'NULL', 'NULL', 'NULL', '', 0, 0),
(3064, 17, 105, 'NULL', 1, 'NULL', 'NULL', 'NULL', 'NULL', '15 dias atrás ', 0, 0),
(3065, 17, 106, 'NULL', 0, 'NULL', 'NULL', 'NULL', 'NULL', '', 0, 0),
(3066, 17, 1, 'NULL', 1, 'Hipertensão Arterial, Câncer  ', 'NULL', 'NULL', 'NULL', 'NULL', 0, 0),
(3067, 17, 2, 'NULL', 0, 'NULL', 'NULL', 'NULL', 'NULL', 'NULL', 0, 0),
(3068, 17, 3, 'Pneumonia (pai), não sabe a causa exata (mãe)', 0, 'NULL', 'NULL', 'NULL', 'NULL', 'NULL', 0, 0),
(3069, 17, 4, '5', 0, 'NULL', 'NULL', 'NULL', 'NULL', 'NULL', 0, 0),
(3070, 17, 5, '2', 0, 'NULL', 'NULL', 'NULL', 'NULL', 'NULL', 0, 0),
(3071, 17, 6, 'Câncer e Embolia ', 0, 'NULL', 'NULL', 'NULL', 'NULL', 'NULL', 0, 0),
(3072, 17, 7, '5', 0, 'NULL', 'NULL', 'NULL', 'NULL', 'NULL', 0, 0),
(3073, 17, 8, '0', 0, 'NULL', 'NULL', 'NULL', 'NULL', 'NULL', 0, 0),
(3074, 17, 9, '', 0, 'NULL', 'NULL', 'NULL', 'NULL', 'NULL', 0, 0),
(3075, 17, 115, 'Casa própia. Sanamento básico, boa alimentação.', 0, 'NULL', 'NULL', 'NULL', 'NULL', 'NULL', 0, 0),
(3076, 17, 116, 'NULL', 0, 'NULL', 'NULL', 'NULL', 'NULL', 'NULL', 0, 0),
(3077, 17, 117, '', 0, 'NULL', 'NULL', 'NULL', 'NULL', 'NULL', 0, 0),
(3078, 17, 118, '', 0, 'NULL', 'NULL', 'NULL', 'NULL', 'NULL', 0, 0),
(3079, 17, 119, '', 0, 'NULL', 'NULL', 'NULL', 'NULL', 'NULL', 0, 0),
(3080, 17, 120, 'NULL', 0, 'NULL', 'NULL', 'NULL', 'NULL', 'NULL', 0, 0),
(3081, 17, 121, '', 0, 'NULL', 'NULL', 'NULL', 'NULL', 'NULL', 0, 0),
(3082, 17, 122, '', 0, 'NULL', 'NULL', 'NULL', 'NULL', 'NULL', 0, 0),
(3083, 17, 123, '', 0, 'NULL', 'NULL', 'NULL', 'NULL', 'NULL', 0, 0),
(3084, 17, 124, '', 0, 'NULL', 'NULL', 'NULL', 'NULL', 'NULL', 0, 0),
(3085, 17, 125, 'NULL', 0, 'NULL', 'NULL', 'NULL', 'NULL', 'NULL', 0, 0),
(3086, 17, 126, '', 0, 'NULL', 'NULL', 'NULL', 'NULL', 'NULL', 0, 0),
(3087, 17, 127, '', 0, 'NULL', 'NULL', 'NULL', 'NULL', 'NULL', 0, 0),
(3088, 17, 128, '', 0, 'NULL', 'NULL', 'NULL', 'NULL', 'NULL', 0, 0),
(3089, 17, 129, '', 0, 'NULL', 'NULL', 'NULL', 'NULL', 'NULL', 0, 0),
(3090, 17, 130, '', 0, 'NULL', 'NULL', 'NULL', 'NULL', 'NULL', 0, 0),
(3091, 17, 131, 'NULL', 1, 'NULL', 'NULL', '', 'NULL', 'NULL', 6, 0),
(3092, 17, 132, 'NULL', 1, 'NULL', 'NULL', 'NULL', 'Liang gong, ginástica, caminhada ', 'NULL', 0, 0),
(3093, 17, 133, 'NULL', 1, 'NULL', 'NULL', 'NULL', '', 'NULL', 0, 0),
(3094, 17, 134, 'Filhos ', 0, 'NULL', 'NULL', 'NULL', 'NULL', 'NULL', 0, 0),
(3095, 17, 135, 'NULL', 0, 'NULL', 'NULL', 'NULL', '', 'NULL', 0, 0),
(3096, 17, 136, 'NULL', 0, 'NULL', 'NULL', 'NULL', '', 'NULL', 0, 0),
(3097, 17, 137, 'NULL', 0, 'NULL', 'NULL', 'NULL', '', 'NULL', 0, 0),
(3098, 17, 138, 'NULL', 0, 'NULL', 'NULL', 'NULL', '', 'NULL', 0, 0),
(3099, 17, 139, 'NULL', 1, 'caminhada, ginástica, liang gong', 'NULL', 'NULL', 'NULL', 'NULL', 0, 0),
(3100, 17, 140, '1x toda manhã ', 0, 'NULL', 'NULL', 'NULL', 'NULL', 'NULL', 0, 0),
(3101, 17, 141, 'Normal ', 0, 'NULL', 'NULL', 'NULL', 'NULL', 'NULL', 0, 0),
(3102, 17, 142, 'NULL', 0, 'NULL', 'NULL', 'NULL', 'NULL', 'NULL', 0, 0),
(3103, 17, 143, 'NULL', 0, 'NULL', 'NULL', 'NULL', 'NULL', 'NULL', 0, 0),
(3104, 17, 144, '', 0, 'NULL', 'NULL', 'NULL', 'NULL', 'NULL', 0, 0),
(3105, 17, 145, 'NULL', 1, 'NULL', 'NULL', 'NULL', 'NULL', '', 0, 0),
(3106, 17, 146, 'NULL', 0, 'NULL', 'NULL', 'NULL', '', 'NULL', 0, 0),
(3107, 17, 147, '120x80 mmHg', 0, 'NULL', 'NULL', 'NULL', 'NULL', 'NULL', 0, 0),
(3108, 17, 148, '36.5 ºC', 0, 'NULL', 'NULL', 'NULL', 'NULL', 'NULL', 0, 0),
(3109, 17, 149, '60', 0, 'NULL', 'NULL', 'NULL', 'NULL', 'NULL', 0, 0),
(3110, 17, 150, '16', 0, 'NULL', 'NULL', 'NULL', 'NULL', 'NULL', 0, 0),
(3111, 17, 151, 'NULL', 0, 'NULL', 'NULL', 'NULL', 'NULL', 'NULL', 0, 1),
(3112, 17, 152, '30.41  Circunferência abdominal: 109.5', 0, 'NULL', 'NULL', 'NULL', 'NULL', 'NULL', 0, 0),
(3113, 17, 153, '74 Kg', 0, 'NULL', 'NULL', 'NULL', 'NULL', 'NULL', 0, 0),
(3114, 17, 154, '1,56 cm', 0, 'NULL', 'NULL', 'NULL', 'NULL', 'NULL', 0, 0),
(3115, 17, 155, 'NULL', 0, 'NULL', 'NULL', 'NULL', 'NULL', '', 0, 0),
(3116, 17, 156, 'NULL', 0, 'NULL', 'NULL', 'NULL', 'NULL', '', 0, 0),
(3117, 17, 157, 'NULL', 0, 'NULL', 'NULL', 'NULL', 'NULL', '', 0, 0),
(3118, 17, 158, 'NULL', 0, 'NULL', 'NULL', 'NULL', 'NULL', '', 0, 0),
(3119, 17, 159, 'NULL', 0, 'NULL', 'NULL', 'NULL', 'NULL', '', 0, 0),
(3120, 17, 160, 'NULL', 0, 'NULL', 'NULL', 'NULL', 'NULL', '', 0, 0),
(3121, 17, 161, 'NULL', 0, 'NULL', 'NULL', 'NULL', 'NULL', '', 0, 0),
(3122, 17, 162, 'NULL', 0, 'NULL', 'NULL', 'NULL', 'NULL', '', 0, 0),
(3123, 17, 163, 'NULL', 0, 'NULL', 'NULL', 'NULL', 'NULL', '', 0, 0),
(3124, 17, 164, 'NULL', 0, 'NULL', 'NULL', 'NULL', 'NULL', '', 0, 0),
(3125, 17, 165, 'NULL', 0, 'NULL', 'NULL', 'NULL', 'NULL', '', 0, 0),
(3126, 17, 166, 'NULL', 0, 'NULL', 'NULL', 'NULL', 'NULL', '', 0, 0),
(3127, 17, 167, 'NULL', 0, 'NULL', 'NULL', '', 'NULL', 'NULL', 0, 3),
(3128, 17, 168, 'NULL', 0, 'NULL', 'NULL', 'NULL', 'NULL', 'NULL', 0, 0),
(3129, 17, 169, 'NULL', 0, 'NULL', 'NULL', 'NULL', 'NULL', 'NULL', 0, 11),
(3130, 17, 170, 'NULL', 0, 'NULL', 'NULL', 'NULL', 'NULL', 'NULL', 0, 13),
(3131, 17, 171, 'NULL', 0, 'NULL', 'NULL', 'NULL', 'NULL', 'NULL', 0, 0),
(3132, 17, 172, 'NULL', 1, 'NULL', 'NULL', 'NULL', 'NULL', 'NULL', 0, 0),
(3133, 17, 173, 'NULL', 0, 'NULL', 'NULL', 'NULL', 'NULL', 'NULL', 0, 19),
(3134, 17, 174, '', 0, 'NULL', 'NULL', 'NULL', 'NULL', 'NULL', 0, 0),
(3135, 17, 175, '', 0, 'NULL', 'NULL', 'NULL', 'NULL', 'NULL', 0, 0),
(3136, 17, 176, 'NULL', 0, 'NULL', 'NULL', 'NULL', 'NULL', '', 0, 0),
(3137, 17, 177, 'NULL', 0, 'NULL', 'NULL', 'NULL', 'NULL', '', 0, 0),
(3138, 17, 178, 'NULL', 0, 'NULL', 'NULL', 'NULL', 'NULL', '', 0, 0),
(3139, 17, 179, 'NULL', 0, 'NULL', 'NULL', 'NULL', 'NULL', '', 0, 0),
(3140, 17, 180, 'NULL', 0, 'NULL', 'NULL', 'NULL', 'NULL', '', 0, 0),
(3141, 17, 181, 'NULL', 0, 'NULL', 'NULL', 'NULL', 'NULL', '', 0, 0),
(3142, 17, 182, 'NULL', 0, 'NULL', 'NULL', 'NULL', 'NULL', '', 0, 0),
(3143, 17, 183, 'NULL', 0, 'NULL', 'NULL', 'NULL', 'NULL', '', 0, 0),
(3144, 17, 184, 'NULL', 0, 'NULL', 'NULL', 'NULL', 'NULL', '', 0, 0),
(3145, 17, 185, 'NULL', 0, 'NULL', 'NULL', 'NULL', 'NULL', 'Não avaliado ', 0, 0),
(3146, 18, 107, 'Nenhuma', 0, 'NULL', 'NULL', 'NULL', 'NULL', 'NULL', 0, 0),
(3147, 18, 108, 'NULL', 0, 'NULL', 'NULL', 'NULL', 'NULL', 'Claus H, Sinvastatina, Glucosamina e Cálcio ', 0, 0),
(3148, 18, 109, 'Nenhuma Alteração ', 0, 'NULL', 'NULL', 'NULL', 'NULL', 'NULL', 0, 0),
(3149, 18, 110, 'NULL', 0, 'NULL', 'NULL', '', 'NULL', 'NULL', 0, 0),
(3150, 18, 111, 'NULL', 0, 'NULL', 'NULL', 'NULL', 'NULL', '', 0, 0),
(3151, 18, 112, 'NULL', 1, '', '', 'NULL', 'NULL', 'NULL', 0, 0),
(3152, 18, 113, 'Março 2017', 0, 'NULL', 'NULL', 'NULL', 'NULL', 'NULL', 0, 0),
(3153, 18, 114, 'NULL', 1, '', 'NULL', 'NULL', 'NULL', 'NULL', 0, 0),
(3154, 18, 10, 'NULL', 0, 'NULL', 'NULL', 'NULL', 'NULL', '', 0, 0),
(3155, 18, 11, 'NULL', 0, 'NULL', 'NULL', 'NULL', 'NULL', '', 0, 0),
(3156, 18, 12, 'NULL', 1, 'NULL', 'NULL', 'NULL', 'NULL', 'Controlada ', 0, 0),
(3157, 18, 13, 'NULL', 0, 'NULL', 'NULL', 'NULL', 'NULL', '', 0, 0),
(3158, 18, 14, 'NULL', 0, 'NULL', 'NULL', 'NULL', 'NULL', '', 0, 0),
(3159, 18, 15, 'NULL', 0, 'NULL', 'NULL', 'NULL', 'NULL', '', 0, 0),
(3160, 18, 16, 'NULL', 0, 'NULL', 'NULL', 'NULL', 'NULL', '', 0, 0),
(3161, 18, 17, 'NULL', 0, 'NULL', 'NULL', 'NULL', 'NULL', '', 0, 0),
(3162, 18, 18, 'NULL', 0, 'NULL', 'NULL', 'NULL', 'NULL', '', 0, 0),
(3163, 18, 19, 'NULL', 0, 'NULL', 'NULL', 'NULL', 'NULL', '', 0, 0),
(3164, 18, 20, 'NULL', 0, 'NULL', 'NULL', 'NULL', 'NULL', '', 0, 0),
(3165, 18, 21, 'NULL', 0, 'NULL', 'NULL', 'NULL', 'NULL', '', 0, 0),
(3166, 18, 22, 'NULL', 0, 'NULL', 'NULL', 'NULL', 'NULL', '', 0, 0),
(3167, 18, 23, 'NULL', 0, 'NULL', 'NULL', 'NULL', 'NULL', '', 0, 0),
(3168, 18, 24, 'NULL', 0, 'NULL', 'NULL', 'NULL', 'NULL', '', 0, 0),
(3169, 18, 25, 'NULL', 0, 'NULL', 'NULL', 'NULL', 'NULL', '', 0, 0),
(3170, 18, 26, 'NULL', 0, 'NULL', 'NULL', 'NULL', 'NULL', '', 0, 0),
(3171, 18, 27, 'NULL', 0, 'NULL', 'NULL', 'NULL', 'NULL', '', 0, 0),
(3172, 18, 28, 'NULL', 1, 'NULL', 'NULL', 'NULL', 'NULL', 'As vezes de noite, mas pouco ', 0, 0),
(3173, 18, 29, 'NULL', 0, 'NULL', 'NULL', 'NULL', 'NULL', '', 0, 0),
(3174, 18, 30, 'NULL', 0, 'NULL', 'NULL', 'NULL', 'NULL', '', 0, 0),
(3175, 18, 31, 'NULL', 0, 'NULL', 'NULL', 'NULL', 'NULL', '', 0, 0),
(3176, 18, 32, 'NULL', 0, 'NULL', 'NULL', 'NULL', 'NULL', '', 0, 0),
(3177, 18, 33, 'NULL', 0, 'NULL', 'NULL', 'NULL', 'NULL', '', 0, 0),
(3178, 18, 34, 'NULL', 0, 'NULL', 'NULL', 'NULL', 'NULL', '', 0, 0),
(3179, 18, 35, 'NULL', 0, 'NULL', 'NULL', 'NULL', 'NULL', '', 0, 0),
(3180, 18, 36, 'NULL', 0, 'NULL', 'NULL', 'NULL', 'NULL', '', 0, 0),
(3181, 18, 37, 'NULL', 0, 'NULL', 'NULL', 'NULL', 'NULL', '', 0, 0),
(3182, 18, 38, 'NULL', 0, 'NULL', 'NULL', 'NULL', 'NULL', '', 0, 0),
(3183, 18, 39, 'NULL', 1, 'NULL', 'NULL', 'NULL', 'NULL', 'Não tem mais ', 0, 0),
(3184, 18, 40, 'NULL', 0, 'NULL', 'NULL', 'NULL', 'NULL', '', 0, 0),
(3185, 18, 41, 'NULL', 0, 'NULL', 'NULL', 'NULL', 'NULL', '', 0, 0),
(3186, 18, 42, 'NULL', 0, 'NULL', 'NULL', 'NULL', 'NULL', '', 0, 0),
(3187, 18, 43, 'NULL', 0, 'NULL', 'NULL', 'NULL', 'NULL', '', 0, 0),
(3188, 18, 44, 'NULL', 0, 'NULL', 'NULL', 'NULL', 'NULL', '', 0, 0),
(3189, 18, 45, 'NULL', 0, 'NULL', 'NULL', 'NULL', 'NULL', '', 0, 0),
(3190, 18, 46, 'NULL', 0, 'NULL', 'NULL', 'NULL', 'NULL', '', 0, 0),
(3191, 18, 47, 'NULL', 0, 'NULL', 'NULL', 'NULL', 'NULL', '', 0, 0),
(3192, 18, 48, 'NULL', 0, 'NULL', 'NULL', 'NULL', 'NULL', '', 0, 0),
(3193, 18, 49, 'NULL', 0, 'NULL', 'NULL', 'NULL', 'NULL', '', 0, 0),
(3194, 18, 50, 'NULL', 0, 'NULL', 'NULL', 'NULL', 'NULL', '', 0, 0),
(3195, 18, 51, 'NULL', 1, 'NULL', 'NULL', 'NULL', 'NULL', '', 0, 0),
(3196, 18, 52, 'NULL', 0, 'NULL', 'NULL', 'NULL', 'NULL', '', 0, 0),
(3197, 18, 53, 'NULL', 0, 'NULL', 'NULL', 'NULL', 'NULL', '', 0, 0),
(3198, 18, 54, 'NULL', 0, 'NULL', 'NULL', 'NULL', 'NULL', '', 0, 0),
(3199, 18, 55, 'NULL', 0, 'NULL', 'NULL', 'NULL', 'NULL', '', 0, 0),
(3200, 18, 56, 'NULL', 0, 'NULL', 'NULL', 'NULL', 'NULL', '', 0, 0),
(3201, 18, 57, 'NULL', 0, 'NULL', 'NULL', 'NULL', 'NULL', '', 0, 0),
(3202, 18, 58, 'NULL', 0, 'NULL', 'NULL', 'NULL', 'NULL', '', 0, 0),
(3203, 18, 59, 'NULL', 0, 'NULL', 'NULL', 'NULL', 'NULL', '', 0, 0),
(3204, 18, 60, 'NULL', 0, 'NULL', 'NULL', 'NULL', 'NULL', '', 0, 0),
(3205, 18, 61, 'NULL', 0, 'NULL', 'NULL', 'NULL', 'NULL', '', 0, 0),
(3206, 18, 62, 'NULL', 0, 'NULL', 'NULL', 'NULL', 'NULL', '', 0, 0),
(3207, 18, 63, 'NULL', 0, 'NULL', 'NULL', 'NULL', 'NULL', '', 0, 0),
(3208, 18, 64, 'NULL', 0, 'NULL', 'NULL', 'NULL', 'NULL', '', 0, 0),
(3209, 18, 65, 'NULL', 0, 'NULL', 'NULL', 'NULL', 'NULL', '', 0, 0),
(3210, 18, 66, 'NULL', 0, 'NULL', 'NULL', 'NULL', 'NULL', '', 0, 0),
(3211, 18, 67, 'NULL', 0, 'NULL', 'NULL', 'NULL', 'NULL', '', 0, 0),
(3212, 18, 68, 'NULL', 0, 'NULL', 'NULL', 'NULL', 'NULL', '', 0, 0),
(3213, 18, 69, 'NULL', 0, 'NULL', 'NULL', 'NULL', 'NULL', '', 0, 0),
(3214, 18, 70, 'NULL', 0, 'NULL', 'NULL', 'NULL', 'NULL', '', 0, 0),
(3215, 18, 71, 'NULL', 0, 'NULL', 'NULL', 'NULL', 'NULL', '', 0, 0),
(3216, 18, 72, 'NULL', 0, 'NULL', 'NULL', 'NULL', 'NULL', '', 0, 0),
(3217, 18, 73, 'NULL', 0, 'NULL', 'NULL', 'NULL', 'NULL', '', 0, 0),
(3218, 18, 74, 'NULL', 0, 'NULL', 'NULL', 'NULL', 'NULL', '', 0, 0),
(3219, 18, 75, 'NULL', 1, 'NULL', 'NULL', 'NULL', 'NULL', 'Mais de 30 anos atrás ', 0, 0),
(3220, 18, 76, 'NULL', 0, 'NULL', 'NULL', 'NULL', 'NULL', '', 0, 0),
(3221, 18, 77, 'NULL', 1, 'NULL', 'NULL', 'NULL', 'NULL', 'Baixo. Utiliza aparelho', 0, 0),
(3222, 18, 78, 'NULL', 0, 'NULL', 'NULL', 'NULL', 'NULL', '', 0, 0),
(3223, 18, 79, 'NULL', 0, 'NULL', 'NULL', 'NULL', 'NULL', '', 0, 0),
(3224, 18, 80, 'NULL', 0, 'NULL', 'NULL', 'NULL', 'NULL', '', 0, 0),
(3225, 18, 81, 'NULL', 0, 'NULL', 'NULL', 'NULL', 'NULL', '', 0, 0),
(3226, 18, 82, 'NULL', 0, 'NULL', 'NULL', 'NULL', 'NULL', '', 0, 0),
(3227, 18, 83, 'NULL', 0, 'NULL', 'NULL', 'NULL', 'NULL', '', 0, 0),
(3228, 18, 84, 'NULL', 0, 'NULL', 'NULL', 'NULL', 'NULL', '', 0, 0),
(3229, 18, 85, 'NULL', 0, 'NULL', 'NULL', 'NULL', 'NULL', '', 0, 0),
(3230, 18, 86, 'NULL', 0, 'NULL', 'NULL', 'NULL', 'NULL', '', 0, 0),
(3231, 18, 87, 'NULL', 0, 'NULL', 'NULL', 'NULL', 'NULL', '', 0, 0),
(3232, 18, 88, 'NULL', 0, 'NULL', 'NULL', 'NULL', 'NULL', '', 0, 0),
(3233, 18, 89, 'NULL', 0, 'NULL', 'NULL', 'NULL', 'NULL', '', 0, 0),
(3234, 18, 90, 'NULL', 0, 'NULL', 'NULL', 'NULL', 'NULL', '', 0, 0),
(3235, 18, 91, 'NULL', 0, 'NULL', 'NULL', 'NULL', 'NULL', '', 0, 0),
(3236, 18, 92, 'NULL', 0, 'NULL', 'NULL', 'NULL', 'NULL', '', 0, 0),
(3237, 18, 93, 'NULL', 0, 'NULL', 'NULL', 'NULL', 'NULL', '', 0, 0),
(3238, 18, 94, 'NULL', 0, 'NULL', 'NULL', 'NULL', 'NULL', '', 0, 0),
(3239, 18, 95, 'NULL', 0, 'NULL', 'NULL', 'NULL', 'NULL', '', 0, 0),
(3240, 18, 96, 'NULL', 0, 'NULL', 'NULL', 'NULL', 'NULL', '', 0, 0),
(3241, 18, 97, 'NULL', 0, 'NULL', 'NULL', 'NULL', 'NULL', '', 0, 0),
(3242, 18, 98, 'NULL', 0, 'NULL', 'NULL', 'NULL', 'NULL', '', 0, 0),
(3243, 18, 99, 'NULL', 0, 'NULL', 'NULL', 'NULL', 'NULL', '', 0, 0),
(3244, 18, 100, 'NULL', 0, 'NULL', 'NULL', 'NULL', 'NULL', '', 0, 0),
(3245, 18, 101, 'NULL', 0, 'NULL', 'NULL', 'NULL', 'NULL', '', 0, 0),
(3246, 18, 102, 'NULL', 0, 'NULL', '', 'NULL', 'NULL', 'NULL', 0, 0),
(3247, 18, 103, 'NULL', 0, 'NULL', '', 'NULL', 'NULL', 'NULL', 0, 0),
(3248, 18, 104, 'NULL', 0, 'NULL', 'NULL', 'NULL', 'NULL', '', 0, 0),
(3249, 18, 105, 'NULL', 1, 'NULL', 'NULL', 'NULL', 'NULL', '15 dias atrás ', 0, 0),
(3250, 18, 106, 'NULL', 0, 'NULL', 'NULL', 'NULL', 'NULL', '', 0, 0),
(3251, 18, 1, 'NULL', 1, 'Hipertensão Arterial, Câncer  ', 'NULL', 'NULL', 'NULL', 'NULL', 0, 0),
(3252, 18, 2, 'NULL', 0, 'NULL', 'NULL', 'NULL', 'NULL', 'NULL', 0, 0),
(3253, 18, 3, 'Pneumonia (pai), não sabe a causa exata (mãe)', 0, 'NULL', 'NULL', 'NULL', 'NULL', 'NULL', 0, 0),
(3254, 18, 4, '5', 0, 'NULL', 'NULL', 'NULL', 'NULL', 'NULL', 0, 0),
(3255, 18, 5, '2', 0, 'NULL', 'NULL', 'NULL', 'NULL', 'NULL', 0, 0),
(3256, 18, 6, 'Câncer e Embolia ', 0, 'NULL', 'NULL', 'NULL', 'NULL', 'NULL', 0, 0),
(3257, 18, 7, '5', 0, 'NULL', 'NULL', 'NULL', 'NULL', 'NULL', 0, 0),
(3258, 18, 8, '0', 0, 'NULL', 'NULL', 'NULL', 'NULL', 'NULL', 0, 0),
(3259, 18, 9, '', 0, 'NULL', 'NULL', 'NULL', 'NULL', 'NULL', 0, 0),
(3260, 18, 115, 'Casa própia. Sanamento básico, boa alimentação.', 0, 'NULL', 'NULL', 'NULL', 'NULL', 'NULL', 0, 0),
(3261, 18, 116, 'NULL', 0, 'NULL', 'NULL', 'NULL', 'NULL', 'NULL', 0, 0),
(3262, 18, 117, '', 0, 'NULL', 'NULL', 'NULL', 'NULL', 'NULL', 0, 0),
(3263, 18, 118, '', 0, 'NULL', 'NULL', 'NULL', 'NULL', 'NULL', 0, 0),
(3264, 18, 119, '', 0, 'NULL', 'NULL', 'NULL', 'NULL', 'NULL', 0, 0),
(3265, 18, 120, 'NULL', 0, 'NULL', 'NULL', 'NULL', 'NULL', 'NULL', 0, 0),
(3266, 18, 121, '', 0, 'NULL', 'NULL', 'NULL', 'NULL', 'NULL', 0, 0),
(3267, 18, 122, '', 0, 'NULL', 'NULL', 'NULL', 'NULL', 'NULL', 0, 0),
(3268, 18, 123, '', 0, 'NULL', 'NULL', 'NULL', 'NULL', 'NULL', 0, 0),
(3269, 18, 124, '', 0, 'NULL', 'NULL', 'NULL', 'NULL', 'NULL', 0, 0),
(3270, 18, 125, 'NULL', 0, 'NULL', 'NULL', 'NULL', 'NULL', 'NULL', 0, 0),
(3271, 18, 126, '', 0, 'NULL', 'NULL', 'NULL', 'NULL', 'NULL', 0, 0),
(3272, 18, 127, '', 0, 'NULL', 'NULL', 'NULL', 'NULL', 'NULL', 0, 0),
(3273, 18, 128, '', 0, 'NULL', 'NULL', 'NULL', 'NULL', 'NULL', 0, 0),
(3274, 18, 129, '', 0, 'NULL', 'NULL', 'NULL', 'NULL', 'NULL', 0, 0),
(3275, 18, 130, '', 0, 'NULL', 'NULL', 'NULL', 'NULL', 'NULL', 0, 0),
(3276, 18, 131, 'NULL', 1, 'NULL', 'NULL', '', 'NULL', 'NULL', 6, 0),
(3277, 18, 132, 'NULL', 1, 'NULL', 'NULL', 'NULL', 'Liang gong, ginástica, caminhada ', 'NULL', 0, 0),
(3278, 18, 133, 'NULL', 1, 'NULL', 'NULL', 'NULL', '', 'NULL', 0, 0),
(3279, 18, 134, 'Filhos ', 0, 'NULL', 'NULL', 'NULL', 'NULL', 'NULL', 0, 0),
(3280, 18, 135, 'NULL', 0, 'NULL', 'NULL', 'NULL', '', 'NULL', 0, 0),
(3281, 18, 136, 'NULL', 0, 'NULL', 'NULL', 'NULL', '', 'NULL', 0, 0),
(3282, 18, 137, 'NULL', 0, 'NULL', 'NULL', 'NULL', '', 'NULL', 0, 0),
(3283, 18, 138, 'NULL', 0, 'NULL', 'NULL', 'NULL', '', 'NULL', 0, 0),
(3284, 18, 139, 'NULL', 1, 'caminhada, ginástica, liang gong', 'NULL', 'NULL', 'NULL', 'NULL', 0, 0),
(3285, 18, 140, '1x toda manhã ', 0, 'NULL', 'NULL', 'NULL', 'NULL', 'NULL', 0, 0),
(3286, 18, 141, 'Normal ', 0, 'NULL', 'NULL', 'NULL', 'NULL', 'NULL', 0, 0),
(3287, 18, 142, 'NULL', 0, 'NULL', 'NULL', 'NULL', 'NULL', 'NULL', 0, 0),
(3288, 18, 143, 'NULL', 0, 'NULL', 'NULL', 'NULL', 'NULL', 'NULL', 0, 0),
(3289, 18, 144, '', 0, 'NULL', 'NULL', 'NULL', 'NULL', 'NULL', 0, 0),
(3290, 18, 145, 'NULL', 1, 'NULL', 'NULL', 'NULL', 'NULL', '', 0, 0),
(3291, 18, 146, 'NULL', 0, 'NULL', 'NULL', 'NULL', '', 'NULL', 0, 0),
(3292, 18, 147, '120x80 mmHg', 0, 'NULL', 'NULL', 'NULL', 'NULL', 'NULL', 0, 0),
(3293, 18, 148, '36.5 ºC', 0, 'NULL', 'NULL', 'NULL', 'NULL', 'NULL', 0, 0),
(3294, 18, 149, '60', 0, 'NULL', 'NULL', 'NULL', 'NULL', 'NULL', 0, 0),
(3295, 18, 150, '16', 0, 'NULL', 'NULL', 'NULL', 'NULL', 'NULL', 0, 0),
(3296, 18, 151, 'NULL', 0, 'NULL', 'NULL', 'NULL', 'NULL', 'NULL', 0, 1),
(3297, 18, 152, '30.41  Circunferência abdominal: 109.5', 0, 'NULL', 'NULL', 'NULL', 'NULL', 'NULL', 0, 0),
(3298, 18, 153, '74 Kg', 0, 'NULL', 'NULL', 'NULL', 'NULL', 'NULL', 0, 0),
(3299, 18, 154, '1,56 cm', 0, 'NULL', 'NULL', 'NULL', 'NULL', 'NULL', 0, 0),
(3300, 18, 155, 'NULL', 0, 'NULL', 'NULL', 'NULL', 'NULL', '', 0, 0),
(3301, 18, 156, 'NULL', 0, 'NULL', 'NULL', 'NULL', 'NULL', '', 0, 0),
(3302, 18, 157, 'NULL', 0, 'NULL', 'NULL', 'NULL', 'NULL', '', 0, 0),
(3303, 18, 158, 'NULL', 0, 'NULL', 'NULL', 'NULL', 'NULL', '', 0, 0),
(3304, 18, 159, 'NULL', 0, 'NULL', 'NULL', 'NULL', 'NULL', '', 0, 0),
(3305, 18, 160, 'NULL', 0, 'NULL', 'NULL', 'NULL', 'NULL', '', 0, 0),
(3306, 18, 161, 'NULL', 0, 'NULL', 'NULL', 'NULL', 'NULL', '', 0, 0),
(3307, 18, 162, 'NULL', 0, 'NULL', 'NULL', 'NULL', 'NULL', '', 0, 0),
(3308, 18, 163, 'NULL', 0, 'NULL', 'NULL', 'NULL', 'NULL', '', 0, 0),
(3309, 18, 164, 'NULL', 0, 'NULL', 'NULL', 'NULL', 'NULL', '', 0, 0),
(3310, 18, 165, 'NULL', 0, 'NULL', 'NULL', 'NULL', 'NULL', '', 0, 0),
(3311, 18, 166, 'NULL', 0, 'NULL', 'NULL', 'NULL', 'NULL', '', 0, 0),
(3312, 18, 167, 'NULL', 0, 'NULL', 'NULL', '', 'NULL', 'NULL', 0, 3),
(3313, 18, 168, 'NULL', 0, 'NULL', 'NULL', 'NULL', 'NULL', 'NULL', 0, 0),
(3314, 18, 169, 'NULL', 0, 'NULL', 'NULL', 'NULL', 'NULL', 'NULL', 0, 11),
(3315, 18, 170, 'NULL', 0, 'NULL', 'NULL', 'NULL', 'NULL', 'NULL', 0, 13),
(3316, 18, 171, 'NULL', 0, 'NULL', 'NULL', 'NULL', 'NULL', 'NULL', 0, 0),
(3317, 18, 172, 'NULL', 1, 'NULL', 'NULL', 'NULL', 'NULL', 'NULL', 0, 0),
(3318, 18, 173, 'NULL', 0, 'NULL', 'NULL', 'NULL', 'NULL', 'NULL', 0, 19),
(3319, 18, 174, '', 0, 'NULL', 'NULL', 'NULL', 'NULL', 'NULL', 0, 0),
(3320, 18, 175, '', 0, 'NULL', 'NULL', 'NULL', 'NULL', 'NULL', 0, 0),
(3321, 18, 176, 'NULL', 0, 'NULL', 'NULL', 'NULL', 'NULL', '', 0, 0),
(3322, 18, 177, 'NULL', 0, 'NULL', 'NULL', 'NULL', 'NULL', '', 0, 0),
(3323, 18, 178, 'NULL', 0, 'NULL', 'NULL', 'NULL', 'NULL', '', 0, 0),
(3324, 18, 179, 'NULL', 0, 'NULL', 'NULL', 'NULL', 'NULL', '', 0, 0),
(3325, 18, 180, 'NULL', 0, 'NULL', 'NULL', 'NULL', 'NULL', '', 0, 0),
(3326, 18, 181, 'NULL', 0, 'NULL', 'NULL', 'NULL', 'NULL', '', 0, 0),
(3327, 18, 182, 'NULL', 0, 'NULL', 'NULL', 'NULL', 'NULL', '', 0, 0),
(3328, 18, 183, 'NULL', 0, 'NULL', 'NULL', 'NULL', 'NULL', '', 0, 0),
(3329, 18, 184, 'NULL', 0, 'NULL', 'NULL', 'NULL', 'NULL', '', 0, 0),
(3330, 18, 185, 'NULL', 0, 'NULL', 'NULL', 'NULL', 'NULL', 'Não avaliado ', 0, 0),
(3331, 19, 107, 'Nenhuma', 0, 'NULL', 'NULL', 'NULL', 'NULL', 'NULL', 0, 0),
(3332, 19, 108, 'NULL', 0, 'NULL', 'NULL', 'NULL', 'NULL', 'Claus H, Sinvastatina, Glucosamina e Cálcio ', 0, 0),
(3333, 19, 109, 'Nenhuma Alteração ', 0, 'NULL', 'NULL', 'NULL', 'NULL', 'NULL', 0, 0),
(3334, 19, 110, 'NULL', 0, 'NULL', 'NULL', '', 'NULL', 'NULL', 0, 0),
(3335, 19, 111, 'NULL', 0, 'NULL', 'NULL', 'NULL', 'NULL', '', 0, 0),
(3336, 19, 112, 'NULL', 0, 'Bexiga, catarata ', '20 anos - 5 anos ', 'NULL', 'NULL', 'NULL', 0, 0),
(3337, 19, 113, 'Março 2017', 0, 'NULL', 'NULL', 'NULL', 'NULL', 'NULL', 0, 0),
(3338, 19, 114, 'NULL', 0, '', 'NULL', 'NULL', 'NULL', 'NULL', 0, 0),
(3339, 19, 10, 'NULL', 0, 'NULL', 'NULL', 'NULL', 'NULL', '', 0, 0),
(3340, 19, 11, 'NULL', 0, 'NULL', 'NULL', 'NULL', 'NULL', '', 0, 0),
(3341, 19, 12, 'NULL', 0, 'NULL', 'NULL', 'NULL', 'NULL', 'Controlada ', 0, 0),
(3342, 19, 13, 'NULL', 0, 'NULL', 'NULL', 'NULL', 'NULL', '', 0, 0),
(3343, 19, 14, 'NULL', 0, 'NULL', 'NULL', 'NULL', 'NULL', '', 0, 0),
(3344, 19, 15, 'NULL', 0, 'NULL', 'NULL', 'NULL', 'NULL', '', 0, 0),
(3345, 19, 16, 'NULL', 0, 'NULL', 'NULL', 'NULL', 'NULL', '', 0, 0),
(3346, 19, 17, 'NULL', 0, 'NULL', 'NULL', 'NULL', 'NULL', '', 0, 0),
(3347, 19, 18, 'NULL', 0, 'NULL', 'NULL', 'NULL', 'NULL', '', 0, 0),
(3348, 19, 19, 'NULL', 0, 'NULL', 'NULL', 'NULL', 'NULL', '', 0, 0),
(3349, 19, 20, 'NULL', 0, 'NULL', 'NULL', 'NULL', 'NULL', '', 0, 0),
(3350, 19, 21, 'NULL', 0, 'NULL', 'NULL', 'NULL', 'NULL', '', 0, 0),
(3351, 19, 22, 'NULL', 0, 'NULL', 'NULL', 'NULL', 'NULL', '', 0, 0),
(3352, 19, 23, 'NULL', 0, 'NULL', 'NULL', 'NULL', 'NULL', '', 0, 0),
(3353, 19, 24, 'NULL', 0, 'NULL', 'NULL', 'NULL', 'NULL', '', 0, 0),
(3354, 19, 25, 'NULL', 0, 'NULL', 'NULL', 'NULL', 'NULL', '', 0, 0),
(3355, 19, 26, 'NULL', 0, 'NULL', 'NULL', 'NULL', 'NULL', '', 0, 0),
(3356, 19, 27, 'NULL', 0, 'NULL', 'NULL', 'NULL', 'NULL', '', 0, 0),
(3357, 19, 28, 'NULL', 0, 'NULL', 'NULL', 'NULL', 'NULL', 'As vezes de noite, mas pouco ', 0, 0),
(3358, 19, 29, 'NULL', 0, 'NULL', 'NULL', 'NULL', 'NULL', '', 0, 0),
(3359, 19, 30, 'NULL', 0, 'NULL', 'NULL', 'NULL', 'NULL', '', 0, 0),
(3360, 19, 31, 'NULL', 0, 'NULL', 'NULL', 'NULL', 'NULL', '', 0, 0),
(3361, 19, 32, 'NULL', 0, 'NULL', 'NULL', 'NULL', 'NULL', '', 0, 0),
(3362, 19, 33, 'NULL', 0, 'NULL', 'NULL', 'NULL', 'NULL', '', 0, 0),
(3363, 19, 34, 'NULL', 0, 'NULL', 'NULL', 'NULL', 'NULL', '', 0, 0),
(3364, 19, 35, 'NULL', 0, 'NULL', 'NULL', 'NULL', 'NULL', '', 0, 0),
(3365, 19, 36, 'NULL', 0, 'NULL', 'NULL', 'NULL', 'NULL', '', 0, 0),
(3366, 19, 37, 'NULL', 0, 'NULL', 'NULL', 'NULL', 'NULL', '', 0, 0),
(3367, 19, 38, 'NULL', 0, 'NULL', 'NULL', 'NULL', 'NULL', '', 0, 0),
(3368, 19, 39, 'NULL', 0, 'NULL', 'NULL', 'NULL', 'NULL', 'Não tem mais ', 0, 0),
(3369, 19, 40, 'NULL', 0, 'NULL', 'NULL', 'NULL', 'NULL', '', 0, 0),
(3370, 19, 41, 'NULL', 0, 'NULL', 'NULL', 'NULL', 'NULL', '', 0, 0),
(3371, 19, 42, 'NULL', 0, 'NULL', 'NULL', 'NULL', 'NULL', '', 0, 0),
(3372, 19, 43, 'NULL', 0, 'NULL', 'NULL', 'NULL', 'NULL', '', 0, 0),
(3373, 19, 44, 'NULL', 0, 'NULL', 'NULL', 'NULL', 'NULL', '', 0, 0),
(3374, 19, 45, 'NULL', 0, 'NULL', 'NULL', 'NULL', 'NULL', '', 0, 0),
(3375, 19, 46, 'NULL', 0, 'NULL', 'NULL', 'NULL', 'NULL', '', 0, 0),
(3376, 19, 47, 'NULL', 0, 'NULL', 'NULL', 'NULL', 'NULL', '', 0, 0),
(3377, 19, 48, 'NULL', 0, 'NULL', 'NULL', 'NULL', 'NULL', '', 0, 0),
(3378, 19, 49, 'NULL', 0, 'NULL', 'NULL', 'NULL', 'NULL', '', 0, 0),
(3379, 19, 50, 'NULL', 0, 'NULL', 'NULL', 'NULL', 'NULL', '', 0, 0),
(3380, 19, 51, 'NULL', 0, 'NULL', 'NULL', 'NULL', 'NULL', '', 0, 0),
(3381, 19, 52, 'NULL', 0, 'NULL', 'NULL', 'NULL', 'NULL', '', 0, 0),
(3382, 19, 53, 'NULL', 0, 'NULL', 'NULL', 'NULL', 'NULL', '', 0, 0),
(3383, 19, 54, 'NULL', 0, 'NULL', 'NULL', 'NULL', 'NULL', '', 0, 0),
(3384, 19, 55, 'NULL', 0, 'NULL', 'NULL', 'NULL', 'NULL', '', 0, 0),
(3385, 19, 56, 'NULL', 0, 'NULL', 'NULL', 'NULL', 'NULL', '', 0, 0),
(3386, 19, 57, 'NULL', 0, 'NULL', 'NULL', 'NULL', 'NULL', '', 0, 0),
(3387, 19, 58, 'NULL', 0, 'NULL', 'NULL', 'NULL', 'NULL', '', 0, 0),
(3388, 19, 59, 'NULL', 0, 'NULL', 'NULL', 'NULL', 'NULL', '', 0, 0),
(3389, 19, 60, 'NULL', 0, 'NULL', 'NULL', 'NULL', 'NULL', '', 0, 0),
(3390, 19, 61, 'NULL', 0, 'NULL', 'NULL', 'NULL', 'NULL', '', 0, 0),
(3391, 19, 62, 'NULL', 0, 'NULL', 'NULL', 'NULL', 'NULL', '', 0, 0),
(3392, 19, 63, 'NULL', 0, 'NULL', 'NULL', 'NULL', 'NULL', '', 0, 0),
(3393, 19, 64, 'NULL', 0, 'NULL', 'NULL', 'NULL', 'NULL', '', 0, 0),
(3394, 19, 65, 'NULL', 0, 'NULL', 'NULL', 'NULL', 'NULL', '', 0, 0),
(3395, 19, 66, 'NULL', 0, 'NULL', 'NULL', 'NULL', 'NULL', '', 0, 0),
(3396, 19, 67, 'NULL', 0, 'NULL', 'NULL', 'NULL', 'NULL', '', 0, 0),
(3397, 19, 68, 'NULL', 0, 'NULL', 'NULL', 'NULL', 'NULL', '', 0, 0),
(3398, 19, 69, 'NULL', 0, 'NULL', 'NULL', 'NULL', 'NULL', '', 0, 0),
(3399, 19, 70, 'NULL', 0, 'NULL', 'NULL', 'NULL', 'NULL', '', 0, 0),
(3400, 19, 71, 'NULL', 0, 'NULL', 'NULL', 'NULL', 'NULL', '', 0, 0),
(3401, 19, 72, 'NULL', 0, 'NULL', 'NULL', 'NULL', 'NULL', '', 0, 0),
(3402, 19, 73, 'NULL', 0, 'NULL', 'NULL', 'NULL', 'NULL', '', 0, 0),
(3403, 19, 74, 'NULL', 0, 'NULL', 'NULL', 'NULL', 'NULL', '', 0, 0),
(3404, 19, 75, 'NULL', 0, 'NULL', 'NULL', 'NULL', 'NULL', 'Mais de 30 anos atrás ', 0, 0),
(3405, 19, 76, 'NULL', 0, 'NULL', 'NULL', 'NULL', 'NULL', '', 0, 0),
(3406, 19, 77, 'NULL', 0, 'NULL', 'NULL', 'NULL', 'NULL', 'Baixo. Utiliza aparelho', 0, 0),
(3407, 19, 78, 'NULL', 0, 'NULL', 'NULL', 'NULL', 'NULL', '', 0, 0),
(3408, 19, 79, 'NULL', 0, 'NULL', 'NULL', 'NULL', 'NULL', '', 0, 0),
(3409, 19, 80, 'NULL', 0, 'NULL', 'NULL', 'NULL', 'NULL', '', 0, 0),
(3410, 19, 81, 'NULL', 0, 'NULL', 'NULL', 'NULL', 'NULL', '', 0, 0),
(3411, 19, 82, 'NULL', 0, 'NULL', 'NULL', 'NULL', 'NULL', '', 0, 0),
(3412, 19, 83, 'NULL', 0, 'NULL', 'NULL', 'NULL', 'NULL', '', 0, 0),
(3413, 19, 84, 'NULL', 0, 'NULL', 'NULL', 'NULL', 'NULL', '', 0, 0),
(3414, 19, 85, 'NULL', 0, 'NULL', 'NULL', 'NULL', 'NULL', '', 0, 0),
(3415, 19, 86, 'NULL', 0, 'NULL', 'NULL', 'NULL', 'NULL', '', 0, 0),
(3416, 19, 87, 'NULL', 0, 'NULL', 'NULL', 'NULL', 'NULL', '', 0, 0),
(3417, 19, 88, 'NULL', 0, 'NULL', 'NULL', 'NULL', 'NULL', '', 0, 0),
(3418, 19, 89, 'NULL', 0, 'NULL', 'NULL', 'NULL', 'NULL', '', 0, 0),
(3419, 19, 90, 'NULL', 0, 'NULL', 'NULL', 'NULL', 'NULL', '', 0, 0),
(3420, 19, 91, 'NULL', 0, 'NULL', 'NULL', 'NULL', 'NULL', '', 0, 0),
(3421, 19, 92, 'NULL', 0, 'NULL', 'NULL', 'NULL', 'NULL', '', 0, 0),
(3422, 19, 93, 'NULL', 0, 'NULL', 'NULL', 'NULL', 'NULL', '', 0, 0),
(3423, 19, 94, 'NULL', 0, 'NULL', 'NULL', 'NULL', 'NULL', '', 0, 0),
(3424, 19, 95, 'NULL', 0, 'NULL', 'NULL', 'NULL', 'NULL', '', 0, 0),
(3425, 19, 96, 'NULL', 0, 'NULL', 'NULL', 'NULL', 'NULL', '', 0, 0),
(3426, 19, 97, 'NULL', 0, 'NULL', 'NULL', 'NULL', 'NULL', '', 0, 0),
(3427, 19, 98, 'NULL', 0, 'NULL', 'NULL', 'NULL', 'NULL', '', 0, 0),
(3428, 19, 99, 'NULL', 0, 'NULL', 'NULL', 'NULL', 'NULL', '', 0, 0),
(3429, 19, 100, 'NULL', 0, 'NULL', 'NULL', 'NULL', 'NULL', '', 0, 0),
(3430, 19, 101, 'NULL', 0, 'NULL', 'NULL', 'NULL', 'NULL', '', 0, 0),
(3431, 19, 102, 'NULL', 0, 'NULL', '', 'NULL', 'NULL', 'NULL', 0, 0),
(3432, 19, 103, 'NULL', 0, 'NULL', '', 'NULL', 'NULL', 'NULL', 0, 0),
(3433, 19, 104, 'NULL', 0, 'NULL', 'NULL', 'NULL', 'NULL', '', 0, 0),
(3434, 19, 105, 'NULL', 0, 'NULL', 'NULL', 'NULL', 'NULL', '15 dias atrás ', 0, 0),
(3435, 19, 106, 'NULL', 0, 'NULL', 'NULL', 'NULL', 'NULL', '', 0, 0),
(3436, 19, 1, 'NULL', 0, 'Hipertensão Arterial, Câncer  ', 'NULL', 'NULL', 'NULL', 'NULL', 0, 0),
(3437, 19, 2, 'NULL', 0, 'NULL', 'NULL', 'NULL', 'NULL', 'NULL', 0, 0),
(3438, 19, 3, 'Pneumonia (pai), não sabe a causa exata (mãe)', 0, 'NULL', 'NULL', 'NULL', 'NULL', 'NULL', 0, 0),
(3439, 19, 4, '5', 0, 'NULL', 'NULL', 'NULL', 'NULL', 'NULL', 0, 0),
(3440, 19, 5, '2', 0, 'NULL', 'NULL', 'NULL', 'NULL', 'NULL', 0, 0),
(3441, 19, 6, 'Câncer e Embolia ', 0, 'NULL', 'NULL', 'NULL', 'NULL', 'NULL', 0, 0),
(3442, 19, 7, '5', 0, 'NULL', 'NULL', 'NULL', 'NULL', 'NULL', 0, 0),
(3443, 19, 8, '0', 0, 'NULL', 'NULL', 'NULL', 'NULL', 'NULL', 0, 0),
(3444, 19, 9, '', 0, 'NULL', 'NULL', 'NULL', 'NULL', 'NULL', 0, 0),
(3445, 19, 115, 'Casa própia. Sanamento básico, boa alimentação.', 0, 'NULL', 'NULL', 'NULL', 'NULL', 'NULL', 0, 0),
(3446, 19, 116, 'NULL', 0, 'NULL', 'NULL', 'NULL', 'NULL', 'NULL', 0, 0),
(3447, 19, 117, '', 0, 'NULL', 'NULL', 'NULL', 'NULL', 'NULL', 0, 0),
(3448, 19, 118, '', 0, 'NULL', 'NULL', 'NULL', 'NULL', 'NULL', 0, 0),
(3449, 19, 119, '', 0, 'NULL', 'NULL', 'NULL', 'NULL', 'NULL', 0, 0),
(3450, 19, 120, 'NULL', 0, 'NULL', 'NULL', 'NULL', 'NULL', 'NULL', 0, 0),
(3451, 19, 121, '', 0, 'NULL', 'NULL', 'NULL', 'NULL', 'NULL', 0, 0),
(3452, 19, 122, '', 0, 'NULL', 'NULL', 'NULL', 'NULL', 'NULL', 0, 0),
(3453, 19, 123, '', 0, 'NULL', 'NULL', 'NULL', 'NULL', 'NULL', 0, 0),
(3454, 19, 124, '', 0, 'NULL', 'NULL', 'NULL', 'NULL', 'NULL', 0, 0),
(3455, 19, 125, 'NULL', 0, 'NULL', 'NULL', 'NULL', 'NULL', 'NULL', 0, 0),
(3456, 19, 126, '', 0, 'NULL', 'NULL', 'NULL', 'NULL', 'NULL', 0, 0),
(3457, 19, 127, '', 0, 'NULL', 'NULL', 'NULL', 'NULL', 'NULL', 0, 0),
(3458, 19, 128, '', 0, 'NULL', 'NULL', 'NULL', 'NULL', 'NULL', 0, 0),
(3459, 19, 129, '', 0, 'NULL', 'NULL', 'NULL', 'NULL', 'NULL', 0, 0),
(3460, 19, 130, '', 0, 'NULL', 'NULL', 'NULL', 'NULL', 'NULL', 0, 0),
(3461, 19, 131, 'NULL', 0, 'NULL', 'NULL', '', 'NULL', 'NULL', 6, 0),
(3462, 19, 132, 'NULL', 0, 'NULL', 'NULL', 'NULL', 'Liang gong, ginástica, caminhada ', 'NULL', 0, 0),
(3463, 19, 133, 'NULL', 0, 'NULL', 'NULL', 'NULL', '', 'NULL', 0, 0),
(3464, 19, 134, 'Filhos ', 0, 'NULL', 'NULL', 'NULL', 'NULL', 'NULL', 0, 0),
(3465, 19, 135, 'NULL', 0, 'NULL', 'NULL', 'NULL', '', 'NULL', 0, 0),
(3466, 19, 136, 'NULL', 0, 'NULL', 'NULL', 'NULL', '', 'NULL', 0, 0),
(3467, 19, 137, 'NULL', 0, 'NULL', 'NULL', 'NULL', '', 'NULL', 0, 0),
(3468, 19, 138, 'NULL', 0, 'NULL', 'NULL', 'NULL', '', 'NULL', 0, 0),
(3469, 19, 139, 'NULL', 0, 'caminhada, ginástica, liang gong', 'NULL', 'NULL', 'NULL', 'NULL', 0, 0),
(3470, 19, 140, '1x toda manhã ', 0, 'NULL', 'NULL', 'NULL', 'NULL', 'NULL', 0, 0),
(3471, 19, 141, 'Normal ', 0, 'NULL', 'NULL', 'NULL', 'NULL', 'NULL', 0, 0),
(3472, 19, 142, 'NULL', 0, 'NULL', 'NULL', 'NULL', 'NULL', 'NULL', 0, 0),
(3473, 19, 143, 'NULL', 0, 'NULL', 'NULL', 'NULL', 'NULL', 'NULL', 0, 0),
(3474, 19, 144, '', 0, 'NULL', 'NULL', 'NULL', 'NULL', 'NULL', 0, 0),
(3475, 19, 145, 'NULL', 0, 'NULL', 'NULL', 'NULL', 'NULL', '', 0, 0),
(3476, 19, 146, 'NULL', 0, 'NULL', 'NULL', 'NULL', '', 'NULL', 0, 0),
(3477, 19, 147, '120x80 mmHg', 0, 'NULL', 'NULL', 'NULL', 'NULL', 'NULL', 0, 0),
(3478, 19, 148, '36.5 ºC', 0, 'NULL', 'NULL', 'NULL', 'NULL', 'NULL', 0, 0),
(3479, 19, 149, '60', 0, 'NULL', 'NULL', 'NULL', 'NULL', 'NULL', 0, 0),
(3480, 19, 150, '16', 0, 'NULL', 'NULL', 'NULL', 'NULL', 'NULL', 0, 0),
(3481, 19, 151, 'NULL', 0, 'NULL', 'NULL', 'NULL', 'NULL', 'NULL', 0, 1),
(3482, 19, 152, '30.41  Circunferência abdominal: 109.5', 0, 'NULL', 'NULL', 'NULL', 'NULL', 'NULL', 0, 0),
(3483, 19, 153, '74 Kg', 0, 'NULL', 'NULL', 'NULL', 'NULL', 'NULL', 0, 0),
(3484, 19, 154, '1,56 cm', 0, 'NULL', 'NULL', 'NULL', 'NULL', 'NULL', 0, 0),
(3485, 19, 155, 'NULL', 0, 'NULL', 'NULL', 'NULL', 'NULL', '', 0, 0),
(3486, 19, 156, 'NULL', 0, 'NULL', 'NULL', 'NULL', 'NULL', '', 0, 0),
(3487, 19, 157, 'NULL', 0, 'NULL', 'NULL', 'NULL', 'NULL', '', 0, 0),
(3488, 19, 158, 'NULL', 0, 'NULL', 'NULL', 'NULL', 'NULL', '', 0, 0),
(3489, 19, 159, 'NULL', 0, 'NULL', 'NULL', 'NULL', 'NULL', '', 0, 0),
(3490, 19, 160, 'NULL', 0, 'NULL', 'NULL', 'NULL', 'NULL', '', 0, 0),
(3491, 19, 161, 'NULL', 0, 'NULL', 'NULL', 'NULL', 'NULL', '', 0, 0),
(3492, 19, 162, 'NULL', 0, 'NULL', 'NULL', 'NULL', 'NULL', '', 0, 0),
(3493, 19, 163, 'NULL', 0, 'NULL', 'NULL', 'NULL', 'NULL', '', 0, 0),
(3494, 19, 164, 'NULL', 0, 'NULL', 'NULL', 'NULL', 'NULL', '', 0, 0),
(3495, 19, 165, 'NULL', 0, 'NULL', 'NULL', 'NULL', 'NULL', '', 0, 0),
(3496, 19, 166, 'NULL', 0, 'NULL', 'NULL', 'NULL', 'NULL', '', 0, 0),
(3497, 19, 167, 'NULL', 0, 'NULL', 'NULL', '', 'NULL', 'NULL', 0, 3),
(3498, 19, 168, 'NULL', 0, 'NULL', 'NULL', 'NULL', 'NULL', 'NULL', 0, 0),
(3499, 19, 169, 'NULL', 0, 'NULL', 'NULL', 'NULL', 'NULL', 'NULL', 0, 11),
(3500, 19, 170, 'NULL', 0, 'NULL', 'NULL', 'NULL', 'NULL', 'NULL', 0, 13),
(3501, 19, 171, 'NULL', 0, 'NULL', 'NULL', 'NULL', 'NULL', 'NULL', 0, 0),
(3502, 19, 172, 'NULL', 0, 'NULL', 'NULL', 'NULL', 'NULL', 'NULL', 0, 0),
(3503, 19, 173, 'NULL', 0, 'NULL', 'NULL', 'NULL', 'NULL', 'NULL', 0, 19),
(3504, 19, 174, '', 0, 'NULL', 'NULL', 'NULL', 'NULL', 'NULL', 0, 0),
(3505, 19, 175, '', 0, 'NULL', 'NULL', 'NULL', 'NULL', 'NULL', 0, 0),
(3506, 19, 176, 'NULL', 0, 'NULL', 'NULL', 'NULL', 'NULL', '', 0, 0),
(3507, 19, 177, 'NULL', 0, 'NULL', 'NULL', 'NULL', 'NULL', '', 0, 0),
(3508, 19, 178, 'NULL', 0, 'NULL', 'NULL', 'NULL', 'NULL', '', 0, 0),
(3509, 19, 179, 'NULL', 0, 'NULL', 'NULL', 'NULL', 'NULL', '', 0, 0),
(3510, 19, 180, 'NULL', 0, 'NULL', 'NULL', 'NULL', 'NULL', '', 0, 0),
(3511, 19, 181, 'NULL', 0, 'NULL', 'NULL', 'NULL', 'NULL', '', 0, 0),
(3512, 19, 182, 'NULL', 0, 'NULL', 'NULL', 'NULL', 'NULL', '', 0, 0),
(3513, 19, 183, 'NULL', 0, 'NULL', 'NULL', 'NULL', 'NULL', '', 0, 0),
(3514, 19, 184, 'NULL', 0, 'NULL', 'NULL', 'NULL', 'NULL', '', 0, 0),
(3515, 19, 185, 'NULL', 0, 'NULL', 'NULL', 'NULL', 'NULL', 'Não avaliado ', 0, 0),
(3516, 20, 107, 'Que o projeto ajude nas suas patologias', 0, 'NULL', 'NULL', 'NULL', 'NULL', 'NULL', 0, 0),
(3517, 20, 108, 'NULL', 0, 'NULL', 'NULL', 'NULL', 'NULL', 'Hipretensão, Diabetes', 0, 0),
(3518, 20, 109, 'Hipretensão, Diabetes', 0, 'NULL', 'NULL', 'NULL', 'NULL', 'NULL', 0, 0),
(3519, 20, 110, 'NULL', 0, 'NULL', 'NULL', '', 'NULL', 'NULL', 0, 0),
(3520, 20, 111, 'NULL', 0, 'NULL', 'NULL', 'NULL', 'NULL', '', 0, 0),
(3521, 20, 112, 'NULL', 0, '', '', 'NULL', 'NULL', 'NULL', 0, 0),
(3522, 20, 113, '31/03/2017 Para check out', 0, 'NULL', 'NULL', 'NULL', 'NULL', 'NULL', 0, 0),
(3523, 20, 114, 'NULL', 1, 'metiformina, AAS, Clorana', 'NULL', 'NULL', 'NULL', 'NULL', 0, 0),
(3524, 20, 10, 'NULL', 0, 'NULL', 'NULL', 'NULL', 'NULL', '', 0, 0),
(3525, 20, 11, 'NULL', 0, 'NULL', 'NULL', 'NULL', 'NULL', '', 0, 0),
(3526, 20, 12, 'NULL', 1, 'NULL', 'NULL', 'NULL', 'NULL', '1', 0, 0),
(3527, 20, 13, 'NULL', 0, 'NULL', 'NULL', 'NULL', 'NULL', '', 0, 0),
(3528, 20, 14, 'NULL', 0, 'NULL', 'NULL', 'NULL', 'NULL', '', 0, 0),
(3529, 20, 15, 'NULL', 0, 'NULL', 'NULL', 'NULL', 'NULL', '', 0, 0),
(3530, 20, 16, 'NULL', 0, 'NULL', 'NULL', 'NULL', 'NULL', '', 0, 0),
(3531, 20, 17, 'NULL', 0, 'NULL', 'NULL', 'NULL', 'NULL', '', 0, 0),
(3532, 20, 18, 'NULL', 0, 'NULL', 'NULL', 'NULL', 'NULL', '', 0, 0),
(3533, 20, 19, 'NULL', 0, 'NULL', 'NULL', 'NULL', 'NULL', '', 0, 0),
(3534, 20, 20, 'NULL', 0, 'NULL', 'NULL', 'NULL', 'NULL', '', 0, 0),
(3535, 20, 21, 'NULL', 0, 'NULL', 'NULL', 'NULL', 'NULL', '', 0, 0),
(3536, 20, 22, 'NULL', 0, 'NULL', 'NULL', 'NULL', 'NULL', '', 0, 0),
(3537, 20, 23, 'NULL', 0, 'NULL', 'NULL', 'NULL', 'NULL', '', 0, 0),
(3538, 20, 24, 'NULL', 0, 'NULL', 'NULL', 'NULL', 'NULL', '', 0, 0),
(3539, 20, 25, 'NULL', 0, 'NULL', 'NULL', 'NULL', 'NULL', '', 0, 0),
(3540, 20, 26, 'NULL', 0, 'NULL', 'NULL', 'NULL', 'NULL', '', 0, 0),
(3541, 20, 27, 'NULL', 0, 'NULL', 'NULL', 'NULL', 'NULL', '', 0, 0),
(3542, 20, 28, 'NULL', 0, 'NULL', 'NULL', 'NULL', 'NULL', '', 0, 0),
(3543, 20, 29, 'NULL', 0, 'NULL', 'NULL', 'NULL', 'NULL', '', 0, 0),
(3544, 20, 30, 'NULL', 0, 'NULL', 'NULL', 'NULL', 'NULL', '', 0, 0),
(3545, 20, 31, 'NULL', 0, 'NULL', 'NULL', 'NULL', 'NULL', '', 0, 0),
(3546, 20, 32, 'NULL', 1, 'NULL', 'NULL', 'NULL', 'NULL', 'Quando tinha 45 anos', 0, 0),
(3547, 20, 33, 'NULL', 0, 'NULL', 'NULL', 'NULL', 'NULL', '', 0, 0),
(3548, 20, 34, 'NULL', 0, 'NULL', 'NULL', 'NULL', 'NULL', '', 0, 0),
(3549, 20, 35, 'NULL', 0, 'NULL', 'NULL', 'NULL', 'NULL', '', 0, 0),
(3550, 20, 36, 'NULL', 0, 'NULL', 'NULL', 'NULL', 'NULL', '', 0, 0),
(3551, 20, 37, 'NULL', 0, 'NULL', 'NULL', 'NULL', 'NULL', '', 0, 0),
(3552, 20, 38, 'NULL', 0, 'NULL', 'NULL', 'NULL', 'NULL', '', 0, 0),
(3553, 20, 39, 'NULL', 0, 'NULL', 'NULL', 'NULL', 'NULL', '', 0, 0),
(3554, 20, 40, 'NULL', 0, 'NULL', 'NULL', 'NULL', 'NULL', '', 0, 0),
(3555, 20, 41, 'NULL', 0, 'NULL', 'NULL', 'NULL', 'NULL', '', 0, 0),
(3556, 20, 42, 'NULL', 0, 'NULL', 'NULL', 'NULL', 'NULL', '', 0, 0),
(3557, 20, 43, 'NULL', 0, 'NULL', 'NULL', 'NULL', 'NULL', '', 0, 0),
(3558, 20, 44, 'NULL', 0, 'NULL', 'NULL', 'NULL', 'NULL', '', 0, 0),
(3559, 20, 45, 'NULL', 0, 'NULL', 'NULL', 'NULL', 'NULL', '', 0, 0),
(3560, 20, 46, 'NULL', 0, 'NULL', 'NULL', 'NULL', 'NULL', '', 0, 0),
(3561, 20, 47, 'NULL', 0, 'NULL', 'NULL', 'NULL', 'NULL', '', 0, 0),
(3562, 20, 48, 'NULL', 0, 'NULL', 'NULL', 'NULL', 'NULL', '', 0, 0),
(3563, 20, 49, 'NULL', 0, 'NULL', 'NULL', 'NULL', 'NULL', '', 0, 0),
(3564, 20, 50, 'NULL', 1, 'NULL', 'NULL', 'NULL', 'NULL', 'Há cinco anos descobriu possuir diabetes', 0, 0),
(3565, 20, 51, 'NULL', 0, 'NULL', 'NULL', 'NULL', 'NULL', '', 0, 0),
(3566, 20, 52, 'NULL', 0, 'NULL', 'NULL', 'NULL', 'NULL', '', 0, 0),
(3567, 20, 53, 'NULL', 0, 'NULL', 'NULL', 'NULL', 'NULL', '', 0, 0),
(3568, 20, 54, 'NULL', 0, 'NULL', 'NULL', 'NULL', 'NULL', '', 0, 0),
(3569, 20, 55, 'NULL', 1, 'NULL', 'NULL', 'NULL', 'NULL', 'Quando fica muitas horas sem se alimentar', 0, 0),
(3570, 20, 56, 'NULL', 0, 'NULL', 'NULL', 'NULL', 'NULL', '', 0, 0),
(3571, 20, 57, 'NULL', 0, 'NULL', 'NULL', 'NULL', 'NULL', '', 0, 0),
(3572, 20, 58, 'NULL', 0, 'NULL', 'NULL', 'NULL', 'NULL', '', 0, 0),
(3573, 20, 59, 'NULL', 0, 'NULL', 'NULL', 'NULL', 'NULL', '', 0, 0),
(3574, 20, 60, 'NULL', 0, 'NULL', 'NULL', 'NULL', 'NULL', '', 0, 0),
(3575, 20, 61, 'NULL', 0, 'NULL', 'NULL', 'NULL', 'NULL', '', 0, 0),
(3576, 20, 62, 'NULL', 1, 'NULL', 'NULL', 'NULL', 'NULL', 'Causada por ansiedade', 0, 0),
(3577, 20, 63, 'NULL', 0, 'NULL', 'NULL', 'NULL', 'NULL', '', 0, 0),
(3578, 20, 64, 'NULL', 1, 'NULL', 'NULL', 'NULL', 'NULL', 'Causada por xistose, há mais de 50 anos', 0, 0),
(3579, 20, 65, 'NULL', 0, 'NULL', 'NULL', 'NULL', 'NULL', '', 0, 0),
(3580, 20, 66, 'NULL', 0, 'NULL', 'NULL', 'NULL', 'NULL', '', 0, 0),
(3581, 20, 67, 'NULL', 0, 'NULL', 'NULL', 'NULL', 'NULL', '', 0, 0),
(3582, 20, 68, 'NULL', 0, 'NULL', 'NULL', 'NULL', 'NULL', '', 0, 0),
(3583, 20, 69, 'NULL', 0, 'NULL', 'NULL', 'NULL', 'NULL', '', 0, 0),
(3584, 20, 70, 'NULL', 0, 'NULL', 'NULL', 'NULL', 'NULL', '', 0, 0),
(3585, 20, 71, 'NULL', 0, 'NULL', 'NULL', 'NULL', 'NULL', '', 0, 0),
(3586, 20, 72, 'NULL', 1, 'NULL', 'NULL', 'NULL', 'NULL', 'Antes da cirurgia, aos 45 anos, para retirada de útero ', 0, 0),
(3587, 20, 73, 'NULL', 0, 'NULL', 'NULL', 'NULL', 'NULL', '', 0, 0),
(3588, 20, 74, 'NULL', 1, 'NULL', 'NULL', 'NULL', 'NULL', 'Trata há mais de 6 anos', 0, 0),
(3589, 20, 75, 'NULL', 0, 'NULL', 'NULL', 'NULL', 'NULL', '', 0, 0),
(3590, 20, 76, 'NULL', 0, 'NULL', 'NULL', 'NULL', 'NULL', '', 0, 0),
(3591, 20, 77, 'NULL', 0, 'NULL', 'NULL', 'NULL', 'NULL', '', 0, 0),
(3592, 20, 78, 'NULL', 0, 'NULL', 'NULL', 'NULL', 'NULL', '', 0, 0),
(3593, 20, 79, 'NULL', 0, 'NULL', 'NULL', 'NULL', 'NULL', '', 0, 0),
(3594, 20, 80, 'NULL', 0, 'NULL', 'NULL', 'NULL', 'NULL', '', 0, 0),
(3595, 20, 81, 'NULL', 0, 'NULL', 'NULL', 'NULL', 'NULL', '', 0, 0),
(3596, 20, 82, 'NULL', 1, 'NULL', 'NULL', 'NULL', 'NULL', 'Causada depois da cirurgia para retirada de útero, aos 45 anos', 0, 0),
(3597, 20, 83, 'NULL', 0, 'NULL', 'NULL', 'NULL', 'NULL', '', 0, 0),
(3598, 20, 84, 'NULL', 0, 'NULL', 'NULL', 'NULL', 'NULL', '', 0, 0),
(3599, 20, 85, 'NULL', 0, 'NULL', 'NULL', 'NULL', 'NULL', '', 0, 0),
(3600, 20, 86, 'NULL', 0, 'NULL', 'NULL', 'NULL', 'NULL', '', 0, 0),
(3601, 20, 87, 'NULL', 0, 'NULL', 'NULL', 'NULL', 'NULL', '', 0, 0),
(3602, 20, 88, 'NULL', 0, 'NULL', 'NULL', 'NULL', 'NULL', '', 0, 0),
(3603, 20, 89, 'NULL', 0, 'NULL', 'NULL', 'NULL', 'NULL', '', 0, 0),
(3604, 20, 90, 'NULL', 0, 'NULL', 'NULL', 'NULL', 'NULL', '', 0, 0),
(3605, 20, 91, 'NULL', 0, 'NULL', 'NULL', 'NULL', 'NULL', '', 0, 0),
(3606, 20, 92, 'NULL', 0, 'NULL', 'NULL', 'NULL', 'NULL', '', 0, 0),
(3607, 20, 93, 'NULL', 0, 'NULL', 'NULL', 'NULL', 'NULL', '', 0, 0),
(3608, 20, 94, 'NULL', 0, 'NULL', 'NULL', 'NULL', 'NULL', '', 0, 0),
(3609, 20, 95, 'NULL', 0, 'NULL', 'NULL', 'NULL', 'NULL', '', 0, 0),
(3610, 20, 96, 'NULL', 0, 'NULL', 'NULL', 'NULL', 'NULL', '', 0, 0),
(3611, 20, 97, 'NULL', 0, 'NULL', 'NULL', 'NULL', 'NULL', '', 0, 0),
(3612, 20, 98, 'NULL', 0, 'NULL', 'NULL', 'NULL', 'NULL', '', 0, 0),
(3613, 20, 99, 'NULL', 0, 'NULL', 'NULL', 'NULL', 'NULL', '', 0, 0),
(3614, 20, 100, 'NULL', 0, 'NULL', 'NULL', 'NULL', 'NULL', '', 0, 0),
(3615, 20, 101, 'NULL', 0, 'NULL', 'NULL', 'NULL', 'NULL', '', 0, 0),
(3616, 20, 102, 'NULL', 0, 'NULL', '', 'NULL', 'NULL', 'NULL', 0, 0),
(3617, 20, 103, 'NULL', 0, 'NULL', '', 'NULL', 'NULL', 'NULL', 0, 0),
(3618, 20, 104, 'NULL', 0, 'NULL', 'NULL', 'NULL', 'NULL', '', 0, 0),
(3619, 20, 105, 'NULL', 0, 'NULL', 'NULL', 'NULL', 'NULL', '', 0, 0),
(3620, 20, 106, 'NULL', 0, 'NULL', 'NULL', 'NULL', 'NULL', '', 0, 0),
(3621, 20, 1, 'NULL', 1, 'Hipertensão e diabetes', 'NULL', 'NULL', 'NULL', 'NULL', 0, 0),
(3622, 20, 2, 'NULL', 0, 'NULL', 'NULL', 'NULL', 'NULL', 'NULL', 0, 0),
(3623, 20, 3, 'Infarto (mãe), alccolismo (pai)', 0, 'NULL', 'NULL', 'NULL', 'NULL', 'NULL', 0, 0),
(3624, 20, 4, '13', 0, 'NULL', 'NULL', 'NULL', 'NULL', 'NULL', 0, 0),
(3625, 20, 5, '10', 0, 'NULL', 'NULL', 'NULL', 'NULL', 'NULL', 0, 0),
(3626, 20, 6, 'Um deles por hipertensão', 0, 'NULL', 'NULL', 'NULL', 'NULL', 'NULL', 0, 0),
(3627, 20, 7, '1', 0, 'NULL', 'NULL', 'NULL', 'NULL', 'NULL', 0, 0),
(3628, 20, 8, 'Não', 0, 'NULL', 'NULL', 'NULL', 'NULL', 'NULL', 0, 0),
(3629, 20, 9, '', 0, 'NULL', 'NULL', 'NULL', 'NULL', 'NULL', 0, 0),
(3630, 20, 115, 'Possui moradia, se alimenta bem e possui saneamento', 0, 'NULL', 'NULL', 'NULL', 'NULL', 'NULL', 0, 0),
(3631, 20, 116, 'NULL', 0, 'NULL', 'NULL', 'NULL', 'NULL', 'NULL', 0, 0),
(3632, 20, 117, '', 0, 'NULL', 'NULL', 'NULL', 'NULL', 'NULL', 0, 0),
(3633, 20, 118, '', 0, 'NULL', 'NULL', 'NULL', 'NULL', 'NULL', 0, 0),
(3634, 20, 119, '', 0, 'NULL', 'NULL', 'NULL', 'NULL', 'NULL', 0, 0),
(3635, 20, 120, 'NULL', 0, 'NULL', 'NULL', 'NULL', 'NULL', 'NULL', 0, 0),
(3636, 20, 121, '', 0, 'NULL', 'NULL', 'NULL', 'NULL', 'NULL', 0, 0),
(3637, 20, 122, '', 0, 'NULL', 'NULL', 'NULL', 'NULL', 'NULL', 0, 0),
(3638, 20, 123, '', 0, 'NULL', 'NULL', 'NULL', 'NULL', 'NULL', 0, 0),
(3639, 20, 124, '', 0, 'NULL', 'NULL', 'NULL', 'NULL', 'NULL', 0, 0),
(3640, 20, 125, 'NULL', 0, 'NULL', 'NULL', 'NULL', 'NULL', 'NULL', 0, 0),
(3641, 20, 126, '', 0, 'NULL', 'NULL', 'NULL', 'NULL', 'NULL', 0, 0),
(3642, 20, 127, '', 0, 'NULL', 'NULL', 'NULL', 'NULL', 'NULL', 0, 0),
(3643, 20, 128, '', 0, 'NULL', 'NULL', 'NULL', 'NULL', 'NULL', 0, 0),
(3644, 20, 129, '', 0, 'NULL', 'NULL', 'NULL', 'NULL', 'NULL', 0, 0),
(3645, 20, 130, '', 0, 'NULL', 'NULL', 'NULL', 'NULL', 'NULL', 0, 0),
(3646, 20, 131, 'NULL', 1, 'NULL', 'NULL', 'Frequenta a missa todos os domingos', 'NULL', 'NULL', 5, 0),
(3647, 20, 132, 'NULL', 1, 'NULL', 'NULL', 'NULL', 'Projeto Envelheser, projeto Cras', 'NULL', 0, 0),
(3648, 20, 133, 'NULL', 1, 'NULL', 'NULL', 'NULL', 'Conversa muito com a família', 'NULL', 0, 0),
(3649, 20, 134, 'Neto e nora', 0, 'NULL', 'NULL', 'NULL', 'NULL', 'NULL', 0, 0),
(3650, 20, 135, 'NULL', 0, 'NULL', 'NULL', 'NULL', 'Participa de cora na escola que frequenta', 'NULL', 0, 0),
(3651, 20, 136, 'NULL', 0, 'NULL', 'NULL', 'NULL', '', 'NULL', 0, 0),
(3652, 20, 137, 'NULL', 0, 'NULL', 'NULL', 'NULL', '', 'NULL', 0, 0),
(3653, 20, 138, 'NULL', 1, 'NULL', 'NULL', 'NULL', 'Por ansiedade', 'NULL', 0, 0),
(3654, 20, 139, 'NULL', 1, 'Caminhada, fisioterapia', 'NULL', 'NULL', 'NULL', 'NULL', 0, 0),
(3655, 20, 140, '1 vez ao dia', 0, 'NULL', 'NULL', 'NULL', 'NULL', 'NULL', 0, 0),
(3656, 20, 141, 'normal', 0, 'NULL', 'NULL', 'NULL', 'NULL', 'NULL', 0, 0),
(3657, 20, 142, 'NULL', 1, 'NULL', 'NULL', 'NULL', 'NULL', 'NULL', 0, 0),
(3658, 20, 143, 'NULL', 0, 'NULL', 'NULL', 'NULL', 'NULL', 'NULL', 0, 0),
(3659, 20, 144, 'Normal', 0, 'NULL', 'NULL', 'NULL', 'NULL', 'NULL', 0, 0);
INSERT INTO `tb_resposta` (`Cod_Resposta_Prontuario`, `Num_Prontuario`, `Cod_Pergunta`, `Des_Resposta_Aberta`, `Ind_Resposta_SimNao`, `Des_Resposta_Qual`, `Des_Resposta_Quando`, `Des_Resposta_Outros`, `Des_Resposta_Cite`, `Des_Resposta_Observacao`, `Cod_Resposta_ComboBox`, `Cod_Resposta_Radio`) VALUES
(3660, 20, 145, 'NULL', 1, 'NULL', 'NULL', 'NULL', 'NULL', '', 0, 0),
(3661, 20, 146, 'NULL', 0, 'NULL', 'NULL', 'NULL', '', 'NULL', 0, 0),
(3662, 20, 147, '160/90mmgH', 0, 'NULL', 'NULL', 'NULL', 'NULL', 'NULL', 0, 0),
(3663, 20, 148, '35°', 0, 'NULL', 'NULL', 'NULL', 'NULL', 'NULL', 0, 0),
(3664, 20, 149, '65 bpm', 0, 'NULL', 'NULL', 'NULL', 'NULL', 'NULL', 0, 0),
(3665, 20, 150, '18 IRPM', 0, 'NULL', 'NULL', 'NULL', 'NULL', 'NULL', 0, 0),
(3666, 20, 151, 'NULL', 0, 'NULL', 'NULL', 'NULL', 'NULL', 'NULL', 0, 2),
(3667, 20, 152, '19,23', 0, 'NULL', 'NULL', 'NULL', 'NULL', 'NULL', 0, 0),
(3668, 20, 153, '47,900 Kg', 0, 'NULL', 'NULL', 'NULL', 'NULL', 'NULL', 0, 0),
(3669, 20, 154, '158 cm ', 0, 'NULL', 'NULL', 'NULL', 'NULL', 'NULL', 0, 0),
(3670, 20, 155, 'NULL', 0, 'NULL', 'NULL', 'NULL', 'NULL', '', 0, 0),
(3671, 20, 156, 'NULL', 0, 'NULL', 'NULL', 'NULL', 'NULL', '', 0, 0),
(3672, 20, 157, 'NULL', 0, 'NULL', 'NULL', 'NULL', 'NULL', '', 0, 0),
(3673, 20, 158, 'NULL', 0, 'NULL', 'NULL', 'NULL', 'NULL', '', 0, 0),
(3674, 20, 159, 'NULL', 0, 'NULL', 'NULL', 'NULL', 'NULL', '', 0, 0),
(3675, 20, 160, 'NULL', 0, 'NULL', 'NULL', 'NULL', 'NULL', '', 0, 0),
(3676, 20, 161, 'NULL', 0, 'NULL', 'NULL', 'NULL', 'NULL', '', 0, 0),
(3677, 20, 162, 'NULL', 0, 'NULL', 'NULL', 'NULL', 'NULL', '', 0, 0),
(3678, 20, 163, 'NULL', 0, 'NULL', 'NULL', 'NULL', 'NULL', '', 0, 0),
(3679, 20, 164, 'NULL', 0, 'NULL', 'NULL', 'NULL', 'NULL', '', 0, 0),
(3680, 20, 165, 'NULL', 0, 'NULL', 'NULL', 'NULL', 'NULL', '', 0, 0),
(3681, 20, 166, 'NULL', 0, 'NULL', 'NULL', 'NULL', 'NULL', '', 0, 0),
(3682, 20, 167, 'NULL', 0, 'NULL', 'NULL', '', 'NULL', 'NULL', 0, 3),
(3683, 20, 168, 'NULL', 0, 'NULL', 'NULL', 'NULL', 'NULL', 'NULL', 0, 0),
(3684, 20, 169, 'NULL', 0, 'NULL', 'NULL', 'NULL', 'NULL', 'NULL', 0, 11),
(3685, 20, 170, 'NULL', 0, 'NULL', 'NULL', 'NULL', 'NULL', 'NULL', 0, 13),
(3686, 20, 171, 'NULL', 0, 'NULL', 'NULL', 'NULL', 'NULL', 'NULL', 0, 15),
(3687, 20, 172, 'NULL', 1, 'NULL', 'NULL', 'NULL', 'NULL', 'NULL', 0, 0),
(3688, 20, 173, 'NULL', 0, 'NULL', 'NULL', 'NULL', 'NULL', 'NULL', 0, 20),
(3689, 20, 174, '', 0, 'NULL', 'NULL', 'NULL', 'NULL', 'NULL', 0, 0),
(3690, 20, 175, '', 0, 'NULL', 'NULL', 'NULL', 'NULL', 'NULL', 0, 0),
(3691, 20, 176, 'NULL', 0, 'NULL', 'NULL', 'NULL', 'NULL', '', 0, 0),
(3692, 20, 177, 'NULL', 0, 'NULL', 'NULL', 'NULL', 'NULL', '', 0, 0),
(3693, 20, 178, 'NULL', 0, 'NULL', 'NULL', 'NULL', 'NULL', '', 0, 0),
(3694, 20, 179, 'NULL', 0, 'NULL', 'NULL', 'NULL', 'NULL', '', 0, 0),
(3695, 20, 180, 'NULL', 0, 'NULL', 'NULL', 'NULL', 'NULL', '', 0, 0),
(3696, 20, 181, 'NULL', 0, 'NULL', 'NULL', 'NULL', 'NULL', '', 0, 0),
(3697, 20, 182, 'NULL', 0, 'NULL', 'NULL', 'NULL', 'NULL', '', 0, 0),
(3698, 20, 183, 'NULL', 0, 'NULL', 'NULL', 'NULL', 'NULL', '', 0, 0),
(3699, 20, 184, 'NULL', 0, 'NULL', 'NULL', 'NULL', 'NULL', '', 0, 0),
(3700, 20, 185, 'NULL', 0, 'NULL', 'NULL', 'NULL', 'NULL', 'Não avaliado', 0, 0),
(3701, 21, 107, 'Que o projeto ajude nas suas patologias', 0, 'NULL', 'NULL', 'NULL', 'NULL', 'NULL', 0, 0),
(3702, 21, 108, 'NULL', 0, 'NULL', 'NULL', 'NULL', 'NULL', 'Hipretensão, Diabetes', 0, 0),
(3703, 21, 109, 'Hipretensão, Diabetes', 0, 'NULL', 'NULL', 'NULL', 'NULL', 'NULL', 0, 0),
(3704, 21, 110, 'NULL', 0, 'NULL', 'NULL', '', 'NULL', 'NULL', 0, 0),
(3705, 21, 111, 'NULL', 0, 'NULL', 'NULL', 'NULL', 'NULL', '', 0, 0),
(3706, 21, 112, 'NULL', 0, '', '', 'NULL', 'NULL', 'NULL', 0, 0),
(3707, 21, 113, '31/03/2017 Para check out', 0, 'NULL', 'NULL', 'NULL', 'NULL', 'NULL', 0, 0),
(3708, 21, 114, 'NULL', 1, 'metiformina, AAS, Clorana', 'NULL', 'NULL', 'NULL', 'NULL', 0, 0),
(3709, 21, 10, 'NULL', 0, 'NULL', 'NULL', 'NULL', 'NULL', '', 0, 0),
(3710, 21, 11, 'NULL', 0, 'NULL', 'NULL', 'NULL', 'NULL', '', 0, 0),
(3711, 21, 12, 'NULL', 1, 'NULL', 'NULL', 'NULL', 'NULL', '1', 0, 0),
(3712, 21, 13, 'NULL', 0, 'NULL', 'NULL', 'NULL', 'NULL', '', 0, 0),
(3713, 21, 14, 'NULL', 0, 'NULL', 'NULL', 'NULL', 'NULL', '', 0, 0),
(3714, 21, 15, 'NULL', 0, 'NULL', 'NULL', 'NULL', 'NULL', '', 0, 0),
(3715, 21, 16, 'NULL', 0, 'NULL', 'NULL', 'NULL', 'NULL', '', 0, 0),
(3716, 21, 17, 'NULL', 0, 'NULL', 'NULL', 'NULL', 'NULL', '', 0, 0),
(3717, 21, 18, 'NULL', 0, 'NULL', 'NULL', 'NULL', 'NULL', '', 0, 0),
(3718, 21, 19, 'NULL', 0, 'NULL', 'NULL', 'NULL', 'NULL', '', 0, 0),
(3719, 21, 20, 'NULL', 0, 'NULL', 'NULL', 'NULL', 'NULL', '', 0, 0),
(3720, 21, 21, 'NULL', 0, 'NULL', 'NULL', 'NULL', 'NULL', '', 0, 0),
(3721, 21, 22, 'NULL', 0, 'NULL', 'NULL', 'NULL', 'NULL', '', 0, 0),
(3722, 21, 23, 'NULL', 0, 'NULL', 'NULL', 'NULL', 'NULL', '', 0, 0),
(3723, 21, 24, 'NULL', 0, 'NULL', 'NULL', 'NULL', 'NULL', '', 0, 0),
(3724, 21, 25, 'NULL', 0, 'NULL', 'NULL', 'NULL', 'NULL', '', 0, 0),
(3725, 21, 26, 'NULL', 0, 'NULL', 'NULL', 'NULL', 'NULL', '', 0, 0),
(3726, 21, 27, 'NULL', 0, 'NULL', 'NULL', 'NULL', 'NULL', '', 0, 0),
(3727, 21, 28, 'NULL', 0, 'NULL', 'NULL', 'NULL', 'NULL', '', 0, 0),
(3728, 21, 29, 'NULL', 0, 'NULL', 'NULL', 'NULL', 'NULL', '', 0, 0),
(3729, 21, 30, 'NULL', 0, 'NULL', 'NULL', 'NULL', 'NULL', '', 0, 0),
(3730, 21, 31, 'NULL', 0, 'NULL', 'NULL', 'NULL', 'NULL', '', 0, 0),
(3731, 21, 32, 'NULL', 1, 'NULL', 'NULL', 'NULL', 'NULL', 'Quando tinha 45 anos', 0, 0),
(3732, 21, 33, 'NULL', 0, 'NULL', 'NULL', 'NULL', 'NULL', '', 0, 0),
(3733, 21, 34, 'NULL', 0, 'NULL', 'NULL', 'NULL', 'NULL', '', 0, 0),
(3734, 21, 35, 'NULL', 0, 'NULL', 'NULL', 'NULL', 'NULL', '', 0, 0),
(3735, 21, 36, 'NULL', 0, 'NULL', 'NULL', 'NULL', 'NULL', '', 0, 0),
(3736, 21, 37, 'NULL', 0, 'NULL', 'NULL', 'NULL', 'NULL', '', 0, 0),
(3737, 21, 38, 'NULL', 0, 'NULL', 'NULL', 'NULL', 'NULL', '', 0, 0),
(3738, 21, 39, 'NULL', 0, 'NULL', 'NULL', 'NULL', 'NULL', '', 0, 0),
(3739, 21, 40, 'NULL', 0, 'NULL', 'NULL', 'NULL', 'NULL', '', 0, 0),
(3740, 21, 41, 'NULL', 0, 'NULL', 'NULL', 'NULL', 'NULL', '', 0, 0),
(3741, 21, 42, 'NULL', 0, 'NULL', 'NULL', 'NULL', 'NULL', '', 0, 0),
(3742, 21, 43, 'NULL', 0, 'NULL', 'NULL', 'NULL', 'NULL', '', 0, 0),
(3743, 21, 44, 'NULL', 0, 'NULL', 'NULL', 'NULL', 'NULL', '', 0, 0),
(3744, 21, 45, 'NULL', 0, 'NULL', 'NULL', 'NULL', 'NULL', '', 0, 0),
(3745, 21, 46, 'NULL', 0, 'NULL', 'NULL', 'NULL', 'NULL', '', 0, 0),
(3746, 21, 47, 'NULL', 0, 'NULL', 'NULL', 'NULL', 'NULL', '', 0, 0),
(3747, 21, 48, 'NULL', 0, 'NULL', 'NULL', 'NULL', 'NULL', '', 0, 0),
(3748, 21, 49, 'NULL', 0, 'NULL', 'NULL', 'NULL', 'NULL', '', 0, 0),
(3749, 21, 50, 'NULL', 1, 'NULL', 'NULL', 'NULL', 'NULL', 'Há cinco anos descobriu possuir diabetes', 0, 0),
(3750, 21, 51, 'NULL', 0, 'NULL', 'NULL', 'NULL', 'NULL', '', 0, 0),
(3751, 21, 52, 'NULL', 0, 'NULL', 'NULL', 'NULL', 'NULL', '', 0, 0),
(3752, 21, 53, 'NULL', 0, 'NULL', 'NULL', 'NULL', 'NULL', '', 0, 0),
(3753, 21, 54, 'NULL', 0, 'NULL', 'NULL', 'NULL', 'NULL', '', 0, 0),
(3754, 21, 55, 'NULL', 1, 'NULL', 'NULL', 'NULL', 'NULL', 'Quando fica muitas horas sem se alimentar', 0, 0),
(3755, 21, 56, 'NULL', 0, 'NULL', 'NULL', 'NULL', 'NULL', '', 0, 0),
(3756, 21, 57, 'NULL', 0, 'NULL', 'NULL', 'NULL', 'NULL', '', 0, 0),
(3757, 21, 58, 'NULL', 0, 'NULL', 'NULL', 'NULL', 'NULL', '', 0, 0),
(3758, 21, 59, 'NULL', 0, 'NULL', 'NULL', 'NULL', 'NULL', '', 0, 0),
(3759, 21, 60, 'NULL', 0, 'NULL', 'NULL', 'NULL', 'NULL', '', 0, 0),
(3760, 21, 61, 'NULL', 0, 'NULL', 'NULL', 'NULL', 'NULL', '', 0, 0),
(3761, 21, 62, 'NULL', 1, 'NULL', 'NULL', 'NULL', 'NULL', 'Causada por ansiedade', 0, 0),
(3762, 21, 63, 'NULL', 0, 'NULL', 'NULL', 'NULL', 'NULL', '', 0, 0),
(3763, 21, 64, 'NULL', 1, 'NULL', 'NULL', 'NULL', 'NULL', 'Causada por xistose, há mais de 50 anos', 0, 0),
(3764, 21, 65, 'NULL', 0, 'NULL', 'NULL', 'NULL', 'NULL', '', 0, 0),
(3765, 21, 66, 'NULL', 0, 'NULL', 'NULL', 'NULL', 'NULL', '', 0, 0),
(3766, 21, 67, 'NULL', 0, 'NULL', 'NULL', 'NULL', 'NULL', '', 0, 0),
(3767, 21, 68, 'NULL', 0, 'NULL', 'NULL', 'NULL', 'NULL', '', 0, 0),
(3768, 21, 69, 'NULL', 0, 'NULL', 'NULL', 'NULL', 'NULL', '', 0, 0),
(3769, 21, 70, 'NULL', 0, 'NULL', 'NULL', 'NULL', 'NULL', '', 0, 0),
(3770, 21, 71, 'NULL', 0, 'NULL', 'NULL', 'NULL', 'NULL', '', 0, 0),
(3771, 21, 72, 'NULL', 1, 'NULL', 'NULL', 'NULL', 'NULL', 'Antes da cirurgia, aos 45 anos, para retirada de útero ', 0, 0),
(3772, 21, 73, 'NULL', 0, 'NULL', 'NULL', 'NULL', 'NULL', '', 0, 0),
(3773, 21, 74, 'NULL', 1, 'NULL', 'NULL', 'NULL', 'NULL', 'Trata há mais de 6 anos', 0, 0),
(3774, 21, 75, 'NULL', 0, 'NULL', 'NULL', 'NULL', 'NULL', '', 0, 0),
(3775, 21, 76, 'NULL', 0, 'NULL', 'NULL', 'NULL', 'NULL', '', 0, 0),
(3776, 21, 77, 'NULL', 0, 'NULL', 'NULL', 'NULL', 'NULL', '', 0, 0),
(3777, 21, 78, 'NULL', 0, 'NULL', 'NULL', 'NULL', 'NULL', '', 0, 0),
(3778, 21, 79, 'NULL', 0, 'NULL', 'NULL', 'NULL', 'NULL', '', 0, 0),
(3779, 21, 80, 'NULL', 0, 'NULL', 'NULL', 'NULL', 'NULL', '', 0, 0),
(3780, 21, 81, 'NULL', 0, 'NULL', 'NULL', 'NULL', 'NULL', '', 0, 0),
(3781, 21, 82, 'NULL', 1, 'NULL', 'NULL', 'NULL', 'NULL', 'Causada depois da cirurgia para retirada de útero, aos 45 anos', 0, 0),
(3782, 21, 83, 'NULL', 0, 'NULL', 'NULL', 'NULL', 'NULL', '', 0, 0),
(3783, 21, 84, 'NULL', 0, 'NULL', 'NULL', 'NULL', 'NULL', '', 0, 0),
(3784, 21, 85, 'NULL', 0, 'NULL', 'NULL', 'NULL', 'NULL', '', 0, 0),
(3785, 21, 86, 'NULL', 0, 'NULL', 'NULL', 'NULL', 'NULL', '', 0, 0),
(3786, 21, 87, 'NULL', 0, 'NULL', 'NULL', 'NULL', 'NULL', '', 0, 0),
(3787, 21, 88, 'NULL', 0, 'NULL', 'NULL', 'NULL', 'NULL', '', 0, 0),
(3788, 21, 89, 'NULL', 0, 'NULL', 'NULL', 'NULL', 'NULL', '', 0, 0),
(3789, 21, 90, 'NULL', 0, 'NULL', 'NULL', 'NULL', 'NULL', '', 0, 0),
(3790, 21, 91, 'NULL', 0, 'NULL', 'NULL', 'NULL', 'NULL', '', 0, 0),
(3791, 21, 92, 'NULL', 0, 'NULL', 'NULL', 'NULL', 'NULL', '', 0, 0),
(3792, 21, 93, 'NULL', 0, 'NULL', 'NULL', 'NULL', 'NULL', '', 0, 0),
(3793, 21, 94, 'NULL', 0, 'NULL', 'NULL', 'NULL', 'NULL', '', 0, 0),
(3794, 21, 95, 'NULL', 0, 'NULL', 'NULL', 'NULL', 'NULL', '', 0, 0),
(3795, 21, 96, 'NULL', 0, 'NULL', 'NULL', 'NULL', 'NULL', '', 0, 0),
(3796, 21, 97, 'NULL', 0, 'NULL', 'NULL', 'NULL', 'NULL', '', 0, 0),
(3797, 21, 98, 'NULL', 0, 'NULL', 'NULL', 'NULL', 'NULL', '', 0, 0),
(3798, 21, 99, 'NULL', 0, 'NULL', 'NULL', 'NULL', 'NULL', '', 0, 0),
(3799, 21, 100, 'NULL', 0, 'NULL', 'NULL', 'NULL', 'NULL', '', 0, 0),
(3800, 21, 101, 'NULL', 0, 'NULL', 'NULL', 'NULL', 'NULL', '', 0, 0),
(3801, 21, 102, 'NULL', 0, 'NULL', '', 'NULL', 'NULL', 'NULL', 0, 0),
(3802, 21, 103, 'NULL', 0, 'NULL', '', 'NULL', 'NULL', 'NULL', 0, 0),
(3803, 21, 104, 'NULL', 0, 'NULL', 'NULL', 'NULL', 'NULL', '', 0, 0),
(3804, 21, 105, 'NULL', 0, 'NULL', 'NULL', 'NULL', 'NULL', '', 0, 0),
(3805, 21, 106, 'NULL', 0, 'NULL', 'NULL', 'NULL', 'NULL', '', 0, 0),
(3806, 21, 1, 'NULL', 1, 'Hipertensão e diabetes', 'NULL', 'NULL', 'NULL', 'NULL', 0, 0),
(3807, 21, 2, 'NULL', 0, 'NULL', 'NULL', 'NULL', 'NULL', 'NULL', 0, 0),
(3808, 21, 3, 'Infarto (mãe), alccolismo (pai)', 0, 'NULL', 'NULL', 'NULL', 'NULL', 'NULL', 0, 0),
(3809, 21, 4, '13', 0, 'NULL', 'NULL', 'NULL', 'NULL', 'NULL', 0, 0),
(3810, 21, 5, '10', 0, 'NULL', 'NULL', 'NULL', 'NULL', 'NULL', 0, 0),
(3811, 21, 6, 'Um deles por hipertensão', 0, 'NULL', 'NULL', 'NULL', 'NULL', 'NULL', 0, 0),
(3812, 21, 7, '1', 0, 'NULL', 'NULL', 'NULL', 'NULL', 'NULL', 0, 0),
(3813, 21, 8, 'Não', 0, 'NULL', 'NULL', 'NULL', 'NULL', 'NULL', 0, 0),
(3814, 21, 9, '', 0, 'NULL', 'NULL', 'NULL', 'NULL', 'NULL', 0, 0),
(3815, 21, 115, 'Possui moradia, se alimenta bem e possui saneamento', 0, 'NULL', 'NULL', 'NULL', 'NULL', 'NULL', 0, 0),
(3816, 21, 116, 'NULL', 0, 'NULL', 'NULL', 'NULL', 'NULL', 'NULL', 0, 0),
(3817, 21, 117, '', 0, 'NULL', 'NULL', 'NULL', 'NULL', 'NULL', 0, 0),
(3818, 21, 118, '', 0, 'NULL', 'NULL', 'NULL', 'NULL', 'NULL', 0, 0),
(3819, 21, 119, '', 0, 'NULL', 'NULL', 'NULL', 'NULL', 'NULL', 0, 0),
(3820, 21, 120, 'NULL', 0, 'NULL', 'NULL', 'NULL', 'NULL', 'NULL', 0, 0),
(3821, 21, 121, '', 0, 'NULL', 'NULL', 'NULL', 'NULL', 'NULL', 0, 0),
(3822, 21, 122, '', 0, 'NULL', 'NULL', 'NULL', 'NULL', 'NULL', 0, 0),
(3823, 21, 123, '', 0, 'NULL', 'NULL', 'NULL', 'NULL', 'NULL', 0, 0),
(3824, 21, 124, '', 0, 'NULL', 'NULL', 'NULL', 'NULL', 'NULL', 0, 0),
(3825, 21, 125, 'NULL', 0, 'NULL', 'NULL', 'NULL', 'NULL', 'NULL', 0, 0),
(3826, 21, 126, '', 0, 'NULL', 'NULL', 'NULL', 'NULL', 'NULL', 0, 0),
(3827, 21, 127, '', 0, 'NULL', 'NULL', 'NULL', 'NULL', 'NULL', 0, 0),
(3828, 21, 128, '', 0, 'NULL', 'NULL', 'NULL', 'NULL', 'NULL', 0, 0),
(3829, 21, 129, '', 0, 'NULL', 'NULL', 'NULL', 'NULL', 'NULL', 0, 0),
(3830, 21, 130, '', 0, 'NULL', 'NULL', 'NULL', 'NULL', 'NULL', 0, 0),
(3831, 21, 131, 'NULL', 1, 'NULL', 'NULL', 'Frequenta a missa todos os domingos', 'NULL', 'NULL', 5, 0),
(3832, 21, 132, 'NULL', 1, 'NULL', 'NULL', 'NULL', 'Projeto Envelheser, projeto Cras', 'NULL', 0, 0),
(3833, 21, 133, 'NULL', 1, 'NULL', 'NULL', 'NULL', 'Conversa muito com a família', 'NULL', 0, 0),
(3834, 21, 134, 'Neto e nora', 0, 'NULL', 'NULL', 'NULL', 'NULL', 'NULL', 0, 0),
(3835, 21, 135, 'NULL', 0, 'NULL', 'NULL', 'NULL', 'Participa de cora na escola que frequenta', 'NULL', 0, 0),
(3836, 21, 136, 'NULL', 0, 'NULL', 'NULL', 'NULL', '', 'NULL', 0, 0),
(3837, 21, 137, 'NULL', 0, 'NULL', 'NULL', 'NULL', '', 'NULL', 0, 0),
(3838, 21, 138, 'NULL', 1, 'NULL', 'NULL', 'NULL', 'Por ansiedade', 'NULL', 0, 0),
(3839, 21, 139, 'NULL', 1, 'Caminhada, fisioterapia', 'NULL', 'NULL', 'NULL', 'NULL', 0, 0),
(3840, 21, 140, '1 vez ao dia', 0, 'NULL', 'NULL', 'NULL', 'NULL', 'NULL', 0, 0),
(3841, 21, 141, 'normal', 0, 'NULL', 'NULL', 'NULL', 'NULL', 'NULL', 0, 0),
(3842, 21, 142, 'NULL', 1, 'NULL', 'NULL', 'NULL', 'NULL', 'NULL', 0, 0),
(3843, 21, 143, 'NULL', 0, 'NULL', 'NULL', 'NULL', 'NULL', 'NULL', 0, 0),
(3844, 21, 144, 'Normal', 0, 'NULL', 'NULL', 'NULL', 'NULL', 'NULL', 0, 0),
(3845, 21, 145, 'NULL', 1, 'NULL', 'NULL', 'NULL', 'NULL', '', 0, 0),
(3846, 21, 146, 'NULL', 0, 'NULL', 'NULL', 'NULL', '', 'NULL', 0, 0),
(3847, 21, 147, '160/90mmgH', 0, 'NULL', 'NULL', 'NULL', 'NULL', 'NULL', 0, 0),
(3848, 21, 148, '35°', 0, 'NULL', 'NULL', 'NULL', 'NULL', 'NULL', 0, 0),
(3849, 21, 149, '65 bpm', 0, 'NULL', 'NULL', 'NULL', 'NULL', 'NULL', 0, 0),
(3850, 21, 150, '18 IRPM', 0, 'NULL', 'NULL', 'NULL', 'NULL', 'NULL', 0, 0),
(3851, 21, 151, 'NULL', 0, 'NULL', 'NULL', 'NULL', 'NULL', 'NULL', 0, 2),
(3852, 21, 152, '19,23', 0, 'NULL', 'NULL', 'NULL', 'NULL', 'NULL', 0, 0),
(3853, 21, 153, '47,900 Kg', 0, 'NULL', 'NULL', 'NULL', 'NULL', 'NULL', 0, 0),
(3854, 21, 154, '158 cm ', 0, 'NULL', 'NULL', 'NULL', 'NULL', 'NULL', 0, 0),
(3855, 21, 155, 'NULL', 0, 'NULL', 'NULL', 'NULL', 'NULL', '', 0, 0),
(3856, 21, 156, 'NULL', 0, 'NULL', 'NULL', 'NULL', 'NULL', '', 0, 0),
(3857, 21, 157, 'NULL', 0, 'NULL', 'NULL', 'NULL', 'NULL', '', 0, 0),
(3858, 21, 158, 'NULL', 0, 'NULL', 'NULL', 'NULL', 'NULL', '', 0, 0),
(3859, 21, 159, 'NULL', 0, 'NULL', 'NULL', 'NULL', 'NULL', '', 0, 0),
(3860, 21, 160, 'NULL', 0, 'NULL', 'NULL', 'NULL', 'NULL', '', 0, 0),
(3861, 21, 161, 'NULL', 0, 'NULL', 'NULL', 'NULL', 'NULL', '', 0, 0),
(3862, 21, 162, 'NULL', 0, 'NULL', 'NULL', 'NULL', 'NULL', '', 0, 0),
(3863, 21, 163, 'NULL', 0, 'NULL', 'NULL', 'NULL', 'NULL', '', 0, 0),
(3864, 21, 164, 'NULL', 0, 'NULL', 'NULL', 'NULL', 'NULL', '', 0, 0),
(3865, 21, 165, 'NULL', 0, 'NULL', 'NULL', 'NULL', 'NULL', '', 0, 0),
(3866, 21, 166, 'NULL', 0, 'NULL', 'NULL', 'NULL', 'NULL', '', 0, 0),
(3867, 21, 167, 'NULL', 0, 'NULL', 'NULL', '', 'NULL', 'NULL', 0, 3),
(3868, 21, 168, 'NULL', 0, 'NULL', 'NULL', 'NULL', 'NULL', 'NULL', 0, 0),
(3869, 21, 169, 'NULL', 0, 'NULL', 'NULL', 'NULL', 'NULL', 'NULL', 0, 11),
(3870, 21, 170, 'NULL', 0, 'NULL', 'NULL', 'NULL', 'NULL', 'NULL', 0, 13),
(3871, 21, 171, 'NULL', 0, 'NULL', 'NULL', 'NULL', 'NULL', 'NULL', 0, 15),
(3872, 21, 172, 'NULL', 1, 'NULL', 'NULL', 'NULL', 'NULL', 'NULL', 0, 0),
(3873, 21, 173, 'NULL', 0, 'NULL', 'NULL', 'NULL', 'NULL', 'NULL', 0, 20),
(3874, 21, 174, '', 0, 'NULL', 'NULL', 'NULL', 'NULL', 'NULL', 0, 0),
(3875, 21, 175, '', 0, 'NULL', 'NULL', 'NULL', 'NULL', 'NULL', 0, 0),
(3876, 21, 176, 'NULL', 0, 'NULL', 'NULL', 'NULL', 'NULL', '', 0, 0),
(3877, 21, 177, 'NULL', 0, 'NULL', 'NULL', 'NULL', 'NULL', '', 0, 0),
(3878, 21, 178, 'NULL', 0, 'NULL', 'NULL', 'NULL', 'NULL', '', 0, 0),
(3879, 21, 179, 'NULL', 0, 'NULL', 'NULL', 'NULL', 'NULL', '', 0, 0),
(3880, 21, 180, 'NULL', 0, 'NULL', 'NULL', 'NULL', 'NULL', '', 0, 0),
(3881, 21, 181, 'NULL', 0, 'NULL', 'NULL', 'NULL', 'NULL', '', 0, 0),
(3882, 21, 182, 'NULL', 0, 'NULL', 'NULL', 'NULL', 'NULL', '', 0, 0),
(3883, 21, 183, 'NULL', 0, 'NULL', 'NULL', 'NULL', 'NULL', '', 0, 0),
(3884, 21, 184, 'NULL', 0, 'NULL', 'NULL', 'NULL', 'NULL', '', 0, 0),
(3885, 21, 185, 'NULL', 0, 'NULL', 'NULL', 'NULL', 'NULL', 'Não avaliado', 0, 0);

-- --------------------------------------------------------

--
-- Table structure for table `tb_resposta_checkbox`
--

CREATE TABLE IF NOT EXISTS `tb_resposta_checkbox` (
  `Cod_Resposta_CheckBox` smallint(6) NOT NULL AUTO_INCREMENT,
  `Num_Prontuario` int(11) DEFAULT NULL,
  `Cod_Pergunta` smallint(6) DEFAULT NULL,
  `Cod_Item_Check` smallint(6) DEFAULT NULL,
  `Ind_CheckBox` tinyint(1) DEFAULT NULL,
  PRIMARY KEY (`Cod_Resposta_CheckBox`),
  KEY `FK_Pergunta_Resposta_CheckBox` (`Cod_Pergunta`),
  KEY `FK_Prontuario_Resposta_CheckBox` (`Num_Prontuario`),
  KEY `FK_CheckBox_Lista` (`Cod_Item_Check`)
) ENGINE=MyISAM  DEFAULT CHARSET=utf8 COLLATE=utf8_unicode_ci AUTO_INCREMENT=254 ;

--
-- Dumping data for table `tb_resposta_checkbox`
--

INSERT INTO `tb_resposta_checkbox` (`Cod_Resposta_CheckBox`, `Num_Prontuario`, `Cod_Pergunta`, `Cod_Item_Check`, `Ind_CheckBox`) VALUES
(1, 1, 111, 7, 1),
(2, 7, 110, 1, 1),
(3, 7, 110, 2, 1),
(4, 7, 110, 4, 1),
(5, 7, 110, 5, 1),
(6, 7, 111, 7, 1),
(7, 7, 111, 10, 1),
(8, 8, 110, 1, 1),
(9, 8, 110, 2, 1),
(10, 8, 110, 3, 1),
(11, 8, 110, 4, 1),
(12, 8, 110, 5, 1),
(13, 8, 111, 6, 1),
(14, 8, 111, 7, 1),
(15, 8, 111, 12, 1),
(16, 8, 111, 13, 1),
(17, 9, 110, 1, 1),
(18, 9, 110, 2, 1),
(19, 9, 110, 3, 1),
(20, 9, 110, 4, 1),
(21, 9, 111, 7, 1),
(22, 11, 110, 1, 1),
(23, 11, 110, 2, 1),
(24, 11, 110, 3, 1),
(25, 11, 111, 6, 1),
(26, 11, 111, 7, 1),
(27, 11, 185, 121, 1),
(28, 11, 185, 122, 1),
(29, 11, 185, 123, 1),
(30, 11, 185, 124, 1),
(31, 12, 110, 1, 1),
(32, 12, 110, 2, 1),
(33, 12, 110, 3, 1),
(34, 12, 111, 6, 1),
(35, 12, 111, 7, 1),
(36, 12, 185, 121, 1),
(37, 12, 185, 122, 1),
(38, 12, 185, 123, 1),
(39, 12, 185, 124, 1),
(40, 13, 110, 1, 1),
(41, 13, 110, 2, 1),
(42, 13, 110, 3, 1),
(43, 13, 111, 6, 1),
(44, 13, 111, 7, 1),
(45, 13, 185, 121, 1),
(46, 13, 185, 122, 1),
(47, 13, 185, 123, 1),
(48, 13, 185, 124, 1),
(49, 14, 110, 1, 1),
(50, 14, 110, 2, 1),
(51, 14, 110, 3, 1),
(52, 14, 111, 6, 1),
(53, 14, 111, 7, 1),
(54, 14, 185, 121, 1),
(55, 14, 185, 122, 1),
(56, 14, 185, 123, 1),
(57, 14, 185, 124, 1),
(58, 15, 110, 1, 1),
(59, 15, 110, 2, 1),
(60, 15, 110, 3, 1),
(61, 15, 111, 6, 1),
(62, 15, 111, 7, 1),
(63, 15, 185, 121, 1),
(64, 15, 185, 122, 1),
(65, 15, 185, 123, 1),
(66, 15, 185, 124, 1),
(67, 16, 132, 15, 1),
(68, 16, 132, 18, 1),
(69, 16, 135, 20, 1),
(70, 16, 135, 21, 1),
(71, 16, 135, 22, 1),
(72, 16, 135, 23, 1),
(73, 16, 135, 24, 1),
(74, 16, 135, 25, 1),
(75, 16, 135, 27, 1),
(76, 16, 138, 28, 1),
(77, 16, 138, 32, 1),
(78, 16, 155, 36, 1),
(79, 16, 156, 40, 1),
(80, 16, 157, 44, 1),
(81, 16, 158, 48, 1),
(82, 16, 159, 52, 1),
(83, 16, 160, 56, 1),
(84, 16, 161, 60, 1),
(85, 16, 162, 64, 1),
(86, 16, 163, 68, 1),
(87, 16, 164, 72, 1),
(88, 16, 165, 76, 1),
(89, 16, 166, 77, 1),
(90, 16, 176, 81, 1),
(91, 16, 176, 83, 1),
(92, 16, 177, 86, 1),
(93, 16, 178, 92, 1),
(94, 16, 178, 94, 1),
(95, 16, 178, 95, 1),
(96, 16, 180, 101, 1),
(97, 16, 180, 104, 1),
(98, 16, 181, 105, 1),
(99, 16, 182, 107, 1),
(100, 16, 183, 112, 1),
(101, 16, 184, 117, 1),
(102, 17, 132, 15, 1),
(103, 17, 132, 18, 1),
(104, 17, 132, 19, 1),
(105, 17, 135, 20, 1),
(106, 17, 135, 21, 1),
(107, 17, 135, 23, 1),
(108, 17, 135, 24, 1),
(109, 17, 135, 25, 1),
(110, 17, 155, 36, 1),
(111, 17, 156, 40, 1),
(112, 17, 157, 44, 1),
(113, 17, 158, 48, 1),
(114, 17, 159, 52, 1),
(115, 17, 160, 56, 1),
(116, 17, 161, 60, 1),
(117, 17, 162, 64, 1),
(118, 17, 163, 65, 1),
(119, 17, 163, 66, 1),
(120, 17, 164, 72, 1),
(121, 17, 165, 76, 1),
(122, 17, 166, 77, 1),
(123, 17, 176, 81, 1),
(124, 17, 176, 83, 1),
(125, 17, 177, 86, 1),
(126, 17, 178, 92, 1),
(127, 17, 178, 94, 1),
(128, 17, 179, 99, 1),
(129, 17, 180, 101, 1),
(130, 17, 180, 103, 1),
(131, 17, 181, 105, 1),
(132, 17, 182, 108, 1),
(133, 17, 183, 112, 1),
(134, 17, 184, 117, 1),
(135, 17, 184, 120, 1),
(136, 18, 132, 15, 1),
(137, 18, 132, 18, 1),
(138, 18, 132, 19, 1),
(139, 18, 135, 20, 1),
(140, 18, 135, 21, 1),
(141, 18, 135, 23, 1),
(142, 18, 135, 24, 1),
(143, 18, 135, 25, 1),
(144, 18, 155, 36, 1),
(145, 18, 156, 40, 1),
(146, 18, 157, 44, 1),
(147, 18, 158, 48, 1),
(148, 18, 159, 52, 1),
(149, 18, 160, 56, 1),
(150, 18, 161, 60, 1),
(151, 18, 162, 64, 1),
(152, 18, 163, 65, 1),
(153, 18, 163, 66, 1),
(154, 18, 164, 72, 1),
(155, 18, 165, 76, 1),
(156, 18, 166, 77, 1),
(157, 18, 176, 81, 1),
(158, 18, 176, 83, 1),
(159, 18, 177, 86, 1),
(160, 18, 178, 92, 1),
(161, 18, 178, 94, 1),
(162, 18, 179, 99, 1),
(163, 18, 180, 101, 1),
(164, 18, 180, 103, 1),
(165, 18, 181, 105, 1),
(166, 18, 182, 108, 1),
(167, 18, 183, 112, 1),
(168, 18, 184, 117, 1),
(169, 18, 184, 120, 1),
(170, 19, 132, 15, 1),
(171, 19, 132, 18, 1),
(172, 19, 132, 19, 1),
(173, 19, 135, 20, 1),
(174, 19, 135, 21, 1),
(175, 19, 135, 23, 1),
(176, 19, 135, 24, 1),
(177, 19, 135, 25, 1),
(178, 19, 155, 36, 1),
(179, 19, 156, 40, 1),
(180, 19, 157, 44, 1),
(181, 19, 158, 48, 1),
(182, 19, 159, 52, 1),
(183, 19, 160, 56, 1),
(184, 19, 161, 60, 1),
(185, 19, 162, 64, 1),
(186, 19, 163, 65, 1),
(187, 19, 163, 66, 1),
(188, 19, 164, 72, 1),
(189, 19, 165, 76, 1),
(190, 19, 166, 77, 1),
(191, 19, 176, 81, 1),
(192, 19, 176, 83, 1),
(193, 19, 177, 86, 1),
(194, 19, 178, 92, 1),
(195, 19, 178, 94, 1),
(196, 19, 179, 99, 1),
(197, 19, 180, 101, 1),
(198, 19, 180, 103, 1),
(199, 19, 181, 105, 1),
(200, 19, 182, 108, 1),
(201, 19, 183, 112, 1),
(202, 19, 184, 117, 1),
(203, 19, 184, 120, 1),
(204, 20, 132, 15, 1),
(205, 20, 135, 20, 1),
(206, 20, 135, 27, 1),
(207, 20, 138, 28, 1),
(208, 20, 155, 36, 1),
(209, 20, 156, 40, 1),
(210, 20, 157, 44, 1),
(211, 20, 158, 48, 1),
(212, 20, 159, 52, 1),
(213, 20, 160, 56, 1),
(214, 20, 161, 60, 1),
(215, 20, 162, 64, 1),
(216, 20, 163, 68, 1),
(217, 20, 164, 72, 1),
(218, 20, 165, 76, 1),
(219, 20, 166, 77, 1),
(220, 20, 176, 81, 1),
(221, 20, 177, 86, 1),
(222, 20, 178, 92, 1),
(223, 20, 179, 99, 1),
(224, 20, 180, 100, 1),
(225, 20, 181, 105, 1),
(226, 20, 182, 107, 1),
(227, 20, 183, 112, 1),
(228, 20, 184, 117, 1),
(229, 21, 132, 15, 1),
(230, 21, 135, 20, 1),
(231, 21, 135, 27, 1),
(232, 21, 138, 28, 1),
(233, 21, 155, 36, 1),
(234, 21, 156, 40, 1),
(235, 21, 157, 44, 1),
(236, 21, 158, 48, 1),
(237, 21, 159, 52, 1),
(238, 21, 160, 56, 1),
(239, 21, 161, 60, 1),
(240, 21, 162, 64, 1),
(241, 21, 163, 68, 1),
(242, 21, 164, 72, 1),
(243, 21, 165, 76, 1),
(244, 21, 166, 77, 1),
(245, 21, 176, 81, 1),
(246, 21, 177, 86, 1),
(247, 21, 178, 92, 1),
(248, 21, 179, 99, 1),
(249, 21, 180, 100, 1),
(250, 21, 181, 105, 1),
(251, 21, 182, 107, 1),
(252, 21, 183, 112, 1),
(253, 21, 184, 117, 1);

-- --------------------------------------------------------

--
-- Table structure for table `tb_resposta_multi_combo`
--

CREATE TABLE IF NOT EXISTS `tb_resposta_multi_combo` (
  `Cod_Resposta_Multi_Combo` smallint(6) NOT NULL AUTO_INCREMENT,
  `Num_Prontuario` int(11) DEFAULT NULL,
  `Cod_Pergunta` smallint(6) DEFAULT NULL,
  `Cod_Item_Multi_Combo` int(11) DEFAULT NULL,
  PRIMARY KEY (`Cod_Resposta_Multi_Combo`),
  KEY `FK_FK_Pergunta_Resposta_Multi_Combo` (`Cod_Pergunta`),
  KEY `FK_FK_Prontuario_Resposta_Multi_Combo` (`Num_Prontuario`),
  KEY `FK_FK_Resposta_Multi_Combo_Lista` (`Cod_Item_Multi_Combo`)
) ENGINE=MyISAM  DEFAULT CHARSET=utf8 COLLATE=utf8_unicode_ci AUTO_INCREMENT=27 ;

--
-- Dumping data for table `tb_resposta_multi_combo`
--

INSERT INTO `tb_resposta_multi_combo` (`Cod_Resposta_Multi_Combo`, `Num_Prontuario`, `Cod_Pergunta`, `Cod_Item_Multi_Combo`) VALUES
(1, 1, 108, 2),
(2, 3, 108, 2),
(3, 4, 108, 5),
(4, 5, 108, 3),
(5, 6, 108, 2),
(6, 6, 108, 3),
(7, 7, 108, 2),
(8, 7, 108, 3),
(9, 8, 108, 2),
(10, 8, 108, 3),
(11, 8, 108, 5),
(12, 9, 108, 2),
(13, 9, 108, 3),
(14, 9, 108, 5),
(15, 11, 108, 2),
(16, 12, 108, 2),
(17, 13, 108, 1),
(18, 13, 108, 2),
(19, 14, 108, 1),
(20, 14, 108, 2),
(21, 15, 108, 1),
(22, 15, 108, 2),
(23, 16, 108, 7),
(24, 17, 108, 36),
(25, 18, 108, 36),
(26, 19, 108, 36);

-- --------------------------------------------------------

--
-- Table structure for table `tb_telefone`
--

CREATE TABLE IF NOT EXISTS `tb_telefone` (
  `Cod_Telefone_Cliente` int(11) NOT NULL AUTO_INCREMENT,
  `Num_Telefone` varchar(20) COLLATE utf8_unicode_ci NOT NULL,
  `Cod_Cliente` int(11) DEFAULT NULL,
  `Cod_Tipo_Telefone` int(11) DEFAULT NULL,
  PRIMARY KEY (`Cod_Telefone_Cliente`),
  KEY `FK_Telefone_Cliente` (`Cod_Cliente`),
  KEY `FK_Tipo_Telefone` (`Cod_Tipo_Telefone`)
) ENGINE=MyISAM  DEFAULT CHARSET=utf8 COLLATE=utf8_unicode_ci AUTO_INCREMENT=12 ;

--
-- Dumping data for table `tb_telefone`
--

INSERT INTO `tb_telefone` (`Cod_Telefone_Cliente`, `Num_Telefone`, `Cod_Cliente`, `Cod_Tipo_Telefone`) VALUES
(2, '55555', 0, 1),
(3, '31977330101', 0, 1),
(4, '33751562', 0, 1),
(5, '21213544', 0, 1),
(6, '-5467', 0, 1),
(7, '-8855505', 0, 1),
(8, '-803', 0, 1),
(9, '-803', 0, 1),
(10, '33', 0, 1),
(11, '12654', 0, 1);

-- --------------------------------------------------------

--
-- Table structure for table `tb_tipo_pergunta`
--

CREATE TABLE IF NOT EXISTS `tb_tipo_pergunta` (
  `Cod_Tipo_Pergunta` tinyint(4) NOT NULL AUTO_INCREMENT,
  `Ind_Pergunta_Aberta` tinyint(1) DEFAULT NULL,
  `Ind_Pergunta_SimNao` tinyint(1) DEFAULT NULL,
  `Ind_Pergunta_Qual` tinyint(1) DEFAULT NULL,
  `Ind_Pergunta_Quando` tinyint(1) DEFAULT NULL,
  `Ind_Pergunta_Outros` tinyint(1) DEFAULT NULL,
  `Ind_Pergunta_Cite` tinyint(1) DEFAULT NULL,
  `Ind_Pergunta_Observacao` tinyint(1) DEFAULT NULL,
  `Ind_Pergunta_ComboBox` tinyint(1) DEFAULT NULL,
  `Ind_Pergunta_Radio` tinyint(1) DEFAULT NULL,
  `Ind_Pergunta_CheckBox` tinyint(1) DEFAULT NULL,
  `Ind_Pergunta_Multi_Combo` tinyint(1) DEFAULT NULL,
  `Des_Tipo_Perguntas` varchar(100) COLLATE utf8_unicode_ci DEFAULT NULL,
  PRIMARY KEY (`Cod_Tipo_Pergunta`)
) ENGINE=MyISAM  DEFAULT CHARSET=utf8 COLLATE=utf8_unicode_ci AUTO_INCREMENT=28 ;

--
-- Dumping data for table `tb_tipo_pergunta`
--

INSERT INTO `tb_tipo_pergunta` (`Cod_Tipo_Pergunta`, `Ind_Pergunta_Aberta`, `Ind_Pergunta_SimNao`, `Ind_Pergunta_Qual`, `Ind_Pergunta_Quando`, `Ind_Pergunta_Outros`, `Ind_Pergunta_Cite`, `Ind_Pergunta_Observacao`, `Ind_Pergunta_ComboBox`, `Ind_Pergunta_Radio`, `Ind_Pergunta_CheckBox`, `Ind_Pergunta_Multi_Combo`, `Des_Tipo_Perguntas`) VALUES
(1, 0, 1, 0, 0, 0, 0, 0, 0, 0, 0, 0, 'SimNão'),
(2, 0, 0, 1, 0, 0, 0, 0, 0, 0, 0, 0, 'Qual'),
(3, 1, 0, 0, 0, 0, 0, 0, 0, 0, 0, 0, 'Aberta'),
(4, 0, 0, 0, 1, 0, 0, 0, 0, 0, 0, 0, 'Quando'),
(5, 1, 1, 1, 0, 0, 0, 0, 0, 0, 0, 0, 'Aberta - SimNao - Qual'),
(6, 0, 1, 1, 1, 0, 0, 0, 0, 0, 0, 0, 'SimNao - Qual - Quando'),
(7, 0, 1, 1, 0, 0, 0, 0, 0, 0, 0, 0, 'SimNao - Qual'),
(8, 0, 1, 0, 1, 0, 0, 0, 0, 0, 0, 0, 'SimNao - Quando'),
(9, 0, 1, 0, 0, 0, 0, 1, 0, 0, 0, 0, 'SimNao - Observação'),
(10, 0, 0, 0, 0, 0, 0, 1, 0, 0, 1, 0, 'CheckBox - Observação'),
(11, 0, 0, 0, 0, 0, 0, 1, 0, 0, 0, 1, 'MultiCombo - Observação'),
(12, 0, 0, 0, 0, 0, 0, 0, 0, 0, 0, 1, 'MultiCombo'),
(13, 0, 0, 0, 0, 1, 0, 0, 0, 0, 0, 0, 'Outros'),
(14, 1, 1, 0, 0, 0, 0, 0, 0, 0, 0, 0, 'SimNao - Aberta'),
(15, 0, 1, 0, 0, 1, 0, 0, 1, 0, 0, 0, 'SimNão - ComboBox - Outros'),
(16, 0, 1, 0, 0, 0, 1, 0, 1, 0, 0, 0, 'SimNão - ComboBox - Cite'),
(17, 0, 1, 0, 0, 0, 1, 0, 0, 0, 0, 0, 'SimNão - Cite'),
(18, 0, 0, 0, 0, 0, 0, 0, 0, 1, 0, 0, 'Radio'),
(19, 0, 0, 0, 0, 0, 1, 0, 0, 1, 0, 0, 'Radio - Cite'),
(20, 0, 1, 0, 0, 0, 1, 0, 0, 1, 0, 0, 'SimNão - Radio - Cite'),
(21, 1, 0, 0, 0, 0, 0, 1, 0, 0, 1, 0, 'CheckBox - Aberta - Observação'),
(22, 0, 1, 0, 0, 0, 1, 0, 0, 0, 1, 0, 'SimNão - CheckBox - Cite'),
(23, 0, 0, 0, 0, 0, 1, 0, 0, 0, 1, 0, 'CheckBox - Cite'),
(24, 0, 1, 1, 0, 0, 0, 0, 0, 0, 1, 0, 'SimNão - CheckBox - Qual'),
(25, 0, 0, 0, 0, 1, 0, 0, 0, 1, 0, 0, 'Radio - Outros'),
(26, 0, 0, 0, 0, 0, 0, 1, 0, 0, 0, 0, 'Observação'),
(27, 0, 1, 0, 0, 1, 0, 0, 0, 0, 1, 0, 'SimNão - CheckBox - Outros');

-- --------------------------------------------------------

--
-- Table structure for table `tb_tipo_telefone`
--

CREATE TABLE IF NOT EXISTS `tb_tipo_telefone` (
  `Cod_Tipo_Telefone` int(11) NOT NULL AUTO_INCREMENT,
  `Des_Tipo_Telefone` varchar(20) COLLATE utf8_unicode_ci DEFAULT NULL,
  PRIMARY KEY (`Cod_Tipo_Telefone`)
) ENGINE=MyISAM  DEFAULT CHARSET=utf8 COLLATE=utf8_unicode_ci AUTO_INCREMENT=4 ;

--
-- Dumping data for table `tb_tipo_telefone`
--

INSERT INTO `tb_tipo_telefone` (`Cod_Tipo_Telefone`, `Des_Tipo_Telefone`) VALUES
(1, 'Residencial'),
(2, 'Comercial'),
(3, 'Celular');

/*!40101 SET CHARACTER_SET_CLIENT=@OLD_CHARACTER_SET_CLIENT */;
/*!40101 SET CHARACTER_SET_RESULTS=@OLD_CHARACTER_SET_RESULTS */;
/*!40101 SET COLLATION_CONNECTION=@OLD_COLLATION_CONNECTION */;
